ALGARIN,Cuauhtemoc
AMP. ASTURIAS,Cuauhtemoc
ASTURIAS,Cuauhtemoc
ATLAMPA,Cuauhtemoc
BUENAVISTA,Cuauhtemoc
CENTRO - CENTRO HISTORICO,Cuauhtemoc
CENTRO,Cuauhtemoc
CENTRO - ZONA NORTE,Cuauhtemoc
CENTRO - ZONA ORIENTE,Cuauhtemoc
CENTRO - ZONA PONIENTE,Cuauhtemoc
CENTRO - ZONA SUR,Cuauhtemoc
CONDESA,Cuauhtemoc
CUAUHTEMOC,Cuauhtemoc
DOCTORES,Cuauhtemoc
GUERRERO,Cuauhtemoc
HIPODROMO,Cuauhtemoc
HIPODROMO CONDESA,Cuauhtemoc
JUAREZ,Cuauhtemoc
JUAREZ - ZONA CENTRO,Cuauhtemoc
JUAREZ - ZONA PONIENTE,Cuauhtemoc
JUAREZ - ZONA ROSA,Cuauhtemoc
NONOALCO TLATELOLCO,Cuauhtemoc
NONOALCO TLATELOLCO - ZONA ORIENTE,Cuauhtemoc
NONOALCO TLATELOLCO - ZONA PONIENTE,Cuauhtemoc
OBRERA,Cuauhtemoc
PAULINO NAVARRO,Cuauhtemoc
ROMA,Cuauhtemoc
ROMA MEXICO,Cuauhtemoc
ROMA NORTE,Cuauhtemoc
ROMA SUR,Cuauhtemoc
SAN MIGUEL CHAPULTEPEC,Cuauhtemoc
SAN RAFAEL,Cuauhtemoc
SAN SIMON TOLNAHUAC,Cuauhtemoc
SANTA MARIA INSURGENTES,Cuauhtemoc
SANTA MARIA LA RIBERA,Cuauhtemoc
TABACALERA,Cuauhtemoc
TRANSITO,Cuauhtemoc
VISTA ALEGRE,Cuauhtemoc
10 DE ABRIL,Miguel Hidalgo
16 DE SEPTIEMBRE,Miguel Hidalgo
5 DE MAYO,Miguel Hidalgo
AMERICA,Miguel Hidalgo
AMP. DANIEL GARZA,Miguel Hidalgo
AMP. GRANADA,Miguel Hidalgo
AMP. POPO,Miguel Hidalgo
AMP. TORRE BLANCA,Miguel Hidalgo
ANAHUAC,Miguel Hidalgo
ANAHUAC 1A SECC.,Miguel Hidalgo
ANAHUAC 2A SECC.,Miguel Hidalgo
ANZURES,Miguel Hidalgo
ARGENTINA ANTIGUA,Miguel Hidalgo
ARGENTINA PONIENTE,Miguel Hidalgo
BOSQUES DE CHAPULTEPEC,Miguel Hidalgo
BOSQUES DE LAS LOMAS,Miguel Hidalgo
CASCO DE SANTO TOMAS,Miguel Hidalgo
CHAPULTEPEC MORALES,Miguel Hidalgo
CHAPULTEPEC POLANCO,Miguel Hidalgo
CUAUHTEMOC PENSIL,Miguel Hidalgo
DANIEL GARZA,Miguel Hidalgo
DOS LAGOS,Miguel Hidalgo
ESCANDON,Miguel Hidalgo
ESCANDON 1A SECC.,Miguel Hidalgo
ESCANDON 2A SECC.,Miguel Hidalgo
FRANCISCO I. MADERO,Miguel Hidalgo
GRANADA,Miguel Hidalgo
HIPODROMO DE LAS AMERICAS,Miguel Hidalgo
HUICHAPAN,Miguel Hidalgo
IGNACIO MANUEL ALTAMIRANO,Miguel Hidalgo
IRRIGACION,Miguel Hidalgo
LAGO NORTE,Miguel Hidalgo
LAGO SUR,Miguel Hidalgo
LEGARIA,Miguel Hidalgo
LOMA HERMOSA,Miguel Hidalgo
LOMAS ALTAS,Miguel Hidalgo
LOMAS DE BARRILACO,Miguel Hidalgo
LOMAS DE CHAPULTEPEC,Miguel Hidalgo
LOMAS DE CHAPULTEPEC 1A SECC.,Miguel Hidalgo
LOMAS DE CHAPULTEPEC 2A SECC.,Miguel Hidalgo
LOMAS DE CHAPULTEPEC 3A SECC.,Miguel Hidalgo
LOMAS DE CHAPULTEPEC 4A SECC.,Miguel Hidalgo
LOMAS DE CHAPULTEPEC 5A SECC.,Miguel Hidalgo
LOMAS DE CHAPULTEPEC 6A SECC.,Miguel Hidalgo
LOMAS DE CHAPULTEPEC 7A SECC.,Miguel Hidalgo
LOMAS DE CHAPULTEPEC 8A SECC.,Miguel Hidalgo
LOMAS DE REFORMA,Miguel Hidalgo
LOMAS DE SAN ISIDRO,Miguel Hidalgo
LOMAS DE SOTELO,Miguel Hidalgo
LOMAS DE VIRREYES,Miguel Hidalgo
LOMAS VIRREYES,Miguel Hidalgo
LOS MANZANOS,Miguel Hidalgo
LOS MORALES POLANCO,Miguel Hidalgo
MARIANO ESCOBEDO,Miguel Hidalgo
MEXICO NUEVO,Miguel Hidalgo
MOLINO DEL REY,Miguel Hidalgo
MORALES POLANCO,Miguel Hidalgo
NEXTITLA,Miguel Hidalgo
NUEVA ANZURES,Miguel Hidalgo
OBSERVATORIO,Miguel Hidalgo
PERALITOS,Miguel Hidalgo
PERIODISTA,Miguel Hidalgo
POLANCO,Miguel Hidalgo
POLANCO 1A SECC.,Miguel Hidalgo
POLANCO 2A SECC.,Miguel Hidalgo
POLANCO 3A SECC.,Miguel Hidalgo
POLANCO 4A SECC.,Miguel Hidalgo
POLANCO 5A SECC.,Miguel Hidalgo
POLANCO CHAPULTEPEC,Miguel Hidalgo
POPO,Miguel Hidalgo
POPOTLA,Miguel Hidalgo
REAL DE LAS LOMAS,Miguel Hidalgo
REFORMA SOCIAL,Miguel Hidalgo
RESIDENCIA MILITAR,Miguel Hidalgo
SAN DIEGO OCOYOACAC,Miguel Hidalgo
SAN JOAQUIN,Miguel Hidalgo
SAN MIGUEL CHAPULTEPEC 1A SECC.,Miguel Hidalgo
SAN MIGUEL CHAPULTEPEC 2A SECC.,Miguel Hidalgo
SAN RAFAEL,Miguel Hidalgo
SANTO TOMAS,Miguel Hidalgo
TACUBA,Miguel Hidalgo
TACUBAYA,Miguel Hidalgo
TLAXPANA,Miguel Hidalgo
TORRE BLANCA,Miguel Hidalgo
UN HOGAR PARA NOSOTROS,Miguel Hidalgo
VENTURA PEREZ DE ALBA,Miguel Hidalgo
VERONICA ANZURES,Miguel Hidalgo
8 DE AGOSTO,Benito Juarez
ACACIAS,Benito Juarez
ACTIPAN,Benito Juarez
ACTIPAN DEL VALLE,Benito Juarez
ALAMOS,Benito Juarez
AMERICAS UNIDAS,Benito Juarez
AMP. NAPOLES,Benito Juarez
ATENOR SALAS,Benito Juarez
CIUDAD DE LOS DEPORTES,Benito Juarez
CREDITO CONSTRUCTOR,Benito Juarez
DEL LAGO,Benito Juarez
DEL VALLE CENTRO,Benito Juarez
DEL VALLE NORTE,Benito Juarez
DEL VALLE SUR,Benito Juarez
EXTREMADURA INSURGENTES,Benito Juarez
GENERAL PEDRO MARIA ANAYA,Benito Juarez
INDEPENDENCIA,Benito Juarez
INSURGENTES MIXCOAC,Benito Juarez
INSURGENTES SAN BORJA,Benito Juarez
JOSEFA ORTIZ DE DOMINGUEZ,Benito Juarez
LETRAN VALLE,Benito Juarez
MERCED GOMEZ,Benito Juarez
MIGUEL ALEMAN,Benito Juarez
MIXCOAC,Benito Juarez
NAPOLES,Benito Juarez
NARVARTE ORIENTE,Benito Juarez
NARVARTE PONIENTE,Benito Juarez
NIÑOS HEROES,Benito Juarez
NOCHE BUENA,Benito Juarez
PERIODISTA,Benito Juarez
PIEDAD NARVARTE,Benito Juarez
PORTALES NORTE,Benito Juarez
PORTALES SUR,Benito Juarez
POSTAL,Benito Juarez
RESIDENCIAL EMPERADORES,Benito Juarez
SAN JOSE INSURGENTES,Benito Juarez
SAN JUAN,Benito Juarez
SAN PEDRO DE LOS PINOS,Benito Juarez
SAN SIMON TICUMAC,Benito Juarez
SANTA CRUZ ATOYAC,Benito Juarez
SANTA MARIA NONOALCO,Benito Juarez
TLACOQUEMECATL,Benito Juarez
TLACOQUEMECATL DEL VALLE,Benito Juarez
VERTIZ NARVARTE,Benito Juarez
XOCO,Benito Juarez
8 DE AGOSTO,Alvaro Obregón
ALFONSO XIII,Alvaro Obregón
ALTAVISTA,Alvaro Obregón
ATLAMAYA,Alvaro Obregón
BARRIO LA OTRA BANDA,Alvaro Obregón
BARRIO LORETO,Alvaro Obregón
BARRIO SANTA MARIA NONOALCO,Alvaro Obregón
BELEM DE LAS FLORES,Alvaro Obregón
BELLAVISTA,Alvaro Obregón
CADEC SANTA FE,Alvaro Obregón
CAMPESTRE,Alvaro Obregón
CARLOS A. MADRAZO,Alvaro Obregón
CAROLA,Alvaro Obregón
CHIMALISTAC,Alvaro Obregón
COVE,Alvaro Obregón
CREDITO CONSTRUCTOR,Alvaro Obregón
DESARROLLO SANTA FE,Alvaro Obregón
ERMITA TIZAPAN,Alvaro Obregón
EXHACIENDA DE GUADALUPE CHIMALISTAC,Alvaro Obregón
FLOR DE MARIA,Alvaro Obregón
FLORIDA,Alvaro Obregón
GUADALUPE CHIMALISTAC,Alvaro Obregón
GUADALUPE INN,Alvaro Obregón
HACIENDA GUADALUPE CHIMALISTAC,Alvaro Obregón
HIDALGO,Alvaro Obregón
JARDINES DEL PEDREGAL,Alvaro Obregón
JOSE MARIA PINO SUAREZ,Alvaro Obregón
LA CASCADA,Alvaro Obregón
LAS AGUILAS,Alvaro Obregón
LAS AMERICAS,Alvaro Obregón
LOMAS DE PLATEROS,Alvaro Obregón
LOMAS DE SAN ANGEL INN,Alvaro Obregón
LOMAS DE SANTA FE,Alvaro Obregón
LOS ALPES,Alvaro Obregón
MOLINO DE ROSAS,Alvaro Obregón
OLIVAR DE LOS PADRES,Alvaro Obregón
PASEO DE LAS LOMAS,Alvaro Obregón
PEDREGAL DE SAN ANGEL,Alvaro Obregón
PEÑA BLANCA SANTA FE,Alvaro Obregón
PRIMERA VICTORIA,Alvaro Obregón
PROGRESO TIZAPAN,Alvaro Obregón
PUEBLO AXOTLA,Alvaro Obregón
PUEBLO TIZAPAN,Alvaro Obregón
PUEBLO TLACOPAC,Alvaro Obregón
RANCHO SAN FRANCISCO,Alvaro Obregón
SACRAMENTO,Alvaro Obregón
SAN ANGEL,Alvaro Obregón
SAN ANGEL INN,Alvaro Obregón
SAN GABRIEL,Alvaro Obregón
SAN PEDRO DE LOS PINOS,Alvaro Obregón
SANTA FE,Alvaro Obregón
SANTA FE CENTRO CIUDAD,Alvaro Obregón
SANTA FE PEÑA BLANCA,Alvaro Obregón
TIZAPAN SAN ANGEL,Alvaro Obregón
TOLTECA,Alvaro Obregón
VILLAS CUAJIMALPA,Alvaro Obregón
ZEDEC SANTA FE,Alvaro Obregón
AMPLIACION JARDINES DEL PEDREGAL,Coyoacán
ATLANTIDA,Coyoacán
AVANTE,Coyoacán
BARRIO DE NIÑO JESUS,Coyoacán
BARRIO OXTOPULCO UNIVERSIDAD,Coyoacán
BARRIO SAN LUCAS,Coyoacán
BARRIO SANTA CATARINA,Coyoacán
BOSQUES DE TETLAMAYA,Coyoacán
CAMPESTRE CHURUBUSCO,Coyoacán
CAMPESTRE COYOACAN,Coyoacán
CANTIL DE PEDREGAL,Coyoacán
CENTRO CULTURAL UNIVERSITARIO,Coyoacán
CHURUBUSCO COUNTRY CLUB,Coyoacán
CIUDAD JARDIN,Coyoacán
CIUDAD UNIVERSITARIA,Coyoacán
COPILCO EL ALTO,Coyoacán
COPILCO EL BAJO,Coyoacán
COPILCO UNIVERSIDAD,Coyoacán
COUNTRY CLUB,Coyoacán
CUADRANTE DE SAN FRANCISCO,Coyoacán
DEL CARMEN,Coyoacán
EDUCACION,Coyoacán
EJIDO VIEJO DE SANTA URSULA COAPA,Coyoacán
EL CARACOL,Coyoacán
EL CENTINELA,Coyoacán
EL PARQUE DE COYOACAN,Coyoacán
EL RELOJ,Coyoacán
EL ROSARIO,Coyoacán
EL ROSEDAL,Coyoacán
EMILIANO ZAPATA,Coyoacán
ESPARTACO,Coyoacán
EXEJIDO DE SAN FRANCISCO CULHUACAN,Coyoacán
EXEJIDO SANTA URSULA COAPA,Coyoacán
EXHACIENDA COAPA,Coyoacán
HERMOSILLO,Coyoacán
INSURGENTES CUICUILCO,Coyoacán
JARDINES DE COYOACAN,Coyoacán
JARDINES DEL PEDREGAL DE SAN ANGEL,Coyoacán
JOYAS DEL PEDREGAL,Coyoacán
LA OTRA BANDA,Coyoacán
LOS CIPRESES,Coyoacán
LOS GIRASOLES,Coyoacán
LOS OLIVOS,Coyoacán
LOS ROBLES,Coyoacán
NUEVA DIAZ ORDAZ,Coyoacán
OLIMPICA,Coyoacán
PARQUE SAN ANDRES,Coyoacán
PASEOS DE TAXQUEÑA,Coyoacán
PEDREGAL DE CARRASCO,Coyoacán
PEDREGAL DE SAN FRANCISCO,Coyoacán
PEDREGAL DE SANTA URSULA,Coyoacán
PEDREGAL DE SANTO DOMINGO,Coyoacán
PETROLERA TAXQUEÑA,Coyoacán
PRADO CHURUBUSCO,Coyoacán
PRADOS DE COYOACAN,Coyoacán
PRESIDENTES EJIDALES SECC. 1,Coyoacán
PRESIDENTES EJIDALES SECC. 2,Coyoacán
PUEBLO DE SAN PUEBLO TEPETLAPA,Coyoacán
PUEBLO DE SANTA URSULA COAPA,Coyoacán
ROMERO DE TERREROS,Coyoacán
SAN DIEGO CHURUBUSCO,Coyoacán
SAN FRANCISCO CULHUACAN BARRIO DE LA MAGDALENA,Coyoacán
SAN FRANCISCO CULHUACAN BARRIO DE SAN FRANCISCO,Coyoacán
SAN FRANCISCO CULHUACAN BARRIO DE SAN JUAN,Coyoacán
SAN FRANCISCO CULHUACAN BARRIO DE SANTA ANA,Coyoacán
SAN MATEO,Coyoacán
SAN PABLO TEPETLAPA,Coyoacán
SANTA URSULA COAPA,Coyoacán
VIEJO EJIDO DE SANTA URSULA COAPA,Coyoacán
VILLA COYOACAN,Coyoacán
VIVEROS DE COYOACAN,Coyoacán
XOTEPINGO,Coyoacán
LA NORIA,Xochimilco
JARDIN BALBUENA,Venustiano Carranza
PEÑON DE LOS BAÑOS,Venustiano Carranza
VERGEL COAPA,Venustiano Carranza
AMSA,Tlalpan
BOSQUES DEL PEDREGAL,Tlalpan
EL METRO,Tlalpan
EXHACIENDA COAPA,Tlalpan
FUENTES DEL PEDREGAL,Tlalpan
GRANJAS COAPA,Tlalpan
HEROES DE PADIERNA,Tlalpan
ISIDRO FABELA,Tlalpan
JARDINES EN LA MONTAÑA,Tlalpan
LA JOYA,Tlalpan
PRADO COAPA,Tlalpan
SANTA URSULA XITLA,Tlalpan
TEPEPAN,Tlalpan
TORIELLO GUERRA,Tlalpan
BELLAVISTA,Tlalnepantla De Baz
LOS PIRULES,Tlalnepantla De Baz
TLALNEPANTLA CENTRO,Tlalnepantla De Baz
VALLE DORADO,Tlalnepantla De Baz
BOSQUES DE ECHEGARAY,Naucalpan De Juarez
BOULEVARES,Naucalpan De Juarez
CIUDAD SATELITE,Naucalpan De Juarez
FLORIDA,Naucalpan De Juarez
LA CONCORDIA,Naucalpan De Juarez
LA FLORIDA,Naucalpan De Juarez
LA SOLEDAD,Naucalpan De Juarez
LOMAS DE TECAMACHALCO,Naucalpan De Juarez
SANTA CRUZ ACATLAN,Naucalpan De Juarez
FUENTES DEL PEDREGAL,La Magdalena Contreras
LA CONCEPCION,La Magdalena Contreras
LA MALINCHE,La Magdalena Contreras
SAN JERONIMO LIDICE,La Magdalena Contreras
SAN NICOLAS TOTOLAPAN,La Magdalena Contreras
ALFONSO ORTIZ TIRADO,Iztapalapa
NUEVA ROSITA,Iztapalapa
SECTOR POPULAR,Iztapalapa
GRANJAS MEXICO,Iztacalco
SANTIAGO NORTE,Iztacalco
BOSQUES DE LA HERRADURA,Huixquilucan
BOSQUES DE LAS PALMAS,Huixquilucan
CENTRO URBANO SAN FERNANDO,Huixquilucan
CENTRO URBANO SAN FERNANDO LA HERRADURA,Huixquilucan
EX HACIENDA JESUS DEL MONTE,Huixquilucan
HUIXQUILUCAN,Huixquilucan
LA HERRADURA,Huixquilucan
LOMAS ANAHUAC,Huixquilucan
SAN FERNANDO LA HERRADURA,Huixquilucan
VALLE DE LAS PALMAS,Huixquilucan
LINDAVISTA,Gustavo A. Madero
MAGDALENA DE LAS SALINAS,Gustavo A. Madero
NUEVA INDUSTRIAL VALLEJO,Gustavo A. Madero
TORRES LINDAVISTA,Gustavo A. Madero
ZACATENCO,Gustavo A. Madero
FRACCIONAMIENTO LAS AMERICAS,Ecatepec De Morelos
RINCONADA DE ARAGON,Ecatepec De Morelos
SERGIO MENDEZ ARCEO,Ecatepec De Morelos
CENTRO URBANO,Cuautitlan Izcalli
HACIENDA DEL PARQUE,Cuautitlan Izcalli
JARDINES DEL SUR,Cuautitlan Izcalli
ANTIGUA MINA LA TOTOLAPA,Cuajimalpa De Morelos
BOSQUES DE LA LOMAS SECC. XV,Cuajimalpa De Morelos
BOSQUES DE LAS LOMAS,Cuajimalpa De Morelos
CENTRO SANTA FE,Cuajimalpa De Morelos
CRUZ MANCA,Cuajimalpa De Morelos
CRUZ MANCA SANTA FE,Cuajimalpa De Morelos
LOMAS DE SANTA FE,Cuajimalpa De Morelos
LOMAS DE VISTAHERMOSA,Cuajimalpa De Morelos
PALO ALTO GRANGAS,Cuajimalpa De Morelos
SANTA FE,Cuajimalpa De Morelos
TLAXCALA SANTA FE,Cuajimalpa De Morelos
INTERIOR KL-01 RANCHO LA PALMA,Coacalco
ZACAOUTLA,Coacalco
AZCAPOTZALCO,Azcapotzalco
SAN PABLO XALPA,Azcapotzalco
LAS ARBOLEDAS,Atizapan De Zaragoza
LOMAS DE ATIZAPAN,Atizapan De Zaragoza
MARGARITA MAZA DE JUAREZ,Atizapan De Zaragoza
PLAZAS DEL CONDADO,Atizapan De Zaragoza
