<?xml version="1.0" encoding="UTF-8"?>
<sparkleshare>
  <preset>
    <info>
        <name>Bitbucket</name>
        <description>Free code hosting for Git and Mercurial</description>
        <icon>bitbucket.png</icon>
        <backend>Git</backend>
        <fingerprint>cf:35:d0:39:74:91:04:48:94:b6:e1:3c:02:29:09:60:ac:1b:1d:ac:6f:49:cd:28:8d:ec:fd:61:76:86:a7:50</fingerprint>
    </info>
    <address>
      <value>ssh://git@bitbucket.org/</value>
      <example/>
    </address>
    <path>
      <value/>
      <example>/username/project</example>
      <uses_lower_case>True</uses_lower_case>
    </path>
  </preset>
</sparkleshare>

