{
    "0x0156888F51d68F858AC88aBa45DF699e2af2E4Cc": {
        "issues": {
            "allowAnyone": true
        }
    },
    "0x14d9779B6585F3A7d4f768383B3cb030705dad2e": {
        "issues": {
            "allowAnyone": true
        }
    },
    "0xF270f361EDcA19f7063184b0e6b4F264468ECbC1": {
        "issues": {
            "allowAnyone": true
        }
    },
    "0xa0872eE815B8dd0F6937386Fd77134720d953581": {
        "decimals": 18,
        "exchanges": [],
        "info": "_",
        "issues": {
            "allowAnyone": true
        },
        "name": "EduCoinToken",
        "symbol": "EDU",
        "totalSupply": 15000000000
    }
}