{
    "0x06308B924dC8Fe805BD28d3170B7c8b9909E4EBa": {
        "issues": {
            "batchTransfer-overflow": true
        }
    },
    "0x090fC358FA1a992C083590c7dd33Ad5208A02e9d": {
        "issues": {
            "batchTransfer-overflow": true
        }
    },
    "0x0Ec4207AA379dFcd9239e987530b95a55178e5eB": {
        "issues": {
            "batchTransfer-overflow": true
        }
    },
    "0x113058C101b2D78e001D4a7D2174a66b5ff3A4A7": {
        "issues": {
            "batchTransfer-overflow": true
        }
    },
    "0x47427A4921bdF2b3ac75eCF53193A5265aF4a12F": {
        "issues": {
            "batchTransfer-overflow": true
        }
    },
    "0x5652ef57783eB0a9538d15BD94e52F932AAc5311": {
        "issues": {
            "batchTransfer-overflow": true
        }
    },
    "0x724cabeba74268E339f13b66cCE8FC97AA3eeA73": {
        "issues": {
            "batchTransfer-overflow": true
        }
    },
    "0x78420Eb790e77B4a6b459E58a6d3B16a59E0F6b2": {
        "issues": {
            "batchTransfer-overflow": true
        }
    },
    "0x7d517345f11C69a93a28Be80fceE0d6234273651": {
        "issues": {
            "batchTransfer-overflow": true
        }
    },
    "0x96c833E43488C986676e9F6B3b8781812629bbb5": {
        "decimals": 16,
        "exchanges": [],
        "info": "_",
        "issues": {
            "batchTransfer-overflow": true
        },
        "name": "AMMBR",
        "symbol": "AMR",
        "totalSupply": 2000000000
    },
    "0x9cDDB488D39821F06057DFB0f7885964Da3D801B": {
        "issues": {
            "batchTransfer-overflow": true
        }
    },
    "0xC5d105E63711398aF9bbff092d4B6769C82F793D": {
        "decimals": 18,
        "exchanges": [],
        "info": "_",
        "issues": {
            "batchTransfer-overflow": true
        },
        "name": "BeautyChain",
        "symbol": "BEC",
        "totalSupply": 7000000000
    },
    "0xc40ADca098945A87738f8F24aC38C9DD46730c45": {
        "issues": {
            "batchTransfer-overflow": true
        }
    }
}