{
    "0x57a002Aee1631eBFFDC671E0E6115Dd59e30590c": {
        "issues": {
            "centralAccount-transfer-anyone": true
        }
    },
    "0x66B5961883C0b1966f4a0d878c1F8841155e839C": {
        "issues": {
            "centralAccount-transfer-anyone": true
        }
    },
    "0xA4093CE2B1dD0a003fee8B7473A0cCb36EA25325": {
        "issues": {
            "centralAccount-transfer-anyone": true
        }
    },
    "0xD65960FAcb8E4a2dFcb2C2212cb2e44a02e2a57E": {
        "decimals": 6,
        "exchanges": [
            "Livecoin"
        ],
        "info": "_",
        "issues": {
            "centralAccount-transfer-anyone": true
        },
        "name": "Soarcoin",
        "rank": 189,
        "symbol": "Soar",
        "totalSupply": 5000000000
    },
    "0xc8fFD394421E09cB48b620dda56168171ca35Ab7": {
        "issues": {
            "centralAccount-transfer-anyone": true
        }
    },
    "0xd84b565cA3cfD495c80e310771107B95c6abF52a": {
        "issues": {
            "centralAccount-transfer-anyone": true
        }
    }
}