{
    "0x2Ef27BF41236bD859a95209e17a43Fbd26851f92": {
        "decimals": 4,
        "exchanges": [
            "Bancor Network",
            "Cfinex",
            "DDEX",
            "HitBTC",
            "Idex",
            "LATOKEN",
            "Livecoin"
        ],
        "info": "_",
        "issues": {
            "constructor-case-insensitive": true
        },
        "name": "MORPH",
        "rank": 267,
        "symbol": "MORPH",
        "totalSupply": 151065818
    },
    "0x6E58b4c41cAB75dc0239938BF5455aB8823EE4DE": {
        "issues": {
            "constructor-case-insensitive": true
        }
    },
    "0x9ab4FD2234D75CfA894C394b367e48055b531e56": {
        "issues": {
            "constructor-case-insensitive": true
        }
    },
    "0x9ad748Cc73FA6Bf6F48ec4AF64cfe1181f6127A6": {
        "issues": {
            "constructor-case-insensitive": true
        }
    }
}