{
    "0x00138bD67465733AE1BEDfD2105a6ffa83AF97D8": {
        "issues": {
            "custom-call-abuse": true
        }
    },
    "0x01F2AcF2914860331C1Cb1a9AcecDa7475e06Af8": {
        "issues": {
            "custom-call-abuse": true
        }
    },
    "0x01bbec6573ed7EcA0f307a10d2B4CEB669816B4a": {
        "issues": {
            "custom-call-abuse": true
        }
    },
    "0x0298d4D15bC4294386b05E5185D3833fC76924B3": {
        "issues": {
            "custom-call-abuse": true
        }
    },
    "0x02c41cdE8a11fcf333277f2Bc543eb2B0925809c": {
        "issues": {
            "custom-call-abuse": true
        }
    },
    "0x040a05E50007873f8D527B2e4E63C41Bf723665d": {
        "issues": {
            "custom-call-abuse": true
        }
    },
    "0x041B3eb05560Ba2670DEF3Cc5eeC2AeEF8e5D14b": {
        "issues": {
            "custom-call-abuse": true
        }
    },
    "0x047187e53477be70DBe8Ea5B799318f2e165052F": {
        "issues": {
            "custom-call-abuse": true
        }
    },
    "0x0763EA00a235DaDdFf3Ed5B0F03ff414577E0173": {
        "issues": {
            "custom-call-abuse": true
        }
    },
    "0x086D6C602E769599143637cA1F2D71d0E8db59Ce": {
        "issues": {
            "custom-call-abuse": true
        }
    },
    "0x0D324B2e732c35162b99BAFc63E35b16E6ec54cD": {
        "issues": {
            "custom-call-abuse": true
        }
    },
    "0x0D44b2757F1b6C742Ff8707F6eb298A7DA1981af": {
        "issues": {
            "custom-call-abuse": true
        }
    },
    "0x11D635bbba3f9B8f7C9b91cA9f315a2207cb5AD5": {
        "issues": {
            "custom-call-abuse": true
        }
    },
    "0x12E29d7d6fD63f0f12040Fcd1bf9021919b0E4fA": {
        "issues": {
            "custom-call-abuse": true
        }
    },
    "0x1400300399F6fC996a58846bC251E28282a97C2b": {
        "issues": {
            "custom-call-abuse": true
        }
    },
    "0x14dBDe02e1CAAc6C1B8B543577eBf0Af6A7a5c7f": {
        "issues": {
            "custom-call-abuse": true
        }
    },
    "0x175A349186f228e7758ccE1c1bA125e0D0514df4": {
        "issues": {
            "custom-call-abuse": true
        }
    },
    "0x17CBA58578eecAEE898242a02eDac75b8CC17231": {
        "issues": {
            "custom-call-abuse": true
        }
    },
    "0x17e63292C5E70C5968f7e908E65d742D7ABBcfdd": {
        "issues": {
            "custom-call-abuse": true
        }
    },
    "0x198cF24375ecCDf599c624d10F0C6fb9b75ec215": {
        "issues": {
            "custom-call-abuse": true
        }
    },
    "0x1E61529215ebeeB967F6D799058382cdDDb148B1": {
        "issues": {
            "custom-call-abuse": true
        }
    },
    "0x23B81010b25645A25a8cFEfCDbaaBF841d2c9B9b": {
        "issues": {
            "custom-call-abuse": true
        }
    },
    "0x26fE5848CF08A00936BFBDaec890Da57C6E59ed6": {
        "issues": {
            "custom-call-abuse": true
        }
    },
    "0x275a9048Bf6d775A7F8b200cB2e258C33Dbf6bDF": {
        "issues": {
            "custom-call-abuse": true
        }
    },
    "0x2Ab53554B56fb29c4240D08a23A5e74dAa5A825e": {
        "issues": {
            "custom-call-abuse": true
        }
    },
    "0x2a94330F5CF4f7C744A2be5716d215d2dD756c4E": {
        "issues": {
            "custom-call-abuse": true
        }
    },
    "0x2c594E1cB006E86C3879b1d8191a8B059AF52bE7": {
        "issues": {
            "custom-call-abuse": true
        }
    },
    "0x2e208Cf41b721C3Cb4Ac78CC05938619bdcCc0d0": {
        "issues": {
            "custom-call-abuse": true
        }
    },
    "0x3139aD55aa700E449A0AC6eC55972A7391Aa35ce": {
        "issues": {
            "custom-call-abuse": true
        }
    },
    "0x3154da898943Fc7151bc77F16E43C0C47b5E452d": {
        "issues": {
            "custom-call-abuse": true
        }
    },
    "0x32CEb540334300bCD53836a25a4bd64D607BaBD8": {
        "issues": {
            "custom-call-abuse": true
        }
    },
    "0x358898a0a781F195a30Ecb76056e47456b2ED170": {
        "issues": {
            "custom-call-abuse": true
        }
    },
    "0x36F0dEB0AF8ab453b6B4FCc8B0b7Fe2f1b44E55F": {
        "issues": {
            "custom-call-abuse": true
        }
    },
    "0x36b0aBFa331cAF85EAD376B59FeA780bc20BB593": {
        "issues": {
            "custom-call-abuse": true
        }
    },
    "0x373604ee6f3bCE3b7126BB38f54CE6fD5eC59803": {
        "issues": {
            "custom-call-abuse": true
        }
    },
    "0x38d1B0D157529Bd5D936719A8a5F8379aFB24fAA": {
        "issues": {
            "custom-call-abuse": true
        }
    },
    "0x3A05efDe3003a7181c22D7CE3c13445C54aaDD69": {
        "issues": {
            "custom-call-abuse": true
        }
    },
    "0x3AC6cb00f5a44712022a51fbace4C7497F56eE31": {
        "issues": {
            "custom-call-abuse": true
        }
    },
    "0x3a85C1f81fDB1BBb3bC06159058645E709c0cbB8": {
        "issues": {
            "custom-call-abuse": true
        }
    },
    "0x3c294199C9d2E3f25A59bfc2DB3568b220Bb63c7": {
        "issues": {
            "custom-call-abuse": true
        }
    },
    "0x3d61E14Dac9764024243fEfBA73b5FebBcDf647e": {
        "issues": {
            "custom-call-abuse": true
        }
    },
    "0x43eE79e379e7b78D871100ed696e803E7893b644": {
        "issues": {
            "custom-call-abuse": true
        }
    },
    "0x45BDC4529d181877800734628a835De61b9baC2f": {
        "issues": {
            "custom-call-abuse": true
        }
    },
    "0x45aFe0FF6a92bc9F346fC440a9D2a881D42094ff": {
        "issues": {
            "custom-call-abuse": true
        }
    },
    "0x461733c17b0755CA5649B6DB08B3E213FCf22546": {
        "decimals": 18,
        "exchanges": [
            "Allcoin",
            "BigONE",
            "Hotbit",
            "RightBTC"
        ],
        "info": "_",
        "issues": {
            "custom-call-abuse": true
        },
        "name": "atn",
        "rank": 157,
        "symbol": "ATN",
        "totalSupply": 210000000
    },
    "0x4823429dBda52f05F66a2670852B28BD7999E810": {
        "issues": {
            "custom-call-abuse": true
        }
    },
    "0x48Fc077618662A07E15815FB7afbFBF2a7ee560A": {
        "issues": {
            "custom-call-abuse": true
        }
    },
    "0x4CEAE42D5fb3bD6956b2463FDD4A2209382d722c": {
        "issues": {
            "custom-call-abuse": true
        }
    },
    "0x4d0CdAD789cF3F4b770C5B86dCED6D198bF69EaE": {
        "issues": {
            "custom-call-abuse": true
        }
    },
    "0x4d829f8C92a6691c56300D020c9e0dB984Cfe2BA": {
        "issues": {
            "custom-call-abuse": true
        }
    },
    "0x522B0f328Ca716b5B676cAb767372D48853fF040": {
        "issues": {
            "custom-call-abuse": true
        }
    },
    "0x52FFb515eCEB5927DFEc948DCA10e5233db8f27f": {
        "issues": {
            "custom-call-abuse": true
        }
    },
    "0x53eBb10Ca7F91E6c90d7ce9249Cea70E75948b16": {
        "issues": {
            "custom-call-abuse": true
        }
    },
    "0x55F93985431Fc9304077687a35A1BA103dC1e081": {
        "decimals": 18,
        "exchanges": [
            "Gate.io",
            "HitBTC",
            "Huobi",
            "OKEx",
            "YoBit"
        ],
        "info": "_",
        "issues": {
            "custom-call-abuse": true
        },
        "name": "SmartMesh Token",
        "rank": 102,
        "symbol": "SMT",
        "totalSupply": 3141592653
    },
    "0x5651AD6511e243e4529FC9363Cf88fFfC7a2a669": {
        "issues": {
            "custom-call-abuse": true
        }
    },
    "0x57EC243551B7953790caa95E8Aac71238dF4C84a": {
        "issues": {
            "custom-call-abuse": true
        }
    },
    "0x5A9bF6bADCd24Fe0d58E1087290c2FE2c728736a": {
        "issues": {
            "custom-call-abuse": true
        }
    },
    "0x5Ba49Fcf7C9Dce67d6a9FC92Cc51c8E77CbA5b7a": {
        "issues": {
            "custom-call-abuse": true
        }
    },
    "0x5C7dfC8BCB3c4BE8B6CEB2c86BF5eaE463bc0DD6": {
        "issues": {
            "custom-call-abuse": true
        }
    },
    "0x5F9489D7FfC63ce0bDCD282D14E595A865B259d7": {
        "issues": {
            "custom-call-abuse": true
        }
    },
    "0x5a91baB64ECe3428fC4E6B1CB327cd00387B5dEd": {
        "issues": {
            "custom-call-abuse": true
        }
    },
    "0x5c1245284436C3931bDC68E93E42F690A8fcBFf1": {
        "issues": {
            "custom-call-abuse": true
        }
    },
    "0x5c9362BEa20046bBC2f6e73E264b91E067e17693": {
        "issues": {
            "custom-call-abuse": true
        }
    },
    "0x5cC26EEd3aE35dB1aB37cE53aae8838a202B75Cd": {
        "issues": {
            "custom-call-abuse": true
        }
    },
    "0x605Ef1ef8937343BeeD46d8d6959ee5E39E8bEE1": {
        "issues": {
            "custom-call-abuse": true
        }
    },
    "0x60BE37DAcb94748A12208a7Ff298F6112365E31F": {
        "issues": {
            "custom-call-abuse": true
        }
    },
    "0x6283d6EAbe2Df8eb6A188fDbBb30Bef3a488489F": {
        "issues": {
            "custom-call-abuse": true
        }
    },
    "0x6519af44237B17F67F8915666DAf96f21dFCb0b4": {
        "issues": {
            "custom-call-abuse": true
        }
    },
    "0x6704E83fAc5Fc347efBdBa61728E62389aB54367": {
        "issues": {
            "custom-call-abuse": true
        }
    },
    "0x67d3728EdE12013117cc186477239EAab0C56bF1": {
        "issues": {
            "custom-call-abuse": true
        }
    },
    "0x6927C69fb4daf2043fbB1Cb7b86c5661416bea29": {
        "issues": {
            "custom-call-abuse": true
        }
    },
    "0x6C5d62c394358734BF79607ccAB489483533A62A": {
        "issues": {
            "custom-call-abuse": true
        }
    },
    "0x6E54C3918C4D7552000fF570b9FD2C80c9A0e26D": {
        "issues": {
            "custom-call-abuse": true
        }
    },
    "0x6aEB95F06CDA84cA345c2dE0F3B7f96923a44f4c": {
        "decimals": 14,
        "exchanges": [
            "DDEX",
            "ForkDelta",
            "HitBTC",
            "Idex"
        ],
        "info": "_",
        "issues": {
            "custom-call-abuse": true
        },
        "name": "Berry",
        "rank": 318,
        "symbol": "BERRY",
        "totalSupply": 301473027
    },
    "0x6c459eC43FC0742133b06c33Bd36E49A0A3F76eb": {
        "issues": {
            "custom-call-abuse": true
        }
    },
    "0x7025baB2EC90410de37F488d1298204cd4D6b29d": {
        "issues": {
            "custom-call-abuse": true
        }
    },
    "0x70ACB336d7D4bFA8c19d9cfAb5F8C5C1Aa0d8dEE": {
        "issues": {
            "custom-call-abuse": true
        }
    },
    "0x72EC7945722D9eeF1F1775cFB91cE5AA6941De01": {
        "issues": {
            "custom-call-abuse": true
        }
    },
    "0x74EA2438157d8Bb836cAD8419be38f7Bba799D30": {
        "issues": {
            "custom-call-abuse": true
        }
    },
    "0x7587623E6A351ADD10fB8f7212b8f97E0315b570": {
        "issues": {
            "custom-call-abuse": true
        }
    },
    "0x7777777c85Eb309d937BddC80D74EeAe7205503a": {
        "issues": {
            "custom-call-abuse": true
        }
    },
    "0x7F9697c2D71F933904F3420344ec8b22004f85fa": {
        "issues": {
            "custom-call-abuse": true
        }
    },
    "0x7dB13804AF21248D06A5aa68f4CAC4432F1e2b95": {
        "issues": {
            "custom-call-abuse": true
        }
    },
    "0x81705082eF9f0D660f07BE80093D46d826d48b25": {
        "issues": {
            "custom-call-abuse": true
        }
    },
    "0x8505185D59CA2B1381A727C3429098C62B18E71a": {
        "issues": {
            "custom-call-abuse": true
        }
    },
    "0x884f3C96fbdE92ba75E22D27700dD333415e9349": {
        "issues": {
            "custom-call-abuse": true
        }
    },
    "0x8E629f8ec677b05052538B18B0FFF50b04BC8bD5": {
        "issues": {
            "custom-call-abuse": true
        }
    },
    "0x8abB673Ea728e3006dD44dF0F96e2964B59e4Cb2": {
        "issues": {
            "custom-call-abuse": true
        }
    },
    "0x8feBf7551EeA6Ce499F96537Ae0e2075c5A7301a": {
        "issues": {
            "custom-call-abuse": true
        }
    },
    "0x93Fbd5814e2e0E7974f380978Aa176C7CbEef37c": {
        "issues": {
            "custom-call-abuse": true
        }
    },
    "0x940d73c91Db9F82440702f6Cc8323a8C60583777": {
        "issues": {
            "custom-call-abuse": true
        }
    },
    "0x97Fee0D5CcfeCa578Bee7fe9446F1a684E52Ff34": {
        "issues": {
            "custom-call-abuse": true
        }
    },
    "0x9A614a75ee8afaeE643109061563d6145bdD701c": {
        "issues": {
            "custom-call-abuse": true
        }
    },
    "0x9E88770DA20ebea0Df87aD874c2F5cf8ab92f605": {
        "issues": {
            "custom-call-abuse": true
        }
    },
    "0x9af2c6B1A28D3d6BC084bd267F70e90d49741D5B": {
        "decimals": 8,
        "exchanges": [
            "ForkDelta",
            "HitBTC",
            "Idex",
            "KuCoin"
        ],
        "info": "_",
        "issues": {
            "custom-call-abuse": true
        },
        "name": "aXpire Token",
        "rank": 300,
        "symbol": "AXP",
        "totalSupply": 350000000
    },
    "0x9d3A16d9dE3294495305A61946a048ce6f5FEa3e": {
        "issues": {
            "custom-call-abuse": true
        }
    },
    "0xA2a7F4bf61b5bf07611739941F62Dec30541840A": {
        "issues": {
            "custom-call-abuse": true
        }
    },
    "0xA3C638C4B51060401f8B850B706E808FBa1B316D": {
        "issues": {
            "custom-call-abuse": true
        }
    },
    "0xB5C26476200d5665Ee6F2eE155d72327043495A4": {
        "issues": {
            "custom-call-abuse": true
        }
    },
    "0xC40CC58Ee1bc43f81097217DeD152Ba8FfbdF3AD": {
        "issues": {
            "custom-call-abuse": true
        }
    },
    "0xC4c30e6150357Ee442C5Ac19fc7825493430dF09": {
        "issues": {
            "custom-call-abuse": true
        }
    },
    "0xC598b180b358A8C1703144A3c1138F3531F3E6E4": {
        "issues": {
            "custom-call-abuse": true
        }
    },
    "0xC612928546D66B07c31D6c817756A98496517892": {
        "issues": {
            "custom-call-abuse": true
        }
    },
    "0xCdF35C3FE4cCFaCb3B1bBEDFe71CA3A5ff6f2dB1": {
        "issues": {
            "custom-call-abuse": true
        }
    },
    "0xD0CEf0A3d1c4DF82623FeAF81BAcA80f0194e9cc": {
        "issues": {
            "custom-call-abuse": true
        }
    },
    "0xD184B10eE51BE2c6bF45214B048f311A15296cae": {
        "issues": {
            "custom-call-abuse": true
        }
    },
    "0xD77f340E1D631C64D5FF1eFB32617E891d4d187E": {
        "issues": {
            "custom-call-abuse": true
        }
    },
    "0xDA4C0f8f17D8dd536DA23f8942758d6e7cb72D27": {
        "issues": {
            "custom-call-abuse": true
        }
    },
    "0xDBc256df8ab0767d8e7f1EeF5e6025520699d8A0": {
        "issues": {
            "custom-call-abuse": true
        }
    },
    "0xDCF0295B921a5Df7f07eA81469FB6a035913fA3A": {
        "issues": {
            "custom-call-abuse": true
        }
    },
    "0xDF347911910b6c9A4286bA8E2EE5ea4a39eB2134": {
        "issues": {
            "custom-call-abuse": true
        }
    },
    "0xE0c3F2DeaA356feA4B6a1355674a766Cb5821589": {
        "issues": {
            "custom-call-abuse": true
        }
    },
    "0xE45400da873d0212da22c73cbc6C090E4380B927": {
        "issues": {
            "custom-call-abuse": true
        }
    },
    "0xE5F166c0D8872B68790061317BB6CcA04582C912": {
        "decimals": 18,
        "exchanges": [
            "DDEX",
            "Gate.io",
            "Idex",
            "KuCoin"
        ],
        "info": "_",
        "issues": {
            "custom-call-abuse": true
        },
        "name": "TE-FOOD",
        "rank": 296,
        "symbol": "TFD",
        "totalSupply": 567917832
    },
    "0xE674746A7bc6f53EB48caEd0c810C669C705caD2": {
        "issues": {
            "custom-call-abuse": true
        }
    },
    "0xE8599783e272ec087FaDA183b05516304Fa2c7Ff": {
        "issues": {
            "custom-call-abuse": true
        }
    },
    "0xECbDE814D5CFa47480281d4E983eF8a7a6946Ca8": {
        "issues": {
            "custom-call-abuse": true
        }
    },
    "0xEd1eba8B87cD7E04e9389f65F7AeCa750c85a010": {
        "issues": {
            "custom-call-abuse": true
        }
    },
    "0xEe3C19a4a77EEfFf2c8b882cdb82B22FEA94A09E": {
        "issues": {
            "custom-call-abuse": true
        }
    },
    "0xF20b76Ed9d5467fDcDc1444455e303257d2827c7": {
        "issues": {
            "custom-call-abuse": true
        }
    },
    "0xF3aa1d9F7FddBc4aa9bCdcAc5AFa798867347339": {
        "issues": {
            "custom-call-abuse": true
        }
    },
    "0xFFE02ee4C69eDf1b340fCaD64fbd6b37a7b9e265": {
        "decimals": 8,
        "exchanges": [
            "Coinexchange",
            "HitBTC",
            "Mercatox",
            "Stocks.Exchange"
        ],
        "info": "_",
        "issues": {
            "custom-call-abuse": true
        },
        "name": "NANJCOIN",
        "rank": 159,
        "symbol": "NANJ",
        "totalSupply": 30000000000
    },
    "0xFbb7b2295aB9f987a9F7BD5ba6c9DE8EE762deB8": {
        "issues": {
            "custom-call-abuse": true
        }
    },
    "0xa4342c85a9A19B8D2C66e8B6821238CbAcfA82C3": {
        "issues": {
            "custom-call-abuse": true
        }
    },
    "0xaD23664dF3Ec8b8919B3c7157D303e9A3fb57d1c": {
        "issues": {
            "custom-call-abuse": true
        }
    },
    "0xaDA83270510b6284e27c757096d660F0Fcf6A90b": {
        "issues": {
            "custom-call-abuse": true
        }
    },
    "0xb1EA18B3195D25847feDC83511043AC2bE9E9bf1": {
        "issues": {
            "custom-call-abuse": true
        }
    },
    "0xbBdAA77217841dAfFeB634C0440b1c4786190b96": {
        "issues": {
            "custom-call-abuse": true
        }
    },
    "0xbE803E33c0BBd4B672B97158cE21f80C0B6f3Aa6": {
        "issues": {
            "custom-call-abuse": true
        }
    },
    "0xbab03BA1AD80dcA87D4527960EA453a9a88a4D2e": {
        "issues": {
            "custom-call-abuse": true
        }
    },
    "0xc4E8Cb21436e79Ba9Ed0ABEaEC010a1982125b80": {
        "issues": {
            "custom-call-abuse": true
        }
    },
    "0xc5d350B854A6cff0fC5A38A115a90C774dcae1b9": {
        "issues": {
            "custom-call-abuse": true
        }
    },
    "0xc86554Bee96Fdb3C85f85b576eD52D5E1EACC3a6": {
        "issues": {
            "custom-call-abuse": true
        }
    },
    "0xcA6BB5dF1437Ba15f8307e3b753C017fd32c3551": {
        "issues": {
            "custom-call-abuse": true
        }
    },
    "0xcFfc783415Db0613e2661914e7F8346462df5417": {
        "issues": {
            "custom-call-abuse": true
        }
    },
    "0xd1a8CbBa4243E4DFBF1d935dfe12415d1419cc14": {
        "issues": {
            "custom-call-abuse": true
        }
    },
    "0xd9489f5A7C4420E814f6216505B6754EBd4213f7": {
        "issues": {
            "custom-call-abuse": true
        }
    },
    "0xdfF260736cBe28cC9984C95162D3eb7390318c36": {
        "issues": {
            "custom-call-abuse": true
        }
    },
    "0xe53965850110c8333b5f3A957786D21e427b1aF8": {
        "issues": {
            "custom-call-abuse": true
        }
    },
    "0xeAbeb05F5eeee68Faff6878D445f8666fb0483cF": {
        "issues": {
            "custom-call-abuse": true
        }
    },
    "0xeAc3Cf28cC9BF82915804325ef9E05Ac65de79e3": {
        "issues": {
            "custom-call-abuse": true
        }
    },
    "0xf5618F27F08e4ed6890103385Bb9f756822B5d27": {
        "issues": {
            "custom-call-abuse": true
        }
    },
    "0xf7aDB0dA60Ae54e20f92e38B94f3790A3bB80673": {
        "issues": {
            "custom-call-abuse": true
        }
    },
    "0xfD89de68b246eB3e21B06e9B65450AC28D222488": {
        "issues": {
            "custom-call-abuse": true
        }
    }
}