{
    "0x00430f32B8e77A456d0Ab7E6f1Dc1B84F4ae62E0": {
        "issues": {
            "excess-mint-token-by-overflow": true
        }
    },
    "0x200ceF00486dcF58E6Cd4Cb68F155f6A0a58E129": {
        "issues": {
            "excess-mint-token-by-overflow": true
        }
    },
    "0x2604FA406Be957E542BEb89E6754fCdE6815e83f": {
        "decimals": 18,
        "exchanges": [
            "CoinExchange",
            "HitBTC",
            "Mercatox"
        ],
        "info": "_",
        "issues": {
            "excess-mint-token-by-overflow": true
        },
        "name": "Playkey Token",
        "rank": 341,
        "symbol": "PKT",
        "totalSupply": 19893267
    },
    "0x26D08B9d227933A85e855656DC46aB889E183C88": {
        "issues": {
            "excess-mint-token-by-overflow": true
        }
    },
    "0x30DdA19C0b94a88eD8784868Ec1e9375d9F0E27c": {
        "issues": {
            "excess-mint-token-by-overflow": true
        }
    },
    "0x31abbfe28890a515241F68C5c75958475174d2a2": {
        "issues": {
            "excess-mint-token-by-overflow": true
        }
    },
    "0x3460f675d521b4c673D437E6525164E2c189DD49": {
        "issues": {
            "excess-mint-token-by-overflow": true
        }
    },
    "0x5046E860ff274fb8c66106B0Ffb8155849fB0787": {
        "decimals": 8,
        "exchanges": [
            "SouthXchange"
        ],
        "info": "_",
        "issues": {
            "excess-mint-token-by-overflow": true
        },
        "name": "JavaScript",
        "rank": 571,
        "symbol": "JS",
        "totalSupply": 7991996
    },
    "0x98734F75997DE18CcF9A495805b4E01B2F8B0cbB": {
        "issues": {
            "excess-mint-token-by-overflow": true
        }
    }
}