{
    "0x19AEA60E2FD6AC54EcF2576292C8Fc7046429C37": {
        "issues": {
            "excess-buy-token-by-overflow": true
        }
    },
    "0x2de9b766701b4D1468ae44B376DcA65d31db243F": {
        "issues": {
            "excess-buy-token-by-overflow": true
        }
    },
    "0x80fB784B7eD66730e8b1DBd9820aFD29931aab03": {
        "decimals": 18,
        "exchanges": [
            "ABCC",
            "Bibox",
            "Binance",
            "BiteBTC",
            "CoinBene",
            "ExtStock",
            "ForkDelta",
            "Gate.io",
            "HitBTC",
            "Idex",
            "KuCoin",
            "OKEx",
            "Radar Relay",
            "bleutrade"
        ],
        "info": "_",
        "issues": {
            "excess-buy-token-by-overflow": true
        },
        "name": "EthLend Token",
        "rank": 128,
        "symbol": "LEND",
        "totalSupply": 1299999941
    },
    "0xc5de7ac5EA11651F25c0738Efa176010553Bc323": {
        "issues": {
            "excess-buy-token-by-overflow": true
        }
    }
}