{
    "0x12F9cf26A436B67728480DF770416F9be5605d77": {
        "issues": {
            "owner-overweight-token-by-overflow": true
        }
    },
    "0x15aDB79e6AF601551A64060AeBBEdd39D929C5a7": {
        "issues": {
            "owner-overweight-token-by-overflow": true
        }
    },
    "0x2d856e799b8Ad85A3af7E9a4ED6bED685e797ef3": {
        "issues": {
            "owner-overweight-token-by-overflow": true
        }
    },
    "0x31a7d1a302c1eC79aD6f43a281E8890460E3b227": {
        "issues": {
            "owner-overweight-token-by-overflow": true
        }
    },
    "0x6Aac8CB9861E42bf8259F5AbDC6aE3Ae89909E11": {
        "decimals": 8,
        "exchanges": [
            "Coinexchange",
            "ForkDelta",
            "YoBit"
        ],
        "info": "_",
        "issues": {
            "owner-overweight-token-by-overflow": true
        },
        "name": "Bitcoin Red",
        "rank": 560,
        "symbol": "BTCR",
        "totalSupply": 21000000
    },
    "0x81680e3239E07A32f63E910a145DdDC4f1d25E1D": {
        "issues": {
            "owner-overweight-token-by-overflow": true
        }
    },
    "0xa550A7980f856D5F9Dd0a8c405e8736223f0b44a": {
        "issues": {
            "owner-overweight-token-by-overflow": true
        }
    },
    "0xd079763792F984AEF8BddA31A68b405031dFb367": {
        "issues": {
            "owner-overweight-token-by-overflow": true
        }
    },
    "0xe57297258717eC66749fcFb4BF23869E252B03C3": {
        "issues": {
            "owner-overweight-token-by-overflow": true
        }
    }
}