{
    "0xb5A5F22694352C15B00323844aD545ABb2B11028": {
        "decimals": 18,
        "exchanges": [
            "Binance",
            "Bithumb",
            "COSS",
            "CREX24",
            "Cryptobulls",
            "Cybex DEX",
            "ForkDelta",
            "Gate.io",
            "HitBTC",
            "Huobi",
            "Idex",
            "Koinok",
            "LATOKEN",
            "OKEx",
            "OOOBTC",
            "Radar Relay",
            "Upbit",
            "ZB"
        ],
        "info": "_",
        "issues": {
            "pauseTransfer-anyone": true
        },
        "name": "icon",
        "rank": 6,
        "symbol": "ICX",
        "totalSupply": 400228739
    }
}