{
    "0x0DAf4CD0d8F3132Ca5eb256aBbE03d45DbbAf7C4": {
        "issues": {
            "setowner-anyone": true
        }
    },
    "0xCc13Fc627EFfd6E35D2D2706Ea3C4D7396c610ea": {
        "decimals": 8,
        "exchanges": [
            "ForkDelta",
            "Idex"
        ],
        "info": "_",
        "issues": {
            "setowner-anyone": true
        },
        "name": "idex-membership",
        "rank": 340,
        "symbol": "IDXM",
        "totalSupply": 2000
    },
    "0xCdCFc0f66c522Fd086A1b725ea3c0Eeb9F9e8814": {
        "decimals": 18,
        "exchanges": [
            "ForkDelta",
            "Idex"
        ],
        "info": "_",
        "issues": {
            "setowner-anyone": true
        },
        "name": "Aurora DAO",
        "rank": 215,
        "symbol": "AURA",
        "totalSupply": 1000000000
    }
}