{
    "0x01F2AcF2914860331C1Cb1a9AcecDa7475e06Af8": {
        "issues": {
            "verify-invalid-by-overflow": true
        }
    },
    "0x55F93985431Fc9304077687a35A1BA103dC1e081": {
        "decimals": 18,
        "exchanges": [
            "Gate.io",
            "HitBTC",
            "Huobi",
            "OKEx",
            "YoBit"
        ],
        "info": "_",
        "issues": {
            "verify-invalid-by-overflow": true
        },
        "name": "SmartMesh Token",
        "rank": 102,
        "symbol": "SMT",
        "totalSupply": 3141592653
    }
}