addr,category,name,symbol,exchanges,totalSupply,decimals,info
0x00765EaABedBC0eC71e922178B5cF6f5632EC324,approve-no-return,,,,,,_
0x007fa227D5d693F7f29e27B1FA028fd2051Ed072,approve-no-return,,,,,,_
0x00A9F7D093C46D95F0318e4A6fFc6Ed68F73044C,approve-no-return,,,,,,_
0x00E9bCfaB52C108505411849faBA90e83c98101b,approve-no-return,,,,,,_
0x00f90986CDD79744409F8a3c7747064AFa4473b5,approve-no-return,,,,,,_
0x010583963f3AE4929253975eBD6bab0066870828,approve-no-return,,,,,,_
0x011D9dFB4681f2d2245bBB04edd6A9EEdF361e5c,approve-no-return,,,,,,_
0x01F0634272ecA6c152a3be0EaF385BbDc5a49DC0,approve-no-return,,,,,,_
0x02135140A3eccE81711460baC817060a6E4a96D7,approve-no-return,,,,,,_
0x02575cA9424ACd6AED8d8dc1B01fA7175000cEF0,approve-no-return,,,,,,_
0x02eD9B30e7FB4D4E06495c96810aeb2FAc8b2989,approve-no-return,,,,,,_
0x03209BdE47dA583547C17c47e7CA74bFa3DFb404,approve-no-return,,,,,,_
0x03B0Be689F36f383568D0a2486834cC6CEDDDa50,approve-no-return,,,,,,_
0x03C18D649E743Ee0b09f28a81D33575F03af9826,approve-no-return,,,,,,_
0x0404744DdD793960BC4eE03692066bB4E0560B81,approve-no-return,,,,,,_
0x04129cFf7d79a652256C73B1407F34828E79a4DE,approve-no-return,,,,,,_
0x0470c8C6546e4EB668aEAD38Dc024eC6ab48980e,approve-no-return,,,,,,_
0x04E7eeFd4F5831409cd7fdd0821bDE32d9C800c5,approve-no-return,,,,,,_
0x050663fA3f625E9aCcf534FB188BCB1dcA0579B5,approve-no-return,,,,,,_
0x05196E85fcfE0ED4b7978A83966E6748BA8E60e6,approve-no-return,,,,,,_
0x052d01d58729839b0FB9e321c63cAf4F7a3De7FE,approve-no-return,,,,,,_
0x06012c8cf97BEaD5deAe237070F9587f8E7A266d,approve-no-return,,,,,,_
0x062d6eC3099208Fd4A0e0Ce4773E81F2B322d9d4,approve-no-return,,,,,,_
0x0661f61A286eB1F4383c5128b3178A6809eEBF6c,approve-no-return,,,,,,_
0x0694d5EDA9d49D371f47aAf8f94dbcfe44D54405,approve-no-return,,,,,,_
0x06C9B941F1895E89ec7459975A71d29f2f1456ba,approve-no-return,,,,,,_
0x07222Fc4cdACEDfBcfc03CbeD6E72Fb329E8D0b6,approve-no-return,,,,,,_
0x074D894cc81539853b77Ed0f5Cb5058a740010C3,approve-no-return,,,,,,_
0x075a5d77E17502ABa0388746aA229BB33682f521,approve-no-return,,,,,,_
0x0778Cc2E8bBAd3d483E82371606D100cc8604522,approve-no-return,,,,,,_
0x079a09FDa4eCd57f76a739152e88A8267a86c240,approve-no-return,,,,,,_
0x07BA910f747b472Ba4840c184F6b6E92B0e7495e,approve-no-return,,,,,,_
0x07E9B9A2f6e916b641660f649aFCBA9b54Edb3EF,approve-no-return,,,,,,_
0x07Ec6c3159c2336Ba36Ab41f73411f8fEe430470,approve-no-return,,,,,,_
0x07c7a91A4D0Baf16df99764D7B19c5129ECc6533,approve-no-return,,,,,,_
0x08A84018C36eF8F7DAAabbD167eB41b225041453,approve-no-return,,,,,,_
0x08AA638F04C9658fc9A5712E794e27A4c6B561E8,approve-no-return,,,,,,_
0x08CdCF9ba0a4b5667F5A59B78B60FbEFb145e64c,approve-no-return,,,,,,_
0x08DDf9bEFBD9d9B5a6caAB525eCf8C8CCA0b9840,approve-no-return,,,,,,_
0x08f63c012Ad7A1CfAaDDd401a34c5e8E31167a55,approve-no-return,,,,,,_
0x08fd34559F2ed8585d3810B4D96Ab8A05c9f97c5,approve-no-return,,,,,,_
0x096D7Ce60278E623C0B5763A0D04Fde844d2C537,approve-no-return,,,,,,_
0x0AdCaE90088fAe1007555733B4D3d63f24f4A2a3,approve-no-return,,,,,,_
0x0B3A8c77031A954BEee6DFD9D337C35092366189,approve-no-return,,,,,,_
0x0B9E9c56eC900FBeA85546444458d3C31Ab60572,approve-no-return,,,,,,_
0x0C01d1A41F21863c194C8e948054f8e3A433c424,approve-no-return,,,,,,_
0x0C495B4716462d89C564BA79E7dE477B543E0e30,approve-no-return,,,,,,_
0x0Cf5a500A615ADbb12Ea08d681B39186C9BdE4fb,approve-no-return,,,,,,_
0x0E1dA7630e962EC7306581B33D99D050622262B5,approve-no-return,,,,,,_
0x0F7524D64CeB92Dae1d1A56B20B6d520134795D4,approve-no-return,,,,,,_
0x0aaC84eF458e67758A2991a769d979981cD41fc4,approve-no-return,,,,,,_
0x0af1b410a7915cE6B4754b355D37cc38E59B7EDD,approve-no-return,,,,,,_
0x0b03F47040aDe1A693342b14A76127Ef040903DB,approve-no-return,,,,,,_
0x0c37198BA896a0988f1ae289cd9D2B28428b038C,approve-no-return,,,,,,_
0x0cf1cBb130e48d9273E16491F77908024560e8e7,approve-no-return,,,,,,_
0x0cf2887C3Ec7Bf6BDB79fc6EBE0BC0a98A6D2593,approve-no-return,,,,,,_
0x0d623823d2AA4540f335bb926447dc582DC5bD64,approve-no-return,,,,,,_
0x0dea9b8e6BF08d6859E29256942916f0cfB884Fb,approve-no-return,,,,,,_
0x0fF161071e627A0E6de138105C73970F86ca7922,approve-no-return,,,,,,_
0x103C2C150a2dBCC277Ee084c59881978060c8c22,approve-no-return,,,,,,_
0x105d97ef2E723f1cfb24519Bc6fF15a6D091a3F1,approve-no-return,,,,,,_
0x107bc486966eCdDAdb136463764a8Eb73337c4DF,approve-no-return,,,,,,_
0x1135053a937E422C27a834642288304e35bB1340,approve-no-return,,,,,,_
0x117cb292E97a593FbcA38B5cd60EC7144D4Ca8C9,approve-no-return,,,,,,_
0x11e44037A60dA9b76Bf928b33d3D6DED0A6730ab,approve-no-return,,,,,,_
0x11fC42Be8B14aEeCfc371Af217c4648e6423fA60,approve-no-return,,,,,,_
0x122A86b5DFF2D085AfB49600b4cd7375D0d94A5f,approve-no-return,,,,,,_
0x12742DE752B8030c961083Bce9752B584313E882,approve-no-return,,,,,,_
0x12B13919955Ce7be34bb09697bdAf1A0EDf4Be0c,approve-no-return,,,,,,_
0x14720340e864dD5Fe6a0A9ceC937072877405a1d,approve-no-return,,,,,,_
0x14934ebC9F06aEE47C7199de7F5b98CD96C514cc,approve-no-return,,,,,,_
0x14b233a46CD4BDFDB7Ca29aa0fD2406f667F8ff6,approve-no-return,,,,,,_
0x14cf6193935b17fc72649bA420Fdd5bFdF1f0001,approve-no-return,,,,,,_
0x1558b9afB91a2185495dEBC22a9ccE11dabE33C5,approve-no-return,,,,,,_
0x156B4778C38e1311b41d884F735dCA0278CF69E1,approve-no-return,,,,,,_
0x16e97a7b1e88483aCC236Da29a53Bf97279eb994,approve-no-return,,,,,,_
0x171AD7AA2D6e083ebBBef0E7aDA2eF76Da4DAdB6,approve-no-return,,,,,,_
0x177d39AC676ED1C67A2b268AD7F1E58826E5B0af,approve-no-return,CoinDash Token,CDT,@BigONE@Binance@Gate.io@Gatecoin@HitBTC@Mercatox,1000000000,18,_
0x179A303C1fdFF0fFBdA6a68B384787621B78ee84,approve-no-return,,,,,,_
0x182fad6A68eBD9118549ec1091Aa4eB95E234Ef6,approve-no-return,,,,,,_
0x18dA8521c333AeD9dE8F512e847734CB7BE42E38,approve-no-return,,,,,,_
0x190e569bE071F40c704e15825F285481CB74B6cC,approve-no-return,,,,,,_
0x190fB342aa6a15eB82903323ae78066fF8616746,approve-no-return,,,,,,_
0x192a7994f17264fd88b97faD981646349EfF8b3b,approve-no-return,,,,,,_
0x1BEe0Ba6C6dEe64B3eA062Ba2F779E0E8ff4d733,approve-no-return,,,,,,_
0x1DcADAD44aA14154E2393d83EdF6c7c6F83Cb795,approve-no-return,,,,,,_
0x1E7b7f330da785ef66e33503fD93380137a9be7B,approve-no-return,,,,,,_
0x1Ee6b9d7C9f15aE6e0177273594612448CFEB750,approve-no-return,,,,,,_
0x1a9b18cB4891046a1211Eb61C6F3f2694b26f427,approve-no-return,,,,,,_
0x1b693A49a2Fba5d5C814FfDF7f695C3ED9764534,approve-no-return,,,,,,_
0x1b7f9De410d5bA09fd26ce133fdF59515e0bF728,approve-no-return,,,,,,_
0x1c7675D1224E5FF1ffe6EeD18B7E8eECE5d9e491,approve-no-return,,,,,,_
0x1c98eEa5FE5E15d77FEeabc0dfcFaD32314fd481,approve-no-return,,,,,,_
0x1d6df840fdA86a0044c2EF90B5a4bD413315a9c4,approve-no-return,,,,,,_
0x1e33C0f122E136152b3c8725bB57aF20EA94370b,approve-no-return,,,,,,_
0x1f52b87C3503e537853e160adBF7E330eA0Be7C4,approve-no-return,,,,,,_
0x201916Ad6B61df24A0982f885376d382E764Ee5e,approve-no-return,,,,,,_
0x2186f340428Cc34CAb71210b09777Eb044A47520,approve-no-return,,,,,,_
0x219014EF0FDF1B9b0d4E9e453E021573B7082Bed,approve-no-return,,,,,,_
0x21c852fb8e7fF1f9e6F8bA43652fd4D7907c38bC,approve-no-return,,,,,,_
0x21e578b253c73Ef7172F13B5C002c2F562521Ed5,approve-no-return,,,,,,_
0x22260D1f2cB61a371BFF2625c4620Fc5A67f0A8e,approve-no-return,,,,,,_
0x225ad9683005cE6fDe4eAe78C7ed91A499182378,approve-no-return,,,,,,_
0x22c294BbF61C3c60a5271D245Ac8c620C438e0E4,approve-no-return,,,,,,_
0x23a20F8E0b5c79F39A2B4395a610A60Fb30BC71d,approve-no-return,,,,,,_
0x23cC8441332C5C721061AcF14748858F451dBc80,approve-no-return,,,,,,_
0x24A77c1F17C547105E14813e517be06b0040aa76,approve-no-return,Live Stars Token,LIVE,@Cryptopia@DDEX@ForkDelta@OpenLedger DEX,200000000,18,_
0x25A48cEC6ACd04E36388f50dc69eB4E7d7ee0FbB,approve-no-return,,,,,,_
0x25ea302AFd1e9ca629EbB2Ea97146152ee9FAB96,approve-no-return,,,,,,_
0x26253cf8166b2ab51b886835a8F05e8F76B40ae2,approve-no-return,,,,,,_
0x26B06b2B76220e36b40Fa206543184fCF96Ed362,approve-no-return,,,,,,_
0x26E7ddfd8cd4E4C6e1272b0ab53F14a1B0D6170c,approve-no-return,,,,,,_
0x26a1cF41DFd4DC609db5A7bf5f8Fc53B7C25A396,approve-no-return,,,,,,_
0x27058B0FE23A4cdd08AceD7fFD646647019cdaB9,approve-no-return,,,,,,_
0x27488aa37d95A2CCf3Df736908Fe4EbFA39e0Ef2,approve-no-return,,,,,,_
0x279594B6843014376a422eBB26a6Eab7A30E36f0,approve-no-return,,,,,,_
0x282FEa100d6673C7a8f64a8B4D239995af6Cb294,approve-no-return,,,,,,_
0x28376d753DD136ed80Cf81189A1305D3b885Bc48,approve-no-return,,,,,,_
0x284b0f2F49D072836Db87Dd25D0623Cd2F622bB1,approve-no-return,,,,,,_
0x286E052Bc8250250566683424001ee5224867d91,approve-no-return,,,,,,_
0x2992CFEF496b9080b303cC4AC6BA114126253ff7,approve-no-return,,,,,,_
0x29EBF9893F12364635161cBeA15A7553BCf1A58d,approve-no-return,,,,,,_
0x2B48fBd3CAcb0B75dDD42cE0345dC831E291c73E,approve-no-return,,,,,,_
0x2BdcD9AE2bE26d3324eF75BcF64B3cc246302754,approve-no-return,,,,,,_
0x2CC13780ba2A48A103Ad19D458A52945bda7ac7d,approve-no-return,,,,,,_
0x2E2fc8569D3bA251965Bf8Ad85E2f55c37612718,approve-no-return,,,,,,_
0x2Efaf60BBd75b9430a8446bd58D12fbc3f5DBb71,approve-no-return,,,,,,_
0x2FF9c09beCD301bCf7d5FA057e01c39A370985CB,approve-no-return,,,,,,_
0x2a3496143843D60AF19c2C750271B08218b3CAd8,approve-no-return,,,,,,_
0x2a605B89C3ddf839126DaCCd3FDAF6dF8C18DF76,approve-no-return,,,,,,_
0x2aA307AAf1617c301904E28bdCC672F909344609,approve-no-return,,,,,,_
0x2bDC0D42996017fCe214b21607a515DA41A9E0C5,approve-no-return,SkinCoin,SKIN,@Cryptopia@ForkDelta@HitBTC@Idex@Mercatox,388183000,6,_
0x2c06E48f6e655BCFC7E46586784fB6da82C4CA3d,approve-no-return,,,,,,_
0x2c38B6023509aeB6437491DbCe27d87e3ad37310,approve-no-return,,,,,,_
0x2c5C88dF2C01E1486121BB9e31B93cC850486B0d,approve-no-return,,,,,,_
0x2d2fAE6B91Dd263188494124B62750F2ba3c3DE5,approve-no-return,,,,,,_
0x2d66E75aD68C4a4f24EafcA690eE3b1e6e0ffeA3,approve-no-return,,,,,,_
0x2dCD224A4c61489Ff68717aF79CC5553589ae74A,approve-no-return,,,,,,_
0x2eD86079B04A35402b473323927e7EA722E8057B,approve-no-return,,,,,,_
0x2f64c53B5D55C0d6E334D82C4dC67Ee52B89f88f,approve-no-return,,,,,,_
0x2fD1Af0aF36D267b5F0Bb1D8DF17CB373028AF03,approve-no-return,,,,,,_
0x30407De22c22Cab70Ed834cebe1D585C914F24Ff,approve-no-return,,,,,,_
0x30A0d9A67816699356f1059965e846b828aADC17,approve-no-return,,,,,,_
0x310b15AD0a8B282ee8011d91c79fEba80CB179C8,approve-no-return,,,,,,_
0x3116C449B8980e50DF1047886c6042300Bef9B96,approve-no-return,,,,,,_
0x318a74cFb30Fbc1747a60e9fD4DBc034D00DA04D,approve-no-return,,,,,,_
0x319b33456aa1248cC0E04B555c63c10B51423A5E,approve-no-return,,,,,,_
0x31BE2a2cDE326B7910b3eadE8b0DB7eBED4D11F6,approve-no-return,,,,,,_
0x31CFA363713884C5642e7249a47762188D144629,approve-no-return,,,,,,_
0x31cf75e0839A79c8914569465B6ce9E3d6fc9959,approve-no-return,,,,,,_
0x31d4C5be1082A88F2ABAFeA549B6C189C2cf057F,approve-no-return,,,,,,_
0x320344d8c18B6971B3FcDbf0B12eD73578a8A622,approve-no-return,,,,,,_
0x3249fD8a52E69552b3a691AC4beFF3d2cD51fbd6,approve-no-return,,,,,,_
0x326656615a2751f34cDFF5e6B8ac5f64c3a76b36,approve-no-return,,,,,,_
0x3296294a172d541c548819875e027B5fcB3e4a85,approve-no-return,,,,,,_
0x33540976411534a8d96C715a4ff7F4392D2E52d1,approve-no-return,,,,,,_
0x3365845E915FB3bA57D8901DE971aE9EC8223d90,approve-no-return,,,,,,_
0x336F646F87D9f6bC6Ed42Dd46E8b3fD9DbD15C22,approve-no-return,Crystal Clear Token,CCT,@ForkDelta@HitBTC@YoBit,6924060,18,_
0x33f00114D5aca3dEE03189D4eD9D4F886dad84b0,approve-no-return,,,,,,_
0x341027ECcd7449cE0058CA5EF7Ae17Cb15a29ae7,approve-no-return,,,,,,_
0x34eE35170a667965f952e6D6fB1507074377F9C5,approve-no-return,,,,,,_
0x355ACA372ADbC5E2930d4620F2BBB425561f8598,approve-no-return,,,,,,_
0x35D01fc1ee086586aedeAb42160219EB20c07D0b,approve-no-return,,,,,,_
0x35f2AA4E39514C763EB90a24396e2D2c028A19E3,approve-no-return,,,,,,_
0x360aBb53840302d4B4B119D2004a856f1151366B,approve-no-return,,,,,,_
0x36CdA1038a9556ebe626Bcd7baB4e46f38d896eC,approve-no-return,,,,,,_
0x379E2768e0631493dFCC9a560171E66F93cBCC69,approve-no-return,,,,,,_
0x37aa63c4cbD06a57f1EA35BCeeE4e46f0a7cE924,approve-no-return,,,,,,_
0x37c7d59a4f5AF2DBd9BDF822aeed0CE08C6E0B62,approve-no-return,,,,,,_
0x383Bf1fD04D0901bbD674A580E0A621FCBb4799b,approve-no-return,,,,,,_
0x3893b9422Cd5D70a81eDeFfe3d5A1c6A978310BB,approve-no-return,Mithril Token,MITH,@Bithumb@Coinexchange@Ethfinex@Gate.io@HitBTC@Idex@Lbank@OKEx@ZB,1000000000,18,_
0x38c6A68304cdEfb9BEc48BbFaABA5C5B47818bb2,approve-no-return,high-performance-blockchain,HPB,@Bibox@Bit-Z@Idex@KKEX@KuCoin,100000000,18,_
0x3900439ab9aC89A9Db5C3364040B10a05bA2F984,approve-no-return,,,,,,_
0x393B5fd2b993EaF419fbadAB630BC9bd3d5792E9,approve-no-return,,,,,,_
0x397c7F9C38E09B7024063e6879d45b58e5EFFdbf,approve-no-return,,,,,,_
0x3A299cEb5fcC7784dd25e56Be826c77F96275DeB,approve-no-return,,,,,,_
0x3AA6eaa1127063A3700EFdd589eB75fF1b5907b3,approve-no-return,,,,,,_
0x3AAA175924a77EE4b40606F714b727331E430ece,approve-no-return,,,,,,_
0x3AcA783Ca0BD7AE06F4440bf58d3a75E425EC3ee,approve-no-return,,,,,,_
0x3Addbd1434e3E23B9781B5bE577ad7aACFCF0BAD,approve-no-return,,,,,,_
0x3C4CE67Bf86601921557F8a13864A9069d56389f,approve-no-return,,,,,,_
0x3CdA32357a38774526BCcCe7806E7cc5c4916ADA,approve-no-return,,,,,,_
0x3F4DD010fBbc9a9b6d95F1F53837d7e9f3BeFac8,approve-no-return,,,,,,_
0x3F500A7e3783FBd228DDB894DE2Db110eED83A5b,approve-no-return,,,,,,_
0x3a26746Ddb79B1B8e4450e3F4FFE3285A307387E,approve-no-return,,,,,,_
0x3bf3B11023650D21140bA10C68a8a4dD0a372D3f,approve-no-return,,,,,,_
0x3c26efbFa80c61839fE2dA8B0F7b8Ce05187c8A1,approve-no-return,,,,,,_
0x3cf09759DF237446a84C4De526D39e7B2DfF0cDC,approve-no-return,,,,,,_
0x3d5f2F4e4B9Cf03e896fF2093569078CE45BA0c0,approve-no-return,,,,,,_
0x3dd2ecAA49dF3306C1332D2b858DFe8268314a5C,approve-no-return,,,,,,_
0x3f214f938e4e02c3823b852aB0f275F6C7352EC8,approve-no-return,,,,,,_
0x3f44b083973d5cDdAE571d61921d8e8f0248df43,approve-no-return,,,,,,_
0x40d4e1C93314b17F4AF1b019848d56fC01876f4c,approve-no-return,,,,,,_
0x419a87C4deEb99817a5413b14b3A71BbD23C4fB8,approve-no-return,,,,,,_
0x41f2EfdcD15eadf974D8F9BeA14c2936823D095F,approve-no-return,,,,,,_
0x42095468d0Af5976caa589AD6Db91A1b8913bE4e,approve-no-return,,,,,,_
0x422866a8F0b032c5cf1DfBDEf31A20F4509562b0,approve-no-return,Adshares Token,ADST,@Coinexchange@Cryptopia@ForkDelta@Idex@Mercatox,19379103,0,_
0x422Adcf787E49dD93CE10A583655c212e00d42ce,approve-no-return,,,,,,_
0x427D8e92bE999dffCa7C623a946363fEBa257233,approve-no-return,,,,,,_
0x427a6663c260d12B4FfD4C2C9eCD6FeE0c8A62cb,approve-no-return,,,,,,_
0x428801d1777C6F72d7f24e66F63329F161736d2a,approve-no-return,,,,,,_
0x432BBC9E977d2700e15333c792E846751c03F81b,approve-no-return,,,,,,_
0x4355fC160f74328f9b383dF2EC589bB3dFd82Ba0,approve-no-return,Opus Token,OPT,@ForkDelta@HitBTC@Idex,249308531,18,_
0x437CF0Bf53634E3DFa5e3eAFf3104004D50FB532,approve-no-return,,,,,,_
0x43a65Ba72a91C18BB16E3AA4CdF150Ced9657645,approve-no-return,,,,,,_
0x4409016E65eB770152316bcDd3F95C8329b4F7c7,approve-no-return,,,,,,_
0x441E8975843f9Cf81B685C793325a4441576C3c3,approve-no-return,,,,,,_
0x448019c21743272e40Eb8835DAC2a7d5474899Bf,approve-no-return,,,,,,_
0x44CDeBe3093919C94dDBa3d77dceF8F0836a09D1,approve-no-return,,,,,,_
0x456c4350EEFd17315713b265D8BE8b6063A5Fab8,approve-no-return,,,,,,_
0x4572b64696c07f73DCd0c5f48dbCE9A6869c550f,approve-no-return,,,,,,_
0x45F1C8450a37E061AB108a080Ec52F8f110E75D6,approve-no-return,,,,,,_
0x46043c9093FF4D0A796bD1AEE7E80254420368dD,approve-no-return,,,,,,_
0x4676Ee55aE10EF4177d6bdEa2f255bAcEa9D8C51,approve-no-return,,,,,,_
0x476C331d7F6569DC4Bd16EF6673f7A89Cd6F37C3,approve-no-return,,,,,,_
0x47A15658051E1C68795F8D51d1f29dE8b6ccaCd2,approve-no-return,,,,,,_
0x491C05896EF656d7FeE0FB90CE487315ff0aC14C,approve-no-return,,,,,,_
0x493C9E90127a04100E8ed85e58A06e8c6A72aE5A,approve-no-return,,,,,,_
0x49ab5a64b3EaEd6C2E2e46ADc8ee7974e8e88de3,approve-no-return,,,,,,_
0x4AfdD46783bc8322770c574c4D3C584960Be721a,approve-no-return,,,,,,_
0x4B480c1AbeF305C0e21644d083F677405aB8250C,approve-no-return,,,,,,_
0x4BA3BbB97B5580e73b8649929B3A1E7e99B3faf6,approve-no-return,,,,,,_
0x4D33f3c3De7918c31517Dec283d698bF4F17cD60,approve-no-return,,,,,,_
0x4D7eDd5f94515B0f35b38F6FB2Ea975A20823465,approve-no-return,,,,,,_
0x4E4019c632579fB81E8c26503140aa2C9b55c065,approve-no-return,,,,,,_
0x4E8D979271cC2739D2Bbd13B291faA3Eb6Df1504,approve-no-return,,,,,,_
0x4F4841765d1745696eAe65A4395C9fF3290A1F9c,approve-no-return,,,,,,_
0x4d6445C92aE02748105C73EE97E8327E726e465c,approve-no-return,,,,,,_
0x4e3d9941C10491Ed51314F706DDACf732489A102,approve-no-return,,,,,,_
0x4f4d8B0115d9c849403dd6215e65D284296585F6,approve-no-return,,,,,,_
0x5000A0B38878A2649F33B54bcBdA81E5c5A41F4C,approve-no-return,,,,,,_
0x508404d6F5342b4A11a08e8be3f9bB2DDBDC189f,approve-no-return,,,,,,_
0x50dBb89261c38e9f7C1070d1Ec4C266B2E291085,approve-no-return,,,,,,_
0x50fCF0396874F1D4A4D243E8Bb4C370C97f119bF,approve-no-return,,,,,,_
0x51430Fbd23a8aeF3d82e4240152BA379fF84016b,approve-no-return,,,,,,_
0x52324Aa1fDfaa263bB7CD102ef9DFcc615dF6023,approve-no-return,,,,,,_
0x52629DD14923d9F60deAFDd373ff6E1145866F09,approve-no-return,,,,,,_
0x52F22A6FCEa6f06750E779c8556299B0dF248F80,approve-no-return,,,,,,_
0x52d3ec187457a106D2ec546bE4Cb8A11D9Be2527,approve-no-return,,,,,,_
0x5301F1EC2F48F86bbd5291DfD7998a3d733A3245,approve-no-return,,,,,,_
0x53344C813FbC35890A7304187Dc920358B5ACF4A,approve-no-return,,,,,,_
0x53E3A7EC57132173Ce615dEBb9A303fD2cd86789,approve-no-return,,,,,,_
0x54186DF214506Ff5613196170d1Bd576895193aB,approve-no-return,,,,,,_
0x545ef6dB327e0861f199222C0C2D162A0F63E723,approve-no-return,,,,,,_
0x548D32216D01617452892eA360bFCE9cE8dc9729,approve-no-return,,,,,,_
0x548Fe7c07062954a1930a1df08C9ee24fE3Cc30A,approve-no-return,,,,,,_
0x555eedD21Fbef9789aD25a531e342Df0d020d98D,approve-no-return,,,,,,_
0x5562aCC7749eD48CA4692A8D9d3cc25C3d8f9b2f,approve-no-return,,,,,,_
0x557B586211235459Bcbb7632de2e5D88eec5005B,approve-no-return,,,,,,_
0x55e23440c062D60a7ed88A4c02d460650a03f194,approve-no-return,,,,,,_
0x56B2b52A551fdb98dE336f4db40279696370DeA5,approve-no-return,,,,,,_
0x56ba2Ee7890461f463F7be02aAC3099f6d5811A8,approve-no-return,BlockCAT Token,CAT,@Cryptopia@ForkDelta@Idex@Radar Relay,9200151,18,_
0x5736889Fd9702bA127555B745457Ea152476e93E,approve-no-return,,,,,,_
0x57B9348158389bEFA686C2B8CDc6C9B7bcb09a04,approve-no-return,,,,,,_
0x57FD3480581F72B0DF1AdeAd72B4181a52A1D7dE,approve-no-return,,,,,,_
0x57a00EDa6b251D98b52CcdEF777bFAF671c7D339,approve-no-return,,,,,,_
0x57c97fC376b35b35f8A922aAC5702B1728BE2abC,approve-no-return,,,,,,_
0x58C00e18cbc5C64302e745FF12Af1CF02784Aaa6,approve-no-return,,,,,,_
0x59061b6f26BB4A9cE5828A19d35CFD5A4B80F056,approve-no-return,Legends,LGD,@Bittrex,30000000,8,_
0x59524c5088FA3A7A1C441940061219C65B486474,approve-no-return,,,,,,_
0x59DE38752b22c13cb45da2105CD769e57fF615A8,approve-no-return,,,,,,_
0x5A52d88754c5B56c24F4C5E78ebB74Ccf1666C87,approve-no-return,,,,,,_
0x5A8e329B223fbAB183e09fD33C44B6da4F436BBd,approve-no-return,,,,,,_
0x5AB63263075c05AFAE67930DD911C513305d8630,approve-no-return,,,,,,_
0x5AF7Af54E8Bc34b293e356ef11fffE51d6f9Ae78,approve-no-return,,,,,,_
0x5B5d8A8A732A3c73fF0fB6980880Ef399ecaf72E,approve-no-return,,,,,,_
0x5E86aAB3E44ACaf801b3358F8870C37e12a716C2,approve-no-return,,,,,,_
0x5Ee430FD04Cae74Dd2717C76652e3766Adb46059,approve-no-return,,,,,,_
0x5F5B2C8AF81193Bdaf2Cb6793FB3d4DCe52FBa99,approve-no-return,,,,,,_
0x5a109163996ee56d88e7cE6E9579A45EDDEa036E,approve-no-return,,,,,,_
0x5acE17f87c7391E5792a7683069A8025B83bbd85,approve-no-return,,,,,,_
0x5c03aeccd5548C5fF2A9D6f7E8A52794812C5de1,approve-no-return,,,,,,_
0x5c2C871E560Cf6BcacCc04CA9b78e6520372bD8D,approve-no-return,,,,,,_
0x5c8951C94b059900D05b10D592b44C78574196c5,approve-no-return,,,,,,_
0x5dbd2e33f4ACeeeFba9d7D542913bA3E82216b7b,approve-no-return,,,,,,_
0x5f9385d5F4E27c17d9B56A2687e56415083f0EeF,approve-no-return,,,,,,_
0x606a24Aa75860A817cb5f2db859158Ca4866EDAF,approve-no-return,,,,,,_
0x61Baded7181fCe4345Db7E6Ebc86875edaBF008a,approve-no-return,,,,,,_
0x61D89828f79BbaEcf854c7dF08dca887aF0f8eE7,approve-no-return,,,,,,_
0x62590a381465Eeb2C909787Fc927D150CE340d5b,approve-no-return,,,,,,_
0x62E66080900FE39CD52bf5C0F8385B1339BEdaE5,approve-no-return,,,,,,_
0x62f6677dec8e459D185A57c63332B239CaFfEf97,approve-no-return,,,,,,_
0x63B9abba99CFb2B650c06F5A24BCFCBdF27467fB,approve-no-return,,,,,,_
0x63ED2a40D7b0A8FC9017C9B9c765deb531115eA8,approve-no-return,,,,,,_
0x63bb7f2763CfCc3270b20e0c2ac60e956d66bd09,approve-no-return,,,,,,_
0x6416704a47bB0CA8d004649314Ac85E8bDFa9263,approve-no-return,,,,,,_
0x64CD4cF9538E455353070D6024E86a8c0c98a246,approve-no-return,,,,,,_
0x651f8e09d0Cb5CF823e2bfe91B97cbDE714756D2,approve-no-return,,,,,,_
0x65D08c27d696eB55170cB3346b423Ad85E58DE68,approve-no-return,,,,,,_
0x664AE9Be65F1977f0eca5ece98E291D59d9ec9a8,approve-no-return,,,,,,_
0x6704f6B9c24502B30Ba0C9406d22C8E1dDA160B6,approve-no-return,,,,,,_
0x67123aFd93DD99C2B7587eA506843bfD9485D95e,approve-no-return,,,,,,_
0x67499A8bCdd401eE18c1F8A62C903EDbc1883954,approve-no-return,,,,,,_
0x6750C97aa8a1b388Ed560a06AeFd64d457455bA7,approve-no-return,,,,,,_
0x678105d3ea35A0465a2968b93f592c0775087694,approve-no-return,,,,,,_
0x679732680cc84aFC00876b6Ab813920dBB74506e,approve-no-return,,,,,,_
0x67C5456b39a84e3a0058cD0026Da69040aDA86e8,approve-no-return,,,,,,_
0x69294Da06fe22d2e1Bfe59467bA22E31c0953dCF,approve-no-return,,,,,,_
0x692a0669337b0073B3bF5eF1E6B12Bb2f3aBccEd,approve-no-return,,,,,,_
0x69b5357D893fcE82248E83CCd9B0871F5D5d9461,approve-no-return,,,,,,_
0x69cCa8df17623f18a001b96Ba4d958cE72Bc6BDC,approve-no-return,,,,,,_
0x6C5208924c5b302f756A79776a8b2918a041AD4D,approve-no-return,,,,,,_
0x6D0a44Fb6A416dA6efe1C192560BE1bcCD01f6bE,approve-no-return,,,,,,_
0x6D56fb76d62bBB01cec94612db6bfAd81bF65F3A,approve-no-return,,,,,,_
0x6DD5b09aCDA78B05D0356483fe05EB0768352945,approve-no-return,,,,,,_
0x6Dc8080072E834A1d8E22CEDe668A3b373E505eC,approve-no-return,,,,,,_
0x6EBA2bBcC5AA6329a1271b4278C7E112522a1c11,approve-no-return,,,,,,_
0x6EF5B9ae723Fe059Cac71aD620495575d19dAc42,approve-no-return,,,,,,_
0x6F4DcBB16F72853c7382e7100A0713a68e53d9be,approve-no-return,,,,,,_
0x6F6DEb5db0C4994A8283A01D6CFeEB27Fc3bBe9C,approve-no-return,,,,,,_
0x6Fd570c64568a05B9cF3afcD7D31Aa5e3c9b8350,approve-no-return,,,,,,_
0x6a4b123a29ACFDa4c296545C6915A44fc0985f2c,approve-no-return,,,,,,_
0x6abF810730a342ADD1374e11F3e97500EE774D1F,approve-no-return,,,,,,_
0x6ac9E08B3AA6b501E5FB29B3D65E4c12305Ba721,approve-no-return,,,,,,_
0x6b697082bdDA19c7Fb9af9a265D8308993d670F9,approve-no-return,,,,,,_
0x6c0F03411aB250f0a080a4420190B821AffD4602,approve-no-return,,,,,,_
0x6cCB56947eA1d6eFdc81ACfbAcd8263DDFa9b202,approve-no-return,Royal Kingdom Coin,RKC,@Cryptopia,0,18,_
0x6d500e4B6565C3c25a6EDD51839d52269e3d293f,approve-no-return,,,,,,_
0x6e939629f97cDADF6d6D2F3f1d675383e0046039,approve-no-return,,,,,,_
0x6f3a995E904c9be5279e375e79F3c30105eFa618,approve-no-return,,,,,,_
0x70BE0bC47ddc88D6AaE1Ced870FEce5503fD853b,approve-no-return,,,,,,_
0x70e66333D3Cd65A50182790DAa704F49344a4d78,approve-no-return,,,,,,_
0x710eCAb9D5D016C4dE4E1469FBD6970c76A31DC2,approve-no-return,,,,,,_
0x715F6877b09d490e6a3a8641f9a9AaF1bf1cAE75,approve-no-return,,,,,,_
0x7192bb75777DaB47ef6fBF6f6C0e4BCBB2294F38,approve-no-return,,,,,,_
0x7287BeF78619E10C32a1eEE82046fA3c4a29f17d,approve-no-return,,,,,,_
0x728E2D16369D41Bf19ad50233C62347f112814CF,approve-no-return,,,,,,_
0x729E18C28FE7543233cE28310348362D93484DbA,approve-no-return,,,,,,_
0x729d11Fd8EE835A165A6824362beBaC8a7831Aea,approve-no-return,,,,,,_
0x72AE659d654A7F90d874523aF574CA9a0Aa914Ae,approve-no-return,,,,,,_
0x734740c4fe8d8D5F05e16a7397F5F3Ed81d44bA8,approve-no-return,,,,,,_
0x737290DC60F7079123F96a59bA1C48188A94a108,approve-no-return,,,,,,_
0x73B0eBEa28f76be1368d578D13657354330472A9,approve-no-return,,,,,,_
0x73E3538603aC6fC042706Ee90E43F1f581aE275b,approve-no-return,,,,,,_
0x73aa5361a44D30e4401460e438C1E13e9DB8FEDF,approve-no-return,,,,,,_
0x73dD069c299A5d691E9836243BcaeC9c8C1D8734,approve-no-return,,,,,,_
0x741733CA54E0F052a092bdC95bA9897C2D56e04B,approve-no-return,,,,,,_
0x74303D9D085A0D647EF47f9c0C424c73F3BFa6ca,approve-no-return,,,,,,_
0x7460266268341a4c366A034DBd28BF54b9E3b043,approve-no-return,,,,,,_
0x748e0216C9C0ccf215DCd1E848d461E6Ce86a5f0,approve-no-return,,,,,,_
0x74951B677de32D596EE851A233336926e6A2cd09,approve-no-return,,,,,,_
0x74B0ac3e83b78a8e3C3E4EA82193f72bc0c6392b,approve-no-return,,,,,,_
0x74a492720Ab2Cf59261B14bC89E78f8147A96F61,approve-no-return,,,,,,_
0x750229C6e70AA4B747B1bBA2408436d74465381C,approve-no-return,,,,,,_
0x752c4E4e90846C5673C3791b9809f71B7D4A638a,approve-no-return,,,,,,_
0x75Eb1E315B28742aC016300E466f719Fd20e116E,approve-no-return,,,,,,_
0x762d0666217d92764D0052a630B131507FBA2bD4,approve-no-return,,,,,,_
0x765EDA6a8Dfb0f70E54e096DaF7c81156CC7A0Dd,approve-no-return,,,,,,_
0x76a09Dc62B5543c359bFFb9921e3150AaF3Aa566,approve-no-return,,,,,,_
0x76bEeB04Fbb6326D3c928484dE13481284B2100e,approve-no-return,,,,,,_
0x76eeC498e1502993324f7da98f0C78380e071098,approve-no-return,,,,,,_
0x7705FaA34B16EB6d77Dfc7812be2367ba6B0248e,approve-no-return,,,,,,_
0x77777779B121cCf5CEcda0eDc3502c6085914fa5,approve-no-return,,,,,,_
0x77929546407E49F804096511c0d8B16b22039f4B,approve-no-return,,,,,,_
0x77a62e46b2C62E9d9b8d76a8BB02304f3280Ee55,approve-no-return,,,,,,_
0x78B7FADA55A64dD895D8c8c35779DD8b67fA8a05,approve-no-return,ATLANT Token,ATL,@Exrates@ForkDelta@HitBTC@Idex@Mercatox@OKEx@YoBit,54175040,18,_
0x78cA9EFB03b55Ed1CDc2978EBDfeA81b1b0Bc88B,approve-no-return,,,,,,_
0x79A198b2355CA2aef695d8a4987582E093911EBb,approve-no-return,,,,,,_
0x7B171C08D812F9c642Dcf61f7E080610CbcA64B3,approve-no-return,,,,,,_
0x7CC61e3aE6360e923e9296C802382ec7c9dD3652,approve-no-return,,,,,,_
0x7EfA60B81287F7E609495833a6cE5475c8441bB7,approve-no-return,,,,,,_
0x7a3AA244Cb5520Cd40876c604953C269044f6599,approve-no-return,,,,,,_
0x7a93f0d9f302C0818022f8DCa6Ee1Eb0f1b50308,approve-no-return,,,,,,_
0x7aBbE415D8504D89B188C3c783e694690c5F5f88,approve-no-return,,,,,,_
0x7b6e57D2139dD5F38012cd641CEBB8AFf0d8953a,approve-no-return,,,,,,_
0x7b7e5D448B8E1dAaB71eEe0bd828D2798Cfa4Ae8,approve-no-return,,,,,,_
0x7c8AE803260FC26d9afA3D4aAd07da3A54bda41b,approve-no-return,,,,,,_
0x7d225B77CbB5F826c1a45EA23B15A0b317bD7840,approve-no-return,,,,,,_
0x80D0cb118f7179c08157c86f8eD416581278bb6a,approve-no-return,,,,,,_
0x815a7C1283c802C61933d3fE6F86f6A890443F84,approve-no-return,,,,,,_
0x81b4D08645DA11374a03749AB170836E4e539767,approve-no-return,Paymon Token,PMNT,@HitBTC@Idex,1000000000,9,_
0x8200341fFA058A4b2fa5BEf16C8CcA0330d529ed,approve-no-return,,,,,,_
0x826f6D1242231B70832d009f7d2C99A0CA8b7A12,approve-no-return,,,,,,_
0x827d41446A2Cb012D3011b94F525D6c46B32866d,approve-no-return,,,,,,_
0x827de8CB5bF8DA8f16093505C58b5677122CDceC,approve-no-return,,,,,,_
0x82898432D56663b132D3104181a4edea8680097c,approve-no-return,,,,,,_
0x82F23A7DC57790600850D036968D90266fd72FA8,approve-no-return,,,,,,_
0x82aEb952104E4b7e4fC7002112987Ba1f69aE2c8,approve-no-return,,,,,,_
0x82b0E50478eeaFde392D45D1259Ed1071B6fDa81,approve-no-return,DNA Token,DNA,@Cryptopia@ForkDelta@Idex@KuCoin@OKEx,100000000,18,_
0x82c2C4c70649B19C9F4cc5e1e8f20C8233f6CFE1,approve-no-return,,,,,,_
0x836A5f830D695B4f9975eE87B0b0bE68c44FF585,approve-no-return,,,,,,_
0x83e77dF60f66a5475fd9feCdc90306b0C1EDDD29,approve-no-return,,,,,,_
0x840278B27EeF8019095F8C8198a373B57a8fe0E7,approve-no-return,,,,,,_
0x8416d6CF1EF3b3363A031EA42E4332fa69d2C318,approve-no-return,,,,,,_
0x841a9e46F99A315e06a97EED6a8E0287bE11872A,approve-no-return,,,,,,_
0x848217A9569Ca64FFFbA9D000cdA05f9d2fA97f5,approve-no-return,,,,,,_
0x8493835CAfC3EB1dD74BC0D0e1a06E0A9C14E2D7,approve-no-return,,,,,,_
0x84A68f203ded4F2DF6d00Df42FB90F8f25dbCED4,approve-no-return,,,,,,_
0x84A68fb0a9A8C8239316bb49865c164EEd095a96,approve-no-return,,,,,,_
0x84a1467D6B3C6bA22fAbf6A3851C287C9C55f298,approve-no-return,,,,,,_
0x84dF2e22b02cCb9ECE6eA52736C4D2A6bc1eB963,approve-no-return,,,,,,_
0x8627ffCaDADe9C0c4dab4A82C73Ceae10C2B401D,approve-no-return,,,,,,_
0x862CB5B6EEAaFB26Ebb137e0c3C5d7728800439A,approve-no-return,,,,,,_
0x86D3eFfe52A70E4898F5844D5c28BAE02F02B8aC,approve-no-return,,,,,,_
0x8727c112C712c4a03371AC87a74dD6aB104Af768,approve-no-return,Jetcoin,JET,@COSS@Coinexchange@ForkDelta@Idex@Mercatox,80000000,18,_
0x87360AE69F75e3A8b19C131dc01f4E0d2Fc8c6b9,approve-no-return,,,,,,_
0x873CDfe8709CcDF1E3765264959e8C78C7f224AA,approve-no-return,,,,,,_
0x877fBe7945DE011a91333ba76eD38FFd41314801,approve-no-return,,,,,,_
0x87aE38D63A6bbB63E46219F494b549e3bE7Fc400,approve-no-return,,,,,,_
0x87d598064c736dd0C712D329aFCFAA0Ccc1921A1,approve-no-return,,,,,,_
0x887E1988F7d697df22AEA1207a5e1831ad3065Ef,approve-no-return,,,,,,_
0x88Cbf34997e5219E103c2D348c5d4eB4D27371De,approve-no-return,,,,,,_
0x88d50B466BE55222019D71F9E8fAe17f5f45FCA1,approve-no-return,Cryptaur,CPT,@HitBTC@LATOKEN,27662180148,8,_
0x8B481c5Af4734501Ea8b6a0c3502e001dd883d3D,approve-no-return,,,,,,_
0x8B88a39383C90000bF8be57b8ABFD59a6256b2e2,approve-no-return,,,,,,_
0x8Bc7468bfD4C09D334071E954E1b06eb0e6c67E3,approve-no-return,,,,,,_
0x8C2916FF8b7AAFE08a62ED9E0E9D58F4e753ebE0,approve-no-return,,,,,,_
0x8CEb724bA3cF37637ca0844c9d24f2C2713C9da0,approve-no-return,,,,,,_
0x8Ce2236bb743Ef077409B43E541eAA4f5b928Db3,approve-no-return,,,,,,_
0x8DfFfD951B02F795b582596BC27F624be7cF3C90,approve-no-return,,,,,,_
0x8E8F340f43430c9a1958aB72B2847c8e4935bb0c,approve-no-return,,,,,,_
0x8F223017E0519D54f9395Fb01Fa37139e54d921f,approve-no-return,,,,,,_
0x8F64dCd3D43567AFA274339e351d4388220bDa1b,approve-no-return,,,,,,_
0x8FB97Dc96558199ffb549a35a231B97A19Fdc912,approve-no-return,,,,,,_
0x8cD3Bac9875B1945D1D3469947236d8971Bf3174,approve-no-return,,,,,,_
0x8fb5113fDE941af65055bCBE4Ae0a1916D7514BC,approve-no-return,,,,,,_
0x90b12b97a52451f38090f49BcE8Bc2962ddE4902,approve-no-return,,,,,,_
0x9106708eB08A6fca144BCb45F8bcD020F903C0f5,approve-no-return,,,,,,_
0x9140764f812EE8C8a5E05f946A01174Ba7791f4e,approve-no-return,,,,,,_
0x9163BDD7dE1fb782E24c4B865A3ACBC59A550F8A,approve-no-return,,,,,,_
0x91A57B2F6FA86B373Bce5716eb26C81cbb004223,approve-no-return,,,,,,_
0x92579f2fa430B20BF6CE9d19938Fe061aad992E2,approve-no-return,,,,,,_
0x92Ae973f0549c7D51370A236FE7B1dFe9eA5aA56,approve-no-return,,,,,,_
0x92cB5F1FbabbcbDd891B9Cbd8E9a056c8c1eEbEF,approve-no-return,,,,,,_
0x9329020B260A7e09A6271e0b719A2FE4bD96fA03,approve-no-return,,,,,,_
0x9348E71Eb8f7eFDb17792Ba3cf1e3163eA8b78F2,approve-no-return,,,,,,_
0x93D0Ce92b22588C538969D8b81c701F781a2235d,approve-no-return,,,,,,_
0x93E47e01B9e673Cda4d42a1497cF7059efc4fA6E,approve-no-return,,,,,,_
0x94603d4A41856bCCB75cC3603aF19Fc161a7B6b6,approve-no-return,,,,,,_
0x95411d0aCAa34aaAf85C0eA55a8FdE2CefB3d610,approve-no-return,,,,,,_
0x9572b8C17Fd8288C9e07fE65d37f554be350F114,approve-no-return,,,,,,_
0x95B5A10ed52b84EDD61D8205Bb946323fcaEDbec,approve-no-return,,,,,,_
0x95EeFC5F6412701d86268752532cDdf29f7C9234,approve-no-return,,,,,,_
0x9668CD96f610b010348e02cfE7D900E3028c225C,approve-no-return,,,,,,_
0x96a3680163071354727974F8310A58D2bbA3ab67,approve-no-return,,,,,,_
0x96d0c2877b5d4Fa1a476a8184326ff3EFA0f95f5,approve-no-return,,,,,,_
0x96e666c387B1d25B490A33CDB5a32b8A1F91D3B6,approve-no-return,,,,,,_
0x972f04Fe0927445C5821B1c368b2Ed29821271B7,approve-no-return,,,,,,_
0x9774126f3F470FB5C45D3Ea8fd6198eFb07C8EaC,approve-no-return,,,,,,_
0x97A3aFedb51931A66aE86811De981E80082AF56d,approve-no-return,,,,,,_
0x97d1761564C564fe0325E5538d35687a73970Cd4,approve-no-return,,,,,,_
0x98008a4168b66261Cb112D2D4cd940728D033c2e,approve-no-return,,,,,,_
0x98307e036c5D024447EA59296F6e41cb998b38D0,approve-no-return,,,,,,_
0x9860e59993EB5998286C150A8E14Bb9E4a36Dd28,approve-no-return,,,,,,_
0x989aF9516c7466fFf588121059C7F069A2f5BB49,approve-no-return,,,,,,_
0x989c3b228856C18771BC55c2BD59633cDCF459ec,approve-no-return,,,,,,_
0x990c2463C7C4DCb435948E3110006F352dA8E666,approve-no-return,,,,,,_
0x992B4E3C40557FfdDD482f47f646fEE43cCdF038,approve-no-return,,,,,,_
0x99474b0a565DD095555636D85803CdcA7276B931,approve-no-return,,,,,,_
0x995020804986274763dF9deb0296B754f2659cA1,approve-no-return,,,,,,_
0x999E3102682C769A3fBD9fAf64370c15eCCDd007,approve-no-return,,,,,,_
0x99d439455991f7F4885F20C634c9a31918D366E5,approve-no-return,,,,,,_
0x9BD1C760208BFb99A82cDf3adAc09F4800db78B1,approve-no-return,,,,,,_
0x9D8B33f8719470478DBD48711d004a0736d86956,approve-no-return,,,,,,_
0x9EC017c453dAA314624b75c2019Ae53DC9f01e41,approve-no-return,,,,,,_
0x9F7EAEB7d987b33db953fcA515642a1def0cc39e,approve-no-return,,,,,,_
0x9b2E3995E8ccfB5E133dBf49Bf6723e4168892b6,approve-no-return,,,,,,_
0x9b5F737C26040707921A309ae83976Ad15227FA5,approve-no-return,,,,,,_
0x9c4F41cAfb97A959BD05b11b0680e8083E234a9E,approve-no-return,,,,,,_
0x9dE550274AF9c3D4D3E9713f828bD58bd5686B5A,approve-no-return,,,,,,_
0x9e17852142B297B7D7919698fA8B7e382c43bEBD,approve-no-return,,,,,,_
0x9e386DA8CDfcf8b9E7490e3f2A4589c570CB2b2F,approve-no-return,,,,,,_
0x9e3f0FC2A9eA1Ec8D9e51A7A34c20b777021b030,approve-no-return,,,,,,_
0x9f4fD6c336388F2ab7DC7bBe4740aE7B88B880D7,approve-no-return,,,,,,_
0x9f87C89d4B96628f3F5bc6aB981Bab71997d99BB,approve-no-return,,,,,,_
0x9fff4Bc5166f50eAE026e6A57972a149e4fD140f,approve-no-return,,,,,,_
0xA181b8c9f6b43B8252c6c9826Cf5feba362B542e,approve-no-return,,,,,,_
0xA1A85A763b252Ff7253b8829d4Fb60d526E517Ca,approve-no-return,,,,,,_
0xA1C23d389A3B5BCf60b09b8DaaD9D4B2af65FB84,approve-no-return,,,,,,_
0xA21C9a3ae47103B1fD1DfA04766c4D00c19E1Ff6,approve-no-return,,,,,,_
0xA2389E3F09668C7d516e2Fe72C51096FF6837c43,approve-no-return,,,,,,_
0xA2fd77767C598C7E93fA7234FCfE1976CF7E3216,approve-no-return,,,,,,_
0xA3FA17c51a77a79808f3C21948DE3ea70391Ce6a,approve-no-return,,,,,,_
0xA61C86EeA36c9ebE51b70C4a77EcBcE0a6078D02,approve-no-return,,,,,,_
0xA6858b98E5c14db67eC22C668701B1D33A3De1F7,approve-no-return,,,,,,_
0xA690f6a9fA8BCEf284F2f4aeB1adD87e1D9A4465,approve-no-return,,,,,,_
0xA6d3aB499F7b20cE2A9Ab5660415CcC19E42c4dF,approve-no-return,,,,,,_
0xA7CA36F7273D4d38fc2aEC5A454C497F86728a7A,approve-no-return,,,,,,_
0xA828476505d3B4db07aCa0B69726ECa39E5DeA50,approve-no-return,,,,,,_
0xA971AfDCa01BD1ca1499346E730a3d1Dc06a3A9d,approve-no-return,,,,,,_
0xA97fF44CFf7101FaC76aF172F088f400F28cb4E9,approve-no-return,,,,,,_
0xA98Ad92a642570b83B369C4eb70efefe638bc895,approve-no-return,,,,,,_
0xAB6CF87a50F17d7F5E1FEaf81B6fE9FfBe8EBF84,approve-no-return,,,,,,_
0xABea06495aBD2498Ef7371Bda82B0c5269cB8efF,approve-no-return,,,,,,_
0xAC2E5be23611C685676cb8E824303030cDb97fbB,approve-no-return,,,,,,_
0xAD2FfB12F09E7886309FfD5B26D6262f1B52CB45,approve-no-return,,,,,,_
0xAF71B19e6292c6e1491ff3A54B3E63DBD41Ef023,approve-no-return,,,,,,_
0xAaC277020580E1e9B5Bf68D979C1C20E51C7E1d9,approve-no-return,,,,,,_
0xAaaB51De73631114Ea24Ba4c0B3929a60E5D2413,approve-no-return,,,,,,_
0xAb2162AB3d9d5486A881AD02a1843FC2f1b28323,approve-no-return,,,,,,_
0xAc1bAdBA2d5AD0dF7B002091a09117710565a1eb,approve-no-return,,,,,,_
0xAe79358DA89abaB5e85E1BEc1cb2C94E2553d192,approve-no-return,,,,,,_
0xAf1119aC13dA83961883773F715E58d43E2AAE07,approve-no-return,,,,,,_
0xAfdD6Fec9Be6E31AD9dd7E28631625AC8e38f9c3,approve-no-return,,,,,,_
0xB1eb96f752C624DC784D80961A1aCcfAf348C923,approve-no-return,,,,,,_
0xB2b68E43EFc5cE81530398aC6CE624a10A3B27A9,approve-no-return,,,,,,_
0xB2eE4ACf44b12f85885F23494A739357575a1760,approve-no-return,,,,,,_
0xB3c6537B44Aef5267173C031011581B32683A2e5,approve-no-return,,,,,,_
0xB3cf58cda42910385eAf7022437E764aBB47a33E,approve-no-return,,,,,,_
0xB45a50545bEEAB73F38F31E5973768C421805E5E,approve-no-return,TKRToken,TKR,@EtherDelta (ForkDelta)@HitBTC@IDEX,12529746,18,_
0xB4CBD93f9f1C8b4Ab4Ea8C4591ddCE2bdBC7fE6b,approve-no-return,,,,,,_
0xB4e4a785de5A9cAEfAD3912A1344fEbF04c7d2aC,approve-no-return,,,,,,_
0xB59387f424adE7F33604F8F17BA7Ecc2bD82e19A,approve-no-return,,,,,,_
0xB5Da84cdC928765c15A8192bf3c6649E7802772B,approve-no-return,,,,,,_
0xB5eE67c9A8FAf86D968B2D238561c01b823514F5,approve-no-return,,,,,,_
0xB63b95C33B891CDc01CC1456412e58EB8BC74571,approve-no-return,,,,,,_
0xB64E6BEf349A0D3E8571aC80B5ec522B417FaeB6,approve-no-return,,,,,,_
0xB6C3F831D759599215033e55243853225F33B770,approve-no-return,,,,,,_
0xB75BAb60770f91bdb2Eb40f2e3663A05aD2090Ca,approve-no-return,,,,,,_
0xB8Bf73550F251562d308882E032225A700A7b9bc,approve-no-return,,,,,,_
0xB919AF95F358c8EcA0bAFC57Ff5296B620128d11,approve-no-return,,,,,,_
0xB92DcA7406c8f46B372F8F84548A5E40BB969C8D,approve-no-return,,,,,,_
0xB93489b75a0cF3Bf5a380Ab3c986482d15a9Ef56,approve-no-return,,,,,,_
0xB97048628DB6B661D4C2aA833e95Dbe1A905B280,approve-no-return,TenX Pay Token,PAY,@BigONE@Bit-Z@Bithumb@Bittrex@BuyUcoin@COSS@Cobinhood@Coinrail@Cryptopia@Cybex DEX@ForkDelta@Gate.io@HitBTC@Huobi@Idex@KuCoin@LATOKEN@Liqui@Livecoin@Neraex@OKEx@Upbit,205218255,18,_
0xBD4BCf397E60064EE6089e1B9fa9a83A43A2fb47,approve-no-return,,,,,,_
0xBECF99D51006A89D029A30b169D2D9f330C96722,approve-no-return,,,,,,_
0xBF64a825e602a4F1C31480a470E99e1D896c88a7,approve-no-return,,,,,,_
0xC1EF465527343f68Bb1841F99b9aDEb061cc7Ac9,approve-no-return,,,,,,_
0xC287C509469dC976C83Ba29dBD74946FEf4A68DB,approve-no-return,,,,,,_
0xC2C63F23ec5E97efbD7565dF9Ec764FDc7d4e91d,approve-no-return,,,,,,_
0xC2D346915414047795418b16694CA0B3F01251a6,approve-no-return,,,,,,_
0xC39A638F2D6D297D184b3A48167f9bd9414052C9,approve-no-return,,,,,,_
0xC3aC10385BA8Fb5cedD8519059767D28DD52664b,approve-no-return,,,,,,_
0xC53Af99A9A508eBf7c5EA04Bf3Cc252e675abb10,approve-no-return,,,,,,_
0xC6E7ce1b2B7BaD6FEfcF18b43F5A3cC93033f854,approve-no-return,,,,,,_
0xC72678b233DB51ff01a6725C21A323A98096CFA1,approve-no-return,,,,,,_
0xC7af99Fe5513eB6710e6D5f44F9989dA40F27F26,approve-no-return,,,,,,_
0xC886d9b4DE5f9B5578FABd9151571f5fb8869d9D,approve-no-return,,,,,,_
0xC89fA86A1a2f6De30D35B4602F709161D08BABda,approve-no-return,,,,,,_
0xC8f0FcC41b3364A770e7EF1Bbd22E2fC768C6E87,approve-no-return,,,,,,_
0xC99f359F73626e475ee86CaaB459A4B34aE93Fea,approve-no-return,,,,,,_
0xCA672019b062Af2d3525625C23243784c5249A75,approve-no-return,,,,,,_
0xCA6bEA8e144B0A6aEbBB412e6Ad0E7FF1959235E,approve-no-return,,,,,,_
0xCC97eBb7c5a7D97db32fb23A23fe516575C5e10a,approve-no-return,,,,,,_
0xCD1e4ea603eaCB15930abD28e2cc1020636bf3F1,approve-no-return,,,,,,_
0xCE5deC547eF1b7444e0B98449acB6058b791002A,approve-no-return,,,,,,_
0xCF28Bf20B662F746A4B487FA81de5A40ac0af49C,approve-no-return,,,,,,_
0xCF77B582bbB9aFda0AbE1d7Cedefbaa312C5c45F,approve-no-return,,,,,,_
0xCFC666938d20CF7180aC4BeB436e57e375eF1eA0,approve-no-return,,,,,,_
0xCa82CFcfBe9EEd35F7afEe9C17755c679BE13241,approve-no-return,,,,,,_
0xCc34366E3842cA1BD36c1f324d15257960fCC801,approve-no-return,Bonpay Token,BON,@C-CEX@Coinexchange@Cryptopia@ForkDelta@Mercatox@Novaexchange,21745688,18,_
0xCe37d91073b13f9ECFB993Fc5778BD159c17aED5,approve-no-return,,,,,,_
0xCfaAfdD4eC90985108c3F4847B14e7c733eAF575,approve-no-return,,,,,,_
0xD1613bfb12C53BFf3fb19F6A8BC69c4A3A6Cdf2D,approve-no-return,,,,,,_
0xD2A2691b44FAcBAC43EEB4A7330180F14FA1431f,approve-no-return,,,,,,_
0xD359E3f53b5D4E11b8B11Dc0772448F380Accf3C,approve-no-return,,,,,,_
0xD35DeB30Ad4B00a0d688Fd150C6856542FE1946a,approve-no-return,,,,,,_
0xD3a6967214a24dE0a230c66aFe0a47fB2Ee1Bd83,approve-no-return,,,,,,_
0xD571788859897023B500C6C7Fd295BbA1E7FF71c,approve-no-return,,,,,,_
0xD6CaB260D719B1691982f7620ACf0cA0708cB2Fc,approve-no-return,,,,,,_
0xD7f21117EA7F137E12d89B16aDBf683f71d72C9C,approve-no-return,,,,,,_
0xDA25e5B939643a51375eEe932aeD11b92A9Bc003,approve-no-return,,,,,,_
0xDAE049562763D6A4236AF188a05f4f29603b41Cc,approve-no-return,,,,,,_
0xDBD5f2FA4ab9f59feB26612a2A54F1BF363FAdFd,approve-no-return,,,,,,_
0xDCA726c80520e9ae4bF1786A1fce32538eE11e79,approve-no-return,,,,,,_
0xDD28848AD5eddcBAe7E9134C6ee344086665D2E0,approve-no-return,,,,,,_
0xDE083E40fe84835cbBd6c69F6595cAE1e85551dc,approve-no-return,,,,,,_
0xDEa4c5c25218994d0468515195622E25820D27c7,approve-no-return,,,,,,_
0xDF68995F07882120b44DA1D0fABf41ca1681DEec,approve-no-return,,,,,,_
0xDaB328d4C8D85d2622542e5aFf48f9A1E7164218,approve-no-return,,,,,,_
0xDd8C6e99E8641eD9946e2B4De524E335A9840321,approve-no-return,,,,,,_
0xDf3390866c6AF5c1ec56FaDd2D152Ed7de9137Df,approve-no-return,,,,,,_
0xE081b71Ed098FBe1108EA48e235b74F122272E68,approve-no-return,,,,,,_
0xE09B8B76BC46e81980d74755b83e835cF4B2d0D1,approve-no-return,,,,,,_
0xE2E6D4BE086c6938B53B22144855eef674281639,approve-no-return,,,,,,_
0xE3Fa177AcecfB86721Cf6f9f4206bd3Bd672D7d5,approve-no-return,,,,,,_
0xE41a1F73979Cb25DEF133Fb3a529D540057188f2,approve-no-return,,,,,,_
0xE4Ef6df2c125B61e7DBa539734d84f31D52DddFE,approve-no-return,,,,,,_
0xE55624d839E48878E7BcB141cB188fdB2694bfFa,approve-no-return,,,,,,_
0xE5701aF1D9474707CF85bF6FA31AA0f892951817,approve-no-return,,,,,,_
0xE6101e8F83a0ab40Fa228d6F4136A80D734055B3,approve-no-return,,,,,,_
0xE631C110CfD301b0FAA45A3D9fF597EE6E5ab756,approve-no-return,,,,,,_
0xE752483412490481d193194d293dB5cD0Ed054a8,approve-no-return,,,,,,_
0xE7dC501cB9Ca414CF9211Af214D5065CA3a30768,approve-no-return,,,,,,_
0xEB35A696Af4cf2E18203781DB1c7607ADBaBC251,approve-no-return,,,,,,_
0xEF68e7C694F40c8202821eDF525dE3782458639f,approve-no-return,,,,,,_
0xEa1f346faF023F974Eb5adaf088BbCdf02d761F4,approve-no-return,Blocktix Token,TIX,@Bittrex@Cryptopia@ForkDelta@HitBTC@Radar Relay@Upbit,62500000,18,_
0xEa7F3BEBf04A367Cc41Ae19E7f2Ae7dE4bbE6e3B,approve-no-return,,,,,,_
0xEb12a9c5DBcF7fbB6dEb1f85cdF84E66de4Cc300,approve-no-return,,,,,,_
0xEbeD4fF9fe34413db8fC8294556BBD1528a4DAca,approve-no-return,,,,,,_
0xF062783C821E2f5a1d3768a20D2C281d134E0C92,approve-no-return,,,,,,_
0xF077155FCA8288da1CbDfBC77E5a33E8F2289664,approve-no-return,,,,,,_
0xF0ba84690b9bdEC4C3175557446DDdf6384eeC1d,approve-no-return,,,,,,_
0xF15F61643eEa73be40aD9b72c09ED381faC7A256,approve-no-return,,,,,,_
0xF1eA5446F82783094DA76c9Cb5EB4d03eCC643F4,approve-no-return,,,,,,_
0xF207CCfe6D1b90b0b7817ce2d5d262af1514e37b,approve-no-return,,,,,,_
0xF28460e6C571F1D1e481c81dD84973F9B00E1B7B,approve-no-return,,,,,,_
0xF2891b23512ff3735eA6f5bA5a2D314D87c65394,approve-no-return,,,,,,_
0xF433089366899D83a9f26A773D59ec7eCF30355e,approve-no-return,Metal,MTL,@Abucoins@Binance@Cryptopia@ForkDelta@Huobi@Idex@Livecoin@OKEx@Radar Relay@Tidex@Upbit@ZB,66588888,8,_
0xF46ede17c0bAb20d87Cd079a2632f71433A407b9,approve-no-return,,,,,,_
0xF528d0e1e11edEe40Ca3724bd9FD923Bb0235CC3,approve-no-return,,,,,,_
0xF55ACF113cb1628f27B23d61fe6df12f43294694,approve-no-return,,,,,,_
0xF711233A0Bec76689FEA4870cc6f4224334DB9c3,approve-no-return,,,,,,_
0xF7a6E15dfD5cdD9ef12711Bd757a9b6021ABf643,approve-no-return,,,,,,_
0xF7f6c2836293A661bE2690FBaCaE97F3F027e9c4,approve-no-return,,,,,,_
0xF856A08F1F6F53b21BBe6abcE5c15317ce9B8811,approve-no-return,,,,,,_
0xF86D6F388661A220171468F14ECbED78611ccccC,approve-no-return,,,,,,_
0xF8Fa1A588cd8cD51C3c4D6Dc16D2717f6332e821,approve-no-return,,,,,,_
0xF9DD354Be4A35ba3f44f8b51564e9D5110B16357,approve-no-return,,,,,,_
0xF9d3402066E3a483f4ca7abFa78DEC61635E561f,approve-no-return,,,,,,_
0xFA69B360a33acebA81a6Ff762150F25B311cE039,approve-no-return,,,,,,_
0xFEC7b4c8c4bd73522C574d31f6801F3f8955ffdC,approve-no-return,,,,,,_
0xFFB73eA8Ecc96307D99B194051314204a2E38d51,approve-no-return,,,,,,_
0xFFB99F90BCd96fE743796FD8eeFaAa6617753e79,approve-no-return,,,,,,_
0xFa38485a4913e18C66F79F1Bec6E4A3bA2A8b58A,approve-no-return,,,,,,_
0xFca4e786e055BC84d9a1a5ed7e232beFD94CA1A5,approve-no-return,,,,,,_
0xFe53D681D34CF379782d25AF69990F6A707D30d8,approve-no-return,,,,,,_
0xFf1560afEF58be59b11C72734ad1d89db63e4E71,approve-no-return,,,,,,_
0xFf58B2DA0414B4fC4cF18f4EC7230BA7b82677E2,approve-no-return,,,,,,_
0xa0ACc9Fe716c39A68dAFb8F10c75b1276B08a17c,approve-no-return,,,,,,_
0xa12ED3bf21Bc6a4571EE12eE85C55Ab407221d10,approve-no-return,,,,,,_
0xa16F4BEEe48C7090e99BD6Fe7476a017f58E391f,approve-no-return,,,,,,_
0xa1D121aBe654D2A7C44F5B0f4752599746162Cc4,approve-no-return,,,,,,_
0xa21999Df32637B91e944533b04Ea9d8d9153bcA4,approve-no-return,,,,,,_
0xa2F44D258b1714463099205EEEdbeE2337b120B5,approve-no-return,,,,,,_
0xa46AeFf63F9B7a2d50f7687927047756df216434,approve-no-return,,,,,,_
0xa47178Da1119218Bc2A8dd9e3251ee89b7c7E7f0,approve-no-return,,,,,,_
0xa4F3A457c97A96b624D5046Ee5695388033327AE,approve-no-return,,,,,,_
0xa4b01cC6f2fde9D5d84da419bee4359819ae210b,approve-no-return,,,,,,_
0xa5bFD6CCA5B36c540cb10c16A5732CEd8916f6a3,approve-no-return,,,,,,_
0xa6925E30Ff46f82F1170d59c516CDA1A82a51625,approve-no-return,,,,,,_
0xa6E7172662379f1f4C72108655869AbdBB7F7672,approve-no-return,,,,,,_
0xa822768656BEb36d709773c62588fDb0458714A7,approve-no-return,,,,,,_
0xa85C95AbA6c298535890D6f1133632220d458E9A,approve-no-return,,,,,,_
0xaaBE002cBE21fdF90D59354F6b3d3F3e0B4C3698,approve-no-return,,,,,,_
0xab55903841E9D755Ac512e9ccA39DeF98EB64943,approve-no-return,,,,,,_
0xad56273c8268972341aAA9e2d999E4D0A00ec0F9,approve-no-return,,,,,,_
0xae2527A0d8BD9394f687b44301C10e732A7DA6C1,approve-no-return,,,,,,_
0xaf54EC8ecdb396bC61053A3a147BBF981cB97CEe,approve-no-return,,,,,,_
0xb0a00896F34655EDFf6c8D915Fb342194c4a6d48,approve-no-return,,,,,,_
0xb1690C08E213a35Ed9bAb7B318DE14420FB57d8C,approve-no-return,,,,,,_
0xb2139A2dDf0559F7Fd14755F9a832Ad14B322aeC,approve-no-return,,,,,,_
0xb22ad94fa9b67513382b78507945666eB98EB24e,approve-no-return,,,,,,_
0xb3f57b9d732a89967D081E5Fe783f3473D87c4e9,approve-no-return,,,,,,_
0xb59fDfF77a6175DFA4fE7aF4281a52f61611eAa2,approve-no-return,,,,,,_
0xb6fD124CA6EcEB00B747947a065f31392eEc4572,approve-no-return,,,,,,_
0xb7321c1dAe3931aBf91f8F5D68e3aaA42f526aCb,approve-no-return,,,,,,_
0xb777Dd52666eDE5814D048219be94e37e80f4f9E,approve-no-return,,,,,,_
0xb80463F354b54b958e88b4D5385693bB554cbd8E,approve-no-return,,,,,,_
0xb8595127620E4b9b5a11CdA75766ab87A0E2Cd7F,approve-no-return,,,,,,_
0xb88764eA63874D95740Df258f22e69E92456ff3C,approve-no-return,,,,,,_
0xb8E392da7aBb836CfF06d827531A7e5F1B00BeD2,approve-no-return,,,,,,_
0xb905beF90EdCC6631B9A286DFC4907FD9E2fCc68,approve-no-return,,,,,,_
0xbB0002850a8B3f7CfFeFbE56804Cf864332039d6,approve-no-return,,,,,,_
0xbC02b8Fb7399DfD14a1762275C06C4D6B796b7f2,approve-no-return,,,,,,_
0xbD6A3418Cb51418C94Cc11d2d49012a2B79E10fE,approve-no-return,,,,,,_
0xbad8C49bb504Ec95403116B0Cf348DAB85aD6851,approve-no-return,,,,,,_
0xbb5Ed1EdeB5149AF3ab43ea9c7a6963b3C1374F7,approve-no-return,,,,,,_
0xbbCa42657B1AecF77AFDE117EF095dC7C9D37c3A,approve-no-return,,,,,,_
0xbdDDe1D7386866c51798Ba112Ff48C258628ab1C,approve-no-return,,,,,,_
0xbef44157A4AfbfCce76dB29353b6c103A03ed803,approve-no-return,,,,,,_
0xbf01186BD42D27d602dFB4A6187Fa09F3C7A1c87,approve-no-return,,,,,,_
0xbfFdbbb3c6E77BA88627a181Dd8EDc3C2f89DA50,approve-no-return,,,,,,_
0xc0Bd05407FBE1fb6461ce6f33e487A573551b927,approve-no-return,,,,,,_
0xc17aba26Ac6324b834b8D0BE9217625d47A00b5a,approve-no-return,,,,,,_
0xc25fC64Ca1c1AFCc2314adAAdF380c09da8D1042,approve-no-return,,,,,,_
0xc2752063c9a01A3a0A11C84dd5a463373f133cFe,approve-no-return,,,,,,_
0xc2e8595bf77533E5E9c16d30Fa6379f5Bbc9eD96,approve-no-return,,,,,,_
0xc4a21f9a38B813B2C8e3F2E01c8d7547A99Ed2B7,approve-no-return,,,,,,_
0xc4ce91d1AC3032Ef734bbEcd2AF41f10c0F293EF,approve-no-return,,,,,,_
0xc608F567BCF51B0D84EDef669B9d7D47440B7bB7,approve-no-return,,,,,,_
0xc6f06604C8968F62d4D954f4a056027Da0Ed6a68,approve-no-return,,,,,,_
0xc825Aa83f12E4d225Ea1f21511A68e7Aa78a002F,approve-no-return,,,,,,_
0xc95c0910D39D1F6cD3bD71e4b689660c18172B7b,approve-no-return,,,,,,_
0xc9C5418f53E86bAD4ecCc6EB1FdFe851EF55796b,approve-no-return,,,,,,_
0xc9ECAb309AEf735586F45413D0AEaA4aDCC4F654,approve-no-return,,,,,,_
0xcB05EBBe2062F063493560579Bb1d612D73d7C7e,approve-no-return,,,,,,_
0xcCd202C2E1aD96704CC27bC9c187B681F8fC7d63,approve-no-return,,,,,,_
0xcD16757C08508cCB5D5E3C35E37C93e45A41AE88,approve-no-return,,,,,,_
0xcD72f5C7F7D65f4d7e5260A437Edb3242724ea64,approve-no-return,,,,,,_
0xcF1Cf009E01CFD0c36b9172726Da1048a7254811,approve-no-return,,,,,,_
0xcb3123f81b2F3e7fBE0C1d9455a158ad1c217a8b,approve-no-return,,,,,,_
0xcb56AC6355397E11C197c3E403fe8B90296373C7,approve-no-return,,,,,,_
0xcc4BB7948Ac97b0dd8857552a69893cd0F03ee17,approve-no-return,,,,,,_
0xcd7908E55e5A152152D421fc2Bf243292BaC0EDF,approve-no-return,,,,,,_
0xcf0010AF06eDfF540AF798d06e866D95cBDc8488,approve-no-return,,,,,,_
0xcfFD73396E6F4Dae2Fd43Da7eEB2536b50B695A1,approve-no-return,,,,,,_
0xd00faa50D4f1a97B407fdC8656c940712fDD4150,approve-no-return,,,,,,_
0xd030e4b885532144AA3c9c10EFEB283E51a4a3EE,approve-no-return,,,,,,_
0xd0691Eff48d64E93469c7560F9ed7B8a5Efb019f,approve-no-return,,,,,,_
0xd0792aC0de7Ef31197C5f452B21A34389eCc725f,approve-no-return,,,,,,_
0xd0B3585986332180575AB99e8465B88770741202,approve-no-return,,,,,,_
0xd1265BFe57597840f89971B7e67538BAC780F9ad,approve-no-return,,,,,,_
0xd26114cd6EE289AccF82350c8d8487fedB8A0C07,approve-no-return,OMGToken,OMG,@ABCC@Abucoins@BX Thailand@Bancor Network@BigONE@Binance@Bit-Z@Bithumb@Bitpaction@Bittrex@Braziliex@BuyUcoin@COSS@CREX24@Cfinex@Cobinhood@CoinBene@CoinEx@CoinNest@Coinexchange@Coinone@Coinrail@Coinsuper@Cryptobulls@Cryptopia@Cybex DEX@DDEX@EXX@Ethfinex@Exrates@ForkDelta@Gate.io@GoPax@HitBTC@Huobi@IDCM@Idex@Koinex@Koinok@KuCoin@Kyber Network@Liqui@LiteBit@Livecoin@Mercatox@Neraex@OKEx@OpenLedger DEX@Poloniex@Qryptos@Radar Relay@Simex@Stocks.Exchange@Tidex@TopBTC@Upbit@ZB@Zebpay,140245398,18,_
0xd2C211B46c9266f5A7f3d6207A90A9C34C5eD80b,approve-no-return,,,,,,_
0xd3DFfC1aCFEa59557B9092A5C095ACA91d696a57,approve-no-return,,,,,,_
0xd43D09Ec1bC5e57C8F3D0c64020d403b04c7f783,approve-no-return,,,,,,_
0xd4Df33983FF82CE4469c6ea3CFf390403E58d90A,approve-no-return,,,,,,_
0xd64F93182D37dF63D53567B2CCAD9a0f308570c2,approve-no-return,,,,,,_
0xd697A61D5FB4e076125e0bE647f902b02bb3A0F1,approve-no-return,,,,,,_
0xd7784ddb103479eE3094C7816Dd7918e1AE3997F,approve-no-return,,,,,,_
0xd77fc35cC9007557dcd18bfe26Fe66f1Ea3a0E7F,approve-no-return,,,,,,_
0xd8BE633339D08ECa913D7D8A05806Ef37A896ef2,approve-no-return,,,,,,_
0xd8CA8eBF7c79d63501784B9c61392c8870c62a0E,approve-no-return,,,,,,_
0xd8D3ee0d39028b8899926A89983537Ab537E70F0,approve-no-return,,,,,,_
0xd92D62CE8504e5c61aa17D9a9B13c65DBD77C268,approve-no-return,,,,,,_
0xd9A0658B7cc9Ec0c57e8B20C0920d08f17E747BE,approve-no-return,,,,,,_
0xdAC17F958D2ee523a2206206994597C13D831ec7,approve-no-return,,,,,,_
0xdC448E8A2a92a5CE799b197E982d773C605318a4,approve-no-return,,,,,,_
0xda9f43015749056182352e9dC6D3eE0B6293D80A,approve-no-return,,,,,,_
0xdaB860dE671cc76C4a341615B69f878a08Bb9bBB,approve-no-return,,,,,,_
0xdb29bf190A4E6db3eaB958f9614C4404906A2530,approve-no-return,,,,,,_
0xdb5e04dC9C94bc8310E8885c85a4d0666cCaEcaE,approve-no-return,,,,,,_
0xdbe22A77660B1261Fb6830e48e0fA84438F7940D,approve-no-return,,,,,,_
0xdd1D5CE9f8e26A3f768b1C1E5C68DB10A05D5fC0,approve-no-return,,,,,,_
0xde4979ffE5C5C154F1b736960f60Ccf0Cd51F8ad,approve-no-return,,,,,,_
0xdfA0a65CD0C0B83d27bAeAaa785E786e2A3cAD82,approve-no-return,,,,,,_
0xe06eda7435bA749b047380CEd49121ddE93334Ae,approve-no-return,,,,,,_
0xe0a8A9b7C821d9BBd66b826129D4cF1B219EbB3a,approve-no-return,,,,,,_
0xe11f708a6e5E114D27d347FCDb5061A201e934b6,approve-no-return,,,,,,_
0xe19e5f49a8Dd5b0B9DF93Def1fec2619291Dd793,approve-no-return,,,,,,_
0xe1B6898EA89337E56CCA441bAD6E071ec970999b,approve-no-return,,,,,,_
0xe1EDa226759825E236831714bcDc0ca0B21fd862,approve-no-return,,,,,,_
0xe2458F579D48b666E00A1c7F38918FD39ab21628,approve-no-return,,,,,,_
0xe26517A9967299453d3F1B48Aa005E6127e67210,approve-no-return,,,,,,_
0xe2F45f1660DC99dAF3Bd06f637ab1e4DeBc15bDe,approve-no-return,,,,,,_
0xe2e2808D9635f6e8E7AA4Ea933dCB9D78A00d1B2,approve-no-return,,,,,,_
0xe3818504c1B32bF1557b16C238B2E01Fd3149C17,approve-no-return,PILLAR,PLR,@Bancor Network@Cryptopia@ForkDelta@HitBTC@Idex,800000000,18,_
0xe386B139Ed3715Ca4B18Fd52671bDcea1cdFE4b1,approve-no-return,,,,,,_
0xe3d631A5fC2AA15d8F051e5eCc8b7979312c4AEf,approve-no-return,,,,,,_
0xe3f4383c19dbe7436261e63dd811e43DbeD29890,approve-no-return,,,,,,_
0xe4E56E144ba462052C30A096BfE4dcF3EaE40Ce3,approve-no-return,,,,,,_
0xe4F5E0d5c033f517A943602DF942e794a06Bc123,approve-no-return,,,,,,_
0xe54bD50A40089d71d1e43886f74c0eeE8806b971,approve-no-return,,,,,,_
0xe58Aff48f738B4a719D1790587CDC91A3560d7e1,approve-no-return,,,,,,_
0xe58F0c23d0415c1D24b730b88413486ee3716459,approve-no-return,,,,,,_
0xe5dd13543A76B09609F0E0BDb9c7687D639b7d9d,approve-no-return,,,,,,_
0xe6c06F67dB6D927289A7F79230e3c6bb6EE29E55,approve-no-return,,,,,,_
0xe6f74dcfa0E20883008d8C16b6d9a329189D0C30,approve-no-return,,,,,,_
0xe8Bbf054b788c98D9993be5513254d6b64a1Ba97,approve-no-return,,,,,,_
0xe8bFAbDe91cf4Da898c8f3Bc6CE4f8ddFD51f25F,approve-no-return,,,,,,_
0xe91125f34fcEF2854A890DCf02b74Cb2DcbE377f,approve-no-return,,,,,,_
0xe923dD860176d3ef69D7852257cC773900807f7C,approve-no-return,,,,,,_
0xeC8e410316bD8D45cf660FDFD1fbD9eeAFE9Ed6c,approve-no-return,,,,,,_
0xeD17658ad6B3Fe87C7dc7323D0E77c4116A23626,approve-no-return,,,,,,_
0xeEAc3F8da16bb0485a4A11c5128b0518DaC81448,approve-no-return,,,,,,_
0xeF6338D6F390e36954355dcC13380Df67B154247,approve-no-return,,,,,,_
0xeF80158b7Db893E74fac82fE32415d9420e60ffd,approve-no-return,,,,,,_
0xeaAf270436a0ed397ED23BBF64DF7b1DCAfF142F,approve-no-return,,,,,,_
0xeb41d9B0326B787a7C767478CFC4D060C6Aa9DBd,approve-no-return,,,,,,_
0xeb90dcA0AdfABfe9571012BC1f6ceCd663098962,approve-no-return,,,,,,_
0xed56861C2e17c63b4d0b1b6fA408BCEA56a652CF,approve-no-return,,,,,,_
0xee919e1eE6d08Ae90EBe4daD81cAfCBf05C2a98b,approve-no-return,,,,,,_
0xf05a9382A4C3F29E2784502754293D88b835109C,approve-no-return,REX - Real Estate tokens,REX,@CoinExchange@IDEX,24042947,18,_
0xf072F26100522fF1D5ECF40e74dB5C25643B3e36,approve-no-return,,,,,,_
0xf10996991989F595Cd3836774ec36381Fee46C37,approve-no-return,,,,,,_
0xf15666603540Fb9218b85567ee833455Cb586Dc0,approve-no-return,,,,,,_
0xf382CCBd3D203C10706059fFDCfe053308955792,approve-no-return,,,,,,_
0xf3C8Ed6C721774C022c530E813a369dFe78a6E85,approve-no-return,,,,,,_
0xf3f7cF04c73d143c4Cb84c2312B71e0B67AFE2Aa,approve-no-return,,,,,,_
0xf4616ecAB980a817791008cB88E516e0a156296f,approve-no-return,,,,,,_
0xf554e9BA1ef7D16fD5B9Ca87C1edE40253849F91,approve-no-return,,,,,,_
0xf5F5E8c926395653811f0FC350Cd5135A26Db9B4,approve-no-return,,,,,,_
0xf7eD56c1AC4d038e367a987258b86FC883b960a1,approve-no-return,,,,,,_
0xf83c492154C0bda38F7018dAD0333713E2333793,approve-no-return,,,,,,_
0xf8EF303406CBCbfC82Af008D45210c835aD2f736,approve-no-return,,,,,,_
0xfCCfEec6e08024465A031b994778ccd0A847f047,approve-no-return,,,,,,_
0xfD1db05574d71c5A536dffA9787b0A74ef4a349E,approve-no-return,,,,,,_
0xfDFE797C3EFdA87b8ECA3a7ea0Fa1dA2d161DC2B,approve-no-return,,,,,,_
0xfFe2E9B263458d5E5f4D9E132caA085Bab1aF3Ec,approve-no-return,,,,,,_
0xfa9b1AA07f785e92aE0dE2fca2128eD130bB0740,approve-no-return,,,,,,_
0xfaac705fB942836070fd11C6fB1bd784E9ce48A5,approve-no-return,,,,,,_
0xfc07251450048bf4e9Fa60B856C1e0Abd1574D1C,approve-no-return,,,,,,_
0xfc6EdBcc2a30466b256e6987Bb85d39eA286e9d1,approve-no-return,,,,,,_
0xfc8a3dfDDe7c6D0408c6e4E0Af1193a681a9C5fb,approve-no-return,,,,,,_
0xfd784DA5c740c617AAFB80399fa81B86e1Da99a5,approve-no-return,,,,,,_
0xfd95392e1CE28A6debfF90FEb0a28a1392dF738B,approve-no-return,,,,,,_
0xfe32125731d36b91569Df1Ac14343890b5D068EE,approve-no-return,,,,,,_
