addr,category,name,symbol,exchanges,totalSupply,decimals,info
0x06308B924dC8Fe805BD28d3170B7c8b9909E4EBa,batchTransfer-overflow,,,,,,_
0x090fC358FA1a992C083590c7dd33Ad5208A02e9d,batchTransfer-overflow,,,,,,_
0x0Ec4207AA379dFcd9239e987530b95a55178e5eB,batchTransfer-overflow,,,,,,_
0x113058C101b2D78e001D4a7D2174a66b5ff3A4A7,batchTransfer-overflow,,,,,,_
0x47427A4921bdF2b3ac75eCF53193A5265aF4a12F,batchTransfer-overflow,,,,,,_
0x5652ef57783eB0a9538d15BD94e52F932AAc5311,batchTransfer-overflow,,,,,,_
0x724cabeba74268E339f13b66cCE8FC97AA3eeA73,batchTransfer-overflow,,,,,,_
0x78420Eb790e77B4a6b459E58a6d3B16a59E0F6b2,batchTransfer-overflow,,,,,,_
0x7d517345f11C69a93a28Be80fceE0d6234273651,batchTransfer-overflow,,,,,,_
0x96c833E43488C986676e9F6B3b8781812629bbb5,batchTransfer-overflow,AMMBR,AMR,,2000000000,16,_
0x9cDDB488D39821F06057DFB0f7885964Da3D801B,batchTransfer-overflow,,,,,,_
0xC5d105E63711398aF9bbff092d4B6769C82F793D,batchTransfer-overflow,BeautyChain,BEC,,7000000000,18,_
0xc40ADca098945A87738f8F24aC38C9DD46730c45,batchTransfer-overflow,,,,,,_
