addr,category,name,symbol,exchanges,totalSupply,decimals,info
0x19AEA60E2FD6AC54EcF2576292C8Fc7046429C37,excess-buy-token-by-overflow,,,,,,_
0x2de9b766701b4D1468ae44B376DcA65d31db243F,excess-buy-token-by-overflow,,,,,,_
0x80fB784B7eD66730e8b1DBd9820aFD29931aab03,excess-buy-token-by-overflow,EthLend Token,LEND,@ABCC@Bibox@Binance@BiteBTC@CoinBene@ExtStock@ForkDelta@Gate.io@HitBTC@Idex@KuCoin@OKEx@Radar Relay@bleutrade,1299999941,18,_
0xc5de7ac5EA11651F25c0738Efa176010553Bc323,excess-buy-token-by-overflow,,,,,,_
