addr,category,name,symbol,exchanges,totalSupply,decimals,info
0x0033fd5819c111E5BE558C52BD42fDc7481A94f1,no-decimals,,,,,,_
0x00416B9d728069eDB0cEb04bC2b203fA7336d1F1,no-decimals,,,,,,_
0x0061FDE3dC2ec7a24B1E9683E94dB91FD52Ab709,no-decimals,,,,,,_
0x006B4425bA57148466c0c54aF1c484348a14A8A4,no-decimals,,,,,,_
0x00712a531e207Ad77E42586FB81E9fb8F68F0A7d,no-decimals,,,,,,_
0x00FA44D91D7541D16DD18A48dd6A011de5E887DF,no-decimals,,,,,,_
0x012bc399c3E8B75A506c9ff2B7ad413641F33102,no-decimals,,,,,,_
0x0167Ea36024d646Ee38062CD07F041e1e1D3a89A,no-decimals,,,,,,_
0x018c4031426917a769fe9964ab2650621642b8d7,no-decimals,,,,,,_
0x01D5d0108589f3C52FCce6e65503BB6515e66698,no-decimals,,,,,,_
0x022125B1ee6DE357AD437807c1e0Ce4daa6c82b3,no-decimals,,,,,,_
0x024cb480C6bf81eeA0067C2682A706E5Da5c6024,no-decimals,,,,,,_
0x025460864660f4651483b07D47c16e52aEb6DD4b,no-decimals,,,,,,_
0x02575cA9424ACd6AED8d8dc1B01fA7175000cEF0,no-decimals,,,,,,_
0x03358425ADa4620246dD703dC1F2246B8e148d22,no-decimals,,,,,,_
0x033Fd9f42F7E1566b893b31078A62B2B959eBD72,no-decimals,,,,,,_
0x03E0F73A93993E5101362656Af1162eD80FB54F2,no-decimals,,,,,,_
0x0470c8C6546e4EB668aEAD38Dc024eC6ab48980e,no-decimals,,,,,,_
0x050163597D9905bA66400f7B3CA8f2ef23DF702D,no-decimals,,,,,,_
0x05196E85fcfE0ED4b7978A83966E6748BA8E60e6,no-decimals,,,,,,_
0x0570318951CFb0e0C4c2af3070C1C040E0E8790B,no-decimals,,,,,,_
0x05dA6b1D4CCc5C9e13926c5405F3a4b88892dEE7,no-decimals,,,,,,_
0x06012c8cf97BEaD5deAe237070F9587f8E7A266d,no-decimals,,,,,,_
0x0605b8eCA9fB798CBA00F87970A62E90448EEDb5,no-decimals,,,,,,_
0x068A37f2b086F1909a65c195FA084006aCD6a79f,no-decimals,,,,,,_
0x06d191C4bC47138d5D79EB881dEeA86c93E6603b,no-decimals,,,,,,_
0x07222Fc4cdACEDfBcfc03CbeD6E72Fb329E8D0b6,no-decimals,,,,,,_
0x0783E1Ab0F36512cA4b1C883A98CBEA98566946D,no-decimals,,,,,,_
0x079a09FDa4eCd57f76a739152e88A8267a86c240,no-decimals,,,,,,_
0x0850b3B0170D6bc5662B743Ba6bB23671EDDf938,no-decimals,,,,,,_
0x08A84018C36eF8F7DAAabbD167eB41b225041453,no-decimals,,,,,,_
0x08B63cBC9589CcDcaf8c801053E6FA9663331250,no-decimals,,,,,,_
0x08CdCF9ba0a4b5667F5A59B78B60FbEFb145e64c,no-decimals,,,,,,_
0x08d45d9D7de6845D2D1744eAa34DD0a90374BcfB,no-decimals,,,,,,_
0x09678741Bd50C3e74301f38fBd0136307099Ae5d,no-decimals,,,,,,_
0x096D7Ce60278E623C0B5763A0D04Fde844d2C537,no-decimals,,,,,,_
0x0A61e886822f46b4ca9C765c9b984a25a5DC4b9a,no-decimals,,,,,,_
0x0A71a23873bD88E42E5c7E404b61e97878b39142,no-decimals,,,,,,_
0x0A7FE56109baCBCc525142aede71Ab5BF8934cF2,no-decimals,,,,,,_
0x0A9b6Bf5093a934c87Ec8Ae90e2173982946934e,no-decimals,,,,,,_
0x0AC1EB22B98cDd76796401FF462a96Da9DBF07D4,no-decimals,,,,,,_
0x0B3A8c77031A954BEee6DFD9D337C35092366189,no-decimals,,,,,,_
0x0BB04400faE60DC378143A12Bf771927e39adf6e,no-decimals,,,,,,_
0x0BB622A8C564BDc98e8F40F23e5077CD4a8699Ea,no-decimals,,,,,,_
0x0C01d1A41F21863c194C8e948054f8e3A433c424,no-decimals,,,,,,_
0x0C495B4716462d89C564BA79E7dE477B543E0e30,no-decimals,,,,,,_
0x0C90EaC84C64f67aae9Ed41492e018036AC29549,no-decimals,,,,,,_
0x0D49b24F068A9A3EF60576c7a915Ffd6844D6fDD,no-decimals,,,,,,_
0x0D8603A39663a29134a8957722A059594e89Fa53,no-decimals,,,,,,_
0x0E752B742F744FDc2d93774Da44C37B72c3E6952,no-decimals,,,,,,_
0x0EF6D1808b129f77Cc5fb3ef864aCC06AA52FA3d,no-decimals,,,,,,_
0x0F8Dffce81d890c67Fdd71Cf21E68C92Ac10c687,no-decimals,,,,,,_
0x0F8c94e34DE4ccD378ED53d5622039D39F74FdeD,no-decimals,,,,,,_
0x0af1b410a7915cE6B4754b355D37cc38E59B7EDD,no-decimals,,,,,,_
0x0b8D56c26D8CF16FE1BdDf4967753503d974DE06,no-decimals,,,,,,_
0x0c411ffFc6d3a8E4ca5f81bBC98b5B3EdA8FC3C7,no-decimals,,,,,,_
0x0cFae4866c11cf6194D787CF76D479e28A7CC577,no-decimals,,,,,,_
0x0d623823d2AA4540f335bb926447dc582DC5bD64,no-decimals,,,,,,_
0x0dea9b8e6BF08d6859E29256942916f0cfB884Fb,no-decimals,,,,,,_
0x0f5ee401De162Cd163b6Ff46318Eef2727dBb9fc,no-decimals,,,,,,_
0x0f6029ebde2ECd9AB4d60Dd5d0A297e9e59bf77A,no-decimals,,,,,,_
0x10D6fCf71a3f702df06C443B812b187f6c7D5d6B,no-decimals,,,,,,_
0x10D8921cEC5aC6B83db6ABDb5773d1BC44972Da7,no-decimals,,,,,,_
0x1135053a937E422C27a834642288304e35bB1340,no-decimals,,,,,,_
0x1142e1f922cDe42756741b4E16DDc5A87Ee94B3D,no-decimals,,,,,,_
0x116676D386404238F54589CCDBbcE1638aa8cb0d,no-decimals,,,,,,_
0x117cb292E97a593FbcA38B5cd60EC7144D4Ca8C9,no-decimals,,,,,,_
0x11f3f41B623F013566231392896308Fc336DEd25,no-decimals,,,,,,_
0x12459C951127e0c374FF9105DdA097662A027093,no-decimals,,,,,,_
0x12742DE752B8030c961083Bce9752B584313E882,no-decimals,,,,,,_
0x12D28911eB2A8B53CCcc28F339F2bf320C6F26AF,no-decimals,,,,,,_
0x12eb08e27eEc735a16dB29b660070cf10808dE63,no-decimals,,,,,,_
0x132a0A3d8Ee0A8C4C431dD86E481Eb1622D398d0,no-decimals,,,,,,_
0x13955F1867A0BfbAC3146b58aB33B982D72f06E7,no-decimals,,,,,,_
0x1422A103dB05E3D3C3B003F57Db5CB519469aB3b,no-decimals,,,,,,_
0x1442992D98cC51793A61C570ae6DAAa35334910e,no-decimals,,,,,,_
0x14934ebC9F06aEE47C7199de7F5b98CD96C514cc,no-decimals,,,,,,_
0x149c45909e8467d286A7CBDe9A294D7B9726Aa94,no-decimals,,,,,,_
0x14dBDe02e1CAAc6C1B8B543577eBf0Af6A7a5c7f,no-decimals,,,,,,_
0x1518e1d8c6cf6584B2AD4f4ba577650Ac4903107,no-decimals,,,,,,_
0x1552168924FBa0aa0A0E3587497D3865Acb16F58,no-decimals,,,,,,_
0x1558b9afB91a2185495dEBC22a9ccE11dabE33C5,no-decimals,,,,,,_
0x1561a0228128149d71d82bC60b890DD6BFb57e99,no-decimals,,,,,,_
0x15eaC74d043D9945823aFD171677ab2F72215003,no-decimals,,,,,,_
0x1654d540616bfB3F13973ED6019e43005BE43219,no-decimals,,,,,,_
0x16C452375d23D49EC94EB0743C7A644A17E48e2E,no-decimals,,,,,,_
0x16E9B1234df1f10AeeA65Ee48223986ce62C8a7B,no-decimals,,,,,,_
0x171AD7AA2D6e083ebBBef0E7aDA2eF76Da4DAdB6,no-decimals,,,,,,_
0x175A349186f228e7758ccE1c1bA125e0D0514df4,no-decimals,,,,,,_
0x17D67AC402b014af1894c63379976B46930B1337,no-decimals,,,,,,_
0x17E5629660C3EE2Ac68498e24E8607A712bA64Ff,no-decimals,,,,,,_
0x17F68886d00845867C154C912b4cCc506EC92Fc7,no-decimals,,,,,,_
0x17ba01ca261A8DaCa30Cd2B4b12c96E62CCA359E,no-decimals,,,,,,_
0x19E82c3b08Cdb001161B563568eF2ac1f2251CbF,no-decimals,,,,,,_
0x1A3139caa6C660547D37857A4612b3CEaA41C19f,no-decimals,,,,,,_
0x1B8a506A1fC508F840A05fF0A4c665A4579C4E75,no-decimals,,,,,,_
0x1C6C8e0C6B93b81c0aB3cA4E16EAc96f02175F73,no-decimals,,,,,,_
0x1DcADAD44aA14154E2393d83EdF6c7c6F83Cb795,no-decimals,,,,,,_
0x1a20c3581B6c9713498F3f9e9258fC452Df13A8C,no-decimals,,,,,,_
0x1a930F5fBD08D86c78Cda6Bd2D48e17A639880fE,no-decimals,,,,,,_
0x1b5C5f9aCB144CDcf82a2dF1378F1f6CADbaCd9e,no-decimals,,,,,,_
0x1c1Aa049d56B7ef02DCA61AfC4A815e9AA95240B,no-decimals,,,,,,_
0x1c705EcdFE2793ca67f6BaF960a7ee88b957f629,no-decimals,,,,,,_
0x1cE7AE555139c5EF5A57CC8d814a867ee6Ee33D8,no-decimals,,,,,,_
0x1cF18f72F7CEA5Be6759396ea3Ed4C2dd079542D,no-decimals,,,,,,_
0x1ca8a24361e5063887db2D5BFdF4990B7537296f,no-decimals,,,,,,_
0x1d0DcC8d8BcaFa8e8502BEaEeF6CBD49d3AFFCDC,no-decimals,,,,,,_
0x1dFabF381d80dd29d43BC347207B30a5c484BbD0,no-decimals,,,,,,_
0x1ef07A7888f70a1b0dFa9E482885B437B1d44f16,no-decimals,,,,,,_
0x1f52b87C3503e537853e160adBF7E330eA0Be7C4,no-decimals,,,,,,_
0x1f58Af89d12D4A60647f99a9fc71Dd0367B56dF4,no-decimals,,,,,,_
0x203DaD4C2Af33C0Ff1b60b4579Cf956a60A6cB23,no-decimals,,,,,,_
0x204C3e5296Ab443707e5404A509Aa5194E63b12a,no-decimals,,,,,,_
0x2084C73CDaf9766525A125e44741dFDE8d3DAa02,no-decimals,,,,,,_
0x20DE3bC97b6865Cb5fdfF2B62dEc87aaC7009932,no-decimals,,,,,,_
0x20d4d553491bE14e341Bb155F615a2Bdf295756b,no-decimals,,,,,,_
0x20faDc9071Ca27ef7648Cf7B47a318a760F7f414,no-decimals,,,,,,_
0x2136bbBa2eDcA21AFDddee838fFf19eA70D10F03,no-decimals,,,,,,_
0x219014EF0FDF1B9b0d4E9e453E021573B7082Bed,no-decimals,,,,,,_
0x21c852fb8e7fF1f9e6F8bA43652fd4D7907c38bC,no-decimals,,,,,,_
0x21ca8ee818F008692D3A6aBd1a1BEda5aAECf0E3,no-decimals,,,,,,_
0x21e578b253c73Ef7172F13B5C002c2F562521Ed5,no-decimals,,,,,,_
0x21e6290E82A8350FeCE94631758531d2c1664eB7,no-decimals,,,,,,_
0x22164E957ac4C0cB0f19C49B05e627675436DFE1,no-decimals,,,,,,_
0x22260D1f2cB61a371BFF2625c4620Fc5A67f0A8e,no-decimals,,,,,,_
0x222d145D78Ed722B2b0ca80b5B3F4b629D743562,no-decimals,,,,,,_
0x225ad9683005cE6fDe4eAe78C7ed91A499182378,no-decimals,,,,,,_
0x2268003d92FF03Be6ca6dA029F8D8127FD2F617e,no-decimals,,,,,,_
0x22c294BbF61C3c60a5271D245Ac8c620C438e0E4,no-decimals,,,,,,_
0x233265020cC69214Aea3EdD4192b96d5232Bf5cA,no-decimals,,,,,,_
0x2376F06047f161257fDA663B071C76c52239Ddcd,no-decimals,,,,,,_
0x239C7175a43c500255C4D3849c2AB2973D4384D5,no-decimals,,,,,,_
0x239dE3a0D6ca5f21601f83327eA2174225eB7156,no-decimals,,,,,,_
0x23cC8441332C5C721061AcF14748858F451dBc80,no-decimals,,,,,,_
0x241a34eF3A860BA44e709915605e9A366e421383,no-decimals,,,,,,_
0x24384C4626EB895c99ea4225Af309aD22A75BE2F,no-decimals,,,,,,_
0x2495Bd6D0ac7704c55f5eeD01Ae2591a5B53906C,no-decimals,,,,,,_
0x24C629D4913681B82aE7f9b30BeFD80E5229c36E,no-decimals,,,,,,_
0x25ea302AFd1e9ca629EbB2Ea97146152ee9FAB96,no-decimals,,,,,,_
0x26436E73fDD02adde8Ae7Ab61fA660D6f7926e6F,no-decimals,,,,,,_
0x2655B32B7735C5543B06bdd4Cf48a9cF042d5612,no-decimals,,,,,,_
0x265A63cFDf9a0a041fF0D4D33c3Fd504DA8958f4,no-decimals,,,,,,_
0x26788f0670Bdf9594BA1A677a977E97Eb68568DB,no-decimals,,,,,,_
0x26F9fe049c1778286110FF068B3c9763147B5d24,no-decimals,,,,,,_
0x27058B0FE23A4cdd08AceD7fFD646647019cdaB9,no-decimals,,,,,,_
0x273F5db72B72059C043Cad022c446232F3d33085,no-decimals,,,,,,_
0x275a9048Bf6d775A7F8b200cB2e258C33Dbf6bDF,no-decimals,,,,,,_
0x277ef3FFe8Faf7320726233aC4413BeDd24Ab3eF,no-decimals,,,,,,_
0x279594B6843014376a422eBB26a6Eab7A30E36f0,no-decimals,,,,,,_
0x27BF2bc1280b3f46b43d924F4c17Eb8f122bBf9A,no-decimals,,,,,,_
0x27bE1f13457330D623eD66862bE853BeE63A94cB,no-decimals,,,,,,_
0x285e24c62B716A4D08A903DcFE1e9156Bf9069E7,no-decimals,,,,,,_
0x286E052Bc8250250566683424001ee5224867d91,no-decimals,,,,,,_
0x28982952E9dC211Ec9CD7E23Df67e907c5A88740,no-decimals,,,,,,_
0x290A5FFDcD13b7d371ECFD8d2D54f2aFE2cB21FC,no-decimals,,,,,,_
0x296363342643308aA2630aF0010451191f3b1D6c,no-decimals,,,,,,_
0x29880855d419c6fa0e8c7fDfd985C80f286d914E,no-decimals,,,,,,_
0x29f0b7c3d8Ee8f6471922F089F459cAb53029113,no-decimals,,,,,,_
0x2Afae3980e7974662aB3c0113c54Dbb74b841d97,no-decimals,,,,,,_
0x2C2aFc647d4A864D67282bd143925e8CaA4d4C46,no-decimals,,,,,,_
0x2C544275203B0dB7550887067507CE2beFCEA893,no-decimals,,,,,,_
0x2CC1D82C0BCC1028F792F56a930271ab00117ff8,no-decimals,,,,,,_
0x2D224e277fDfd273BbE63871Ff69830604B79754,no-decimals,,,,,,_
0x2D3691FE85D6400957a3356E0AFDc17Ea6d1De09,no-decimals,,,,,,_
0x2EF06079656F2aB9034B6252978C44104B7b2Cc1,no-decimals,,,,,,_
0x2EbD4D3eab859f56af37C48eB2996FA58E4bfe43,no-decimals,,,,,,_
0x2Efaf60BBd75b9430a8446bd58D12fbc3f5DBb71,no-decimals,,,,,,_
0x2FF9c09beCD301bCf7d5FA057e01c39A370985CB,no-decimals,,,,,,_
0x2a605B89C3ddf839126DaCCd3FDAF6dF8C18DF76,no-decimals,,,,,,_
0x2b500267335F75D456F1ddD651e638159B516789,no-decimals,,,,,,_
0x2c06E48f6e655BCFC7E46586784fB6da82C4CA3d,no-decimals,,,,,,_
0x2c38B6023509aeB6437491DbCe27d87e3ad37310,no-decimals,,,,,,_
0x2c5C88dF2C01E1486121BB9e31B93cC850486B0d,no-decimals,,,,,,_
0x2cC6a8f865A71E69C9bc9931C486B6d1CBD90E15,no-decimals,,,,,,_
0x2d39D06237fC4A399Aef944f8E012694Cb731afC,no-decimals,,,,,,_
0x2dCD224A4c61489Ff68717aF79CC5553589ae74A,no-decimals,,,,,,_
0x2e2e617e4625c6a30A3290ddE5b689212FF061e8,no-decimals,,,,,,_
0x2eA41959C75Bd4E8c8732f56dfa6C032A9d23CB0,no-decimals,,,,,,_
0x2eE3a8E1eD7082A19737f9bf8fa0e6e3DA7E85A3,no-decimals,,,,,,_
0x2eEfE55E7Fd4546cE3451430Aa4fDcEd0c4EFe85,no-decimals,,,,,,_
0x2ea7ae77369654E4aFe84EF3733fCCd8e159E1Fe,no-decimals,,,,,,_
0x2f0a1bd676E786F9Dd5543697341E717A4Af61C7,no-decimals,,,,,,_
0x2f64c53B5D55C0d6E334D82C4dC67Ee52B89f88f,no-decimals,,,,,,_
0x2f74420B967C1c2C1C162aa27DDf8EfcE532328B,no-decimals,,,,,,_
0x300A0A820d8FB6E77850DA5eaa8dF64bBfF5746D,no-decimals,,,,,,_
0x300f516cdA4475660eD27Bf87bB49B95Da8Ba0e0,no-decimals,,,,,,_
0x30e63F9a7bD8188762Eec058783860559ed922a3,no-decimals,,,,,,_
0x3116C449B8980e50DF1047886c6042300Bef9B96,no-decimals,,,,,,_
0x31A240648e2baf4f9F17225987f6f53fceB1699A,no-decimals,,,,,,_
0x31cf75e0839A79c8914569465B6ce9E3d6fc9959,no-decimals,,,,,,_
0x31d4C5be1082A88F2ABAFeA549B6C189C2cf057F,no-decimals,,,,,,_
0x3249fD8a52E69552b3a691AC4beFF3d2cD51fbd6,no-decimals,,,,,,_
0x326656615a2751f34cDFF5e6B8ac5f64c3a76b36,no-decimals,,,,,,_
0x330E24D4Aa0A60aCaC8F9fe6D674D3cF1e8042C6,no-decimals,,,,,,_
0x33116DB6C6942903653E74d9580f0f7c7aBe1cbE,no-decimals,,,,,,_
0x33597255c29608CCdb758EDCdFf2271eaBdfF02C,no-decimals,,,,,,_
0x3366cFD8dD3fC653E7DCd56Cb9111d848b3732E2,no-decimals,,,,,,_
0x3400696045f706F3309927cB8FDF63F07B616C6F,no-decimals,,,,,,_
0x3452519f4711703e13Ea0863487Eb8401Bd6ae57,no-decimals,,,,,,_
0x34BF197ab0Be872210eD6e0367F6762281C00e68,no-decimals,,,,,,_
0x34F34f58c50Ef059b766065DBb24F7cf885e6463,no-decimals,,,,,,_
0x34FC4Fb108E5b2836bD776a5EF5969D6DA5D8601,no-decimals,,,,,,_
0x358898a0a781F195a30Ecb76056e47456b2ED170,no-decimals,,,,,,_
0x360aBb53840302d4B4B119D2004a856f1151366B,no-decimals,,,,,,_
0x3659E8DAa4baB9a263b3E43EC63c068dfBC1246f,no-decimals,,,,,,_
0x367285dC8BA90d5f1317aAc7c0e3E68002970b80,no-decimals,,,,,,_
0x36AB5E415602736134130Bd48f5b9C1eEe1D7b3a,no-decimals,,,,,,_
0x36CdA1038a9556ebe626Bcd7baB4e46f38d896eC,no-decimals,,,,,,_
0x36f3Ff438cd96f095b1bcC03D1B197Bd33777578,no-decimals,,,,,,_
0x377dFA7BAb23A798cA1fa0923BCD4D4ef2184d85,no-decimals,,,,,,_
0x37c7d59a4f5AF2DBd9BDF822aeed0CE08C6E0B62,no-decimals,,,,,,_
0x383670AE601BDc30F15eEE3FAB8b55AbF997D097,no-decimals,,,,,,_
0x383Bf1fD04D0901bbD674A580E0A621FCBb4799b,no-decimals,,,,,,_
0x3845F2534E6Db61d3C093A84fa6B3672C895C91B,no-decimals,,,,,,_
0x38c6A68304cdEfb9BEc48BbFaABA5C5B47818bb2,no-decimals,high-performance-blockchain,HPB,@Bibox@Bit-Z@Idex@KKEX@KuCoin,100000000,18,_
0x393B5fd2b993EaF419fbadAB630BC9bd3d5792E9,no-decimals,,,,,,_
0x39451Aed89EBd8539cF97c3ea301b8ac384966C9,no-decimals,,,,,,_
0x397c7F9C38E09B7024063e6879d45b58e5EFFdbf,no-decimals,,,,,,_
0x39fE3B1006fA3Eac3afD06d7FD406f48D86a0d5E,no-decimals,,,,,,_
0x3A299cEb5fcC7784dd25e56Be826c77F96275DeB,no-decimals,,,,,,_
0x3A92B0Fa21043e14A021821bA9371A8ed01Ec5dc,no-decimals,,,,,,_
0x3AAA175924a77EE4b40606F714b727331E430ece,no-decimals,,,,,,_
0x3Addbd1434e3E23B9781B5bE577ad7aACFCF0BAD,no-decimals,,,,,,_
0x3B82941797826cbe845e5092C916A15295905d0f,no-decimals,,,,,,_
0x3B96990A8Ef293cDd37c8E1ad3D210A0166F40E1,no-decimals,,,,,,_
0x3BBB50a8979443DbaAb05Da1264EF2f1f1B1a3f6,no-decimals,,,,,,_
0x3Bbf23404E79352E0F5eC94fa8f8cfcd9A9b157D,no-decimals,,,,,,_
0x3CD4351F3C962f871024EFEf2922aE39896e4761,no-decimals,,,,,,_
0x3D1cd6dB399D6B596568D9b243B514fe02F4fCF3,no-decimals,,,,,,_
0x3E2A90Ed252C282aFbcEA5489990cD1f21D2DbD0,no-decimals,,,,,,_
0x3Ed154e1d39Ec872721F7183F23Df3bF91674681,no-decimals,,,,,,_
0x3Ed756481aB4fBfD788267A2235D3CDA76c41704,no-decimals,,,,,,_
0x3F35F8A62b67da6464E25895bFF896004cbcc7A8,no-decimals,,,,,,_
0x3F8FC6758E0Ad014Ee426565a6383969B22D9e37,no-decimals,,,,,,_
0x3FDFd6f586EC42B4dB17bAc2CC2ACd1587004F1c,no-decimals,,,,,,_
0x3a427d408A165215f7f80aB4E2d3450F1a224870,no-decimals,,,,,,_
0x3b1D8701397AB3Cf86F10B0ef03854cFa06a2FA3,no-decimals,,,,,,_
0x3c26efbFa80c61839fE2dA8B0F7b8Ce05187c8A1,no-decimals,,,,,,_
0x3c6Ce03A4AE39D56da53fBb045cEDd2d750e4531,no-decimals,,,,,,_
0x3c96c6e76c403c774ba2aB023dF5730375c09B2d,no-decimals,,,,,,_
0x3cB6C45A7689769de60d423ee6c546d3ca4B15a6,no-decimals,,,,,,_
0x3cd9b53eAB1F941AC39B7A5689d9F516D82f28A9,no-decimals,,,,,,_
0x3cf09759DF237446a84C4De526D39e7B2DfF0cDC,no-decimals,,,,,,_
0x3d5f2F4e4B9Cf03e896fF2093569078CE45BA0c0,no-decimals,,,,,,_
0x3d8A10cE3228Cb428cB56BaA058d4432464Ea25d,no-decimals,,,,,,_
0x3dADcf7893605F7bD518fb79286e38B43f572788,no-decimals,,,,,,_
0x3e85fC8fB93eb4461b144dBc6E20A2fa63532772,no-decimals,,,,,,_
0x3f214f938e4e02c3823b852aB0f275F6C7352EC8,no-decimals,,,,,,_
0x3f45D2D5FeB6b4b000d2d3B84442eeDDF54A735a,no-decimals,,,,,,_
0x4026f73F99427C6b70c9b101321895CEE6B72659,no-decimals,,,,,,_
0x40544A0087989D6864b09c8AF74Df453021aCf41,no-decimals,,,,,,_
0x40d4e1C93314b17F4AF1b019848d56fC01876f4c,no-decimals,,,,,,_
0x415d9873769Ed692a79d0FcF1C53FC3ef2e6888c,no-decimals,,,,,,_
0x41811Fc491643Fd2dF3A2c148C92acFd02bD3831,no-decimals,,,,,,_
0x419cAd2516763f39D21fE85D3E99cA32649d3Ead,no-decimals,,,,,,_
0x41a09D330f3D9Bc4d269bfa872BC06DB1c5A04FC,no-decimals,,,,,,_
0x41f2EfdcD15eadf974D8F9BeA14c2936823D095F,no-decimals,,,,,,_
0x42095468d0Af5976caa589AD6Db91A1b8913bE4e,no-decimals,,,,,,_
0x427a6663c260d12B4FfD4C2C9eCD6FeE0c8A62cb,no-decimals,,,,,,_
0x42DfaBC500b443A9FA71eDaB2Dac32350FB8cd7C,no-decimals,,,,,,_
0x43480db5adbEB354f3e1e1596443afad056bD63D,no-decimals,,,,,,_
0x4379fB29AFB6ED5aFE460524884da11107Fe75d3,no-decimals,,,,,,_
0x43a65Ba72a91C18BB16E3AA4CdF150Ced9657645,no-decimals,,,,,,_
0x43bf02d311f807af775eB6Ef78d48b84a13015C0,no-decimals,,,,,,_
0x43cA6017e714123A2780Cc1d556B45d13a911a3F,no-decimals,,,,,,_
0x4409016E65eB770152316bcDd3F95C8329b4F7c7,no-decimals,,,,,,_
0x441C5c62c2257c9e8c91e53DD5731aaC586c0532,no-decimals,,,,,,_
0x4434Af2262d1868261CBDA45352F611C8116B9F4,no-decimals,,,,,,_
0x44935883932b0260C6B1018Cf6436650BD52a257,no-decimals,,,,,,_
0x44bC5727C2C592038A944Ca2696b5c958650c877,no-decimals,,,,,,_
0x450D10A0C61f2b007384128B626F28b757A75e49,no-decimals,,,,,,_
0x452E7884A4f5AC9F639489F7190E479B30dE20d2,no-decimals,,,,,,_
0x476C331d7F6569DC4Bd16EF6673f7A89Cd6F37C3,no-decimals,,,,,,_
0x47A15658051E1C68795F8D51d1f29dE8b6ccaCd2,no-decimals,,,,,,_
0x47A8a30A59EEA5c2B06dfa84e91be53444b9A419,no-decimals,,,,,,_
0x47d822FCF7D242d4e6f22Ab70B63fABab36922C4,no-decimals,,,,,,_
0x491559dd3DfdBCA13EDc74569e86c8A0D517975b,no-decimals,,,,,,_
0x491C05896EF656d7FeE0FB90CE487315ff0aC14C,no-decimals,,,,,,_
0x4AfdD46783bc8322770c574c4D3C584960Be721a,no-decimals,,,,,,_
0x4B8007bC4e1EFD3EF9b553D68a1f5b111730c49C,no-decimals,,,,,,_
0x4BA3BbB97B5580e73b8649929B3A1E7e99B3faf6,no-decimals,,,,,,_
0x4C478aC32725872E30BCA49957AbC7dBB325cb21,no-decimals,,,,,,_
0x4C8C52d8cC106b71CEe9A3417711A5B93a3FbEf6,no-decimals,,,,,,_
0x4DaC1801ffA1534346ce8a1114E9a40eF908d7Fd,no-decimals,,,,,,_
0x4ED2C5e63c65741973F9593f1980673E03E11BBd,no-decimals,,,,,,_
0x4Ee1d7720a04072142B2efC9d2C7d5d77Ad63939,no-decimals,,,,,,_
0x4F2e42E35f8bF1ab1eC0509b6D481dAcc933eADF,no-decimals,,,,,,_
0x4F4841765d1745696eAe65A4395C9fF3290A1F9c,no-decimals,,,,,,_
0x4FdB91dbCe6ceE2e08cf85D26eaA3e9BCa0c12fE,no-decimals,,,,,,_
0x4bb886b9D601D3690a08D46851843B04b0E254Ec,no-decimals,,,,,,_
0x4c44d51CF0d35172fCe9d69e2beAC728de980E9D,no-decimals,,,,,,_
0x4d9a6b21D527D83ba251109406A0A55C94047f1f,no-decimals,,,,,,_
0x4e3b8c663D1a6620730Dd68d65966b867d9E2f80,no-decimals,,,,,,_
0x5000A0B38878A2649F33B54bcBdA81E5c5A41F4C,no-decimals,,,,,,_
0x5070832E17e2042754ccD86F28B9d21FcB0E1567,no-decimals,,,,,,_
0x508404d6F5342b4A11a08e8be3f9bB2DDBDC189f,no-decimals,,,,,,_
0x50Cf00e2B1887c162ce13f8CD9Ebb3Fdf5C99e70,no-decimals,,,,,,_
0x50c798C86D714F58Ac08E5BaC49A127771E93234,no-decimals,,,,,,_
0x50fD51B624Ca86Be3DBc640515ebC407A163cd6C,no-decimals,,,,,,_
0x51430Fbd23a8aeF3d82e4240152BA379fF84016b,no-decimals,,,,,,_
0x5156e901a673049011500022Be70F8D50BF8e4a1,no-decimals,,,,,,_
0x51D32FB6c763878F44f93907d7f88FD9eF370595,no-decimals,,,,,,_
0x51FFC1b089392a5bb65BF24EAf04d07D0e6F88B5,no-decimals,,,,,,_
0x521c69e3994B93d95A007F1cC735f271903cb726,no-decimals,,,,,,_
0x521ed218348577FA2915b9454b72712024d350D2,no-decimals,,,,,,_
0x5225f66168Cc9C145B885d7af72054B52DbE1a0F,no-decimals,,,,,,_
0x52361aAad6656383BC5aCd3fb20F6a1bA5280A54,no-decimals,,,,,,_
0x52629DD14923d9F60deAFDd373ff6E1145866F09,no-decimals,,,,,,_
0x529c9f17594d55901D6314A0B7CE5dEe92C6355E,no-decimals,,,,,,_
0x52d3ec187457a106D2ec546bE4Cb8A11D9Be2527,no-decimals,,,,,,_
0x5301F1EC2F48F86bbd5291DfD7998a3d733A3245,no-decimals,,,,,,_
0x5310AAdC315a6E9Eb2eA62629e41E35bbd580071,no-decimals,,,,,,_
0x53151A85EA7b82a4b43903427953efBA067cDe92,no-decimals,,,,,,_
0x53E3A7EC57132173Ce615dEBb9A303fD2cd86789,no-decimals,,,,,,_
0x53a2FD0d693C79eFD2fe1fd628BFcCE3F0A89314,no-decimals,,,,,,_
0x54345d405D4F459c22954B1a233cd42Bfd3A9262,no-decimals,,,,,,_
0x545ef6dB327e0861f199222C0C2D162A0F63E723,no-decimals,,,,,,_
0x548D32216D01617452892eA360bFCE9cE8dc9729,no-decimals,,,,,,_
0x548Fe7c07062954a1930a1df08C9ee24fE3Cc30A,no-decimals,,,,,,_
0x548f7581e85b473da466ef9EDbE85c5226eAa3b2,no-decimals,,,,,,_
0x55156358753335D0FBE4607A228f1E4B008d97a8,no-decimals,,,,,,_
0x55272dF80297Fbc078952d80ebe82B62E4b0DEE2,no-decimals,,,,,,_
0x553B4546D26F383d4f4a056B7f50DaDFf07FB252,no-decimals,,,,,,_
0x554AFa7d9b747B91fA07b0D1ccb979B7C123Be2E,no-decimals,,,,,,_
0x5562aCC7749eD48CA4692A8D9d3cc25C3d8f9b2f,no-decimals,,,,,,_
0x562FC9fC8c7284eA01645dD0629020bcc7220fD5,no-decimals,,,,,,_
0x564dA083EEEF740BFAB40edBf1A4fa2935b0d7f5,no-decimals,,,,,,_
0x5652AC06E148b8c8d86c2C040fdBbbF98860ef47,no-decimals,,,,,,_
0x567b27ae0D0Ea4FcA292f447D819aa1B366375C4,no-decimals,,,,,,_
0x56Bd12014D0cefE6633FaB1d55e515F81A24A7D5,no-decimals,,,,,,_
0x5736889Fd9702bA127555B745457Ea152476e93E,no-decimals,,,,,,_
0x57B9348158389bEFA686C2B8CDc6C9B7bcb09a04,no-decimals,,,,,,_
0x57D7584c6E720C1098E1721982C04D1Fd3F5bc83,no-decimals,,,,,,_
0x57FD3480581F72B0DF1AdeAd72B4181a52A1D7dE,no-decimals,,,,,,_
0x58C00e18cbc5C64302e745FF12Af1CF02784Aaa6,no-decimals,,,,,,_
0x58bd394f3dFd9Bbc15f4bC662b2deF3E597E4e90,no-decimals,,,,,,_
0x58eD44F46C279F30fD0a0724D3FEd4Bc18b11bb0,no-decimals,,,,,,_
0x591A95Ef45AeCc4CF649E779ddB970d1454F0c2a,no-decimals,,,,,,_
0x5921E194091144688b13196c6a019F62c673fc19,no-decimals,,,,,,_
0x5956e9888791E86BACa2df137eb697156A2AA605,no-decimals,,,,,,_
0x599A4b8188676224D4C9B393B947E332B60b15e3,no-decimals,,,,,,_
0x5A52d88754c5B56c24F4C5E78ebB74Ccf1666C87,no-decimals,,,,,,_
0x5AF7Af54E8Bc34b293e356ef11fffE51d6f9Ae78,no-decimals,,,,,,_
0x5D3b30dC5DB86ddA158814918E2aDb1ae8b4AdCc,no-decimals,,,,,,_
0x5D3e70Ff65f83e309552a0242702CCffd030Fc57,no-decimals,,,,,,_
0x5E39A5d846dfdA5C66538CE9ed6043e42089EB0A,no-decimals,,,,,,_
0x5F5B2C8AF81193Bdaf2Cb6793FB3d4DCe52FBa99,no-decimals,,,,,,_
0x5a109163996ee56d88e7cE6E9579A45EDDEa036E,no-decimals,,,,,,_
0x5a725992AaBC2839Daece6090188DEa2608a33F1,no-decimals,,,,,,_
0x5a91baB64ECe3428fC4E6B1CB327cd00387B5dEd,no-decimals,,,,,,_
0x5aad8436ec6320E846084aa4e6E6231387E8950a,no-decimals,,,,,,_
0x5b0462bB50A0C4b051E26A01689F45F6Ed0ffAaB,no-decimals,,,,,,_
0x5b21bA38a0dB91CC43aA7daba778979758E67991,no-decimals,,,,,,_
0x5b55BA42721182AC52c1A231Da5D6E66927952b2,no-decimals,,,,,,_
0x5bA708a7d74E3F87B719c234231548D3De0CABaD,no-decimals,,,,,,_
0x5ba12FA4941988e0ce19E0BbB11907CED19D3f0b,no-decimals,,,,,,_
0x5c03aeccd5548C5fF2A9D6f7E8A52794812C5de1,no-decimals,,,,,,_
0x5c40eF6f527f4FbA68368774E6130cE6515123f2,no-decimals,,,,,,_
0x5c8951C94b059900D05b10D592b44C78574196c5,no-decimals,,,,,,_
0x5d1F6e8143065F47723EA4CEbf53F2eD24c003C6,no-decimals,,,,,,_
0x5d356eBdaEd2798547889fFA12fc587347E5aD89,no-decimals,,,,,,_
0x5dbd2e33f4ACeeeFba9d7D542913bA3E82216b7b,no-decimals,,,,,,_
0x5e1E432d529daCd4FF0e71eFA18c0B418c36BE54,no-decimals,,,,,,_
0x5f2F1cce7311E436c6e02313c00Bf99F9F4A28Cb,no-decimals,,,,,,_
0x5f9020A24870115A5256c7004C0D5C9259AA7128,no-decimals,,,,,,_
0x60423c107acE769B49F5aC72e3e90fD567a6c4f6,no-decimals,,,,,,_
0x606a24Aa75860A817cb5f2db859158Ca4866EDAF,no-decimals,,,,,,_
0x609EeE76d7ddd7880ff8349736F1329BFFDCecc7,no-decimals,,,,,,_
0x60cfb02266310E66Dd99b1635e702C519a564726,no-decimals,,,,,,_
0x60eE2042153D3F0F63A28D41C3d05Cd0B255fA05,no-decimals,,,,,,_
0x615eA80BC073DCA935FB634Ef40Cf8B0166bD94A,no-decimals,,,,,,_
0x61D89828f79BbaEcf854c7dF08dca887aF0f8eE7,no-decimals,,,,,,_
0x61DB4C9Db2Bb58DA4777B73463257a6DDE90eB0D,no-decimals,,,,,,_
0x62590a381465Eeb2C909787Fc927D150CE340d5b,no-decimals,,,,,,_
0x62590cbfbB78d765e5c35Fa2bF34d110411CDcac,no-decimals,,,,,,_
0x6283d6EAbe2Df8eb6A188fDbBb30Bef3a488489F,no-decimals,,,,,,_
0x631A4ae8642636C69446b79b1ab2a6Dd2aDd1D92,no-decimals,,,,,,_
0x63ED2a40D7b0A8FC9017C9B9c765deb531115eA8,no-decimals,,,,,,_
0x63F9a1657aceC577aE4E9DAd1Fc16456eBD17dbb,no-decimals,,,,,,_
0x63dD6F40007731Eb7E70A7ae43B55c0fb2090C99,no-decimals,,,,,,_
0x6416704a47bB0CA8d004649314Ac85E8bDFa9263,no-decimals,,,,,,_
0x642CE99AaD0cCc6fEd7930117b217A18ce4B4229,no-decimals,,,,,,_
0x64386613c1abc7a2cE3C00765f505C025D10b8B1,no-decimals,,,,,,_
0x64CD4cF9538E455353070D6024E86a8c0c98a246,no-decimals,,,,,,_
0x64D2DB533A3a65eD6db297C382A79a322d466aeA,no-decimals,,,,,,_
0x65D08c27d696eB55170cB3346b423Ad85E58DE68,no-decimals,,,,,,_
0x65bf23435d589845f8eF2f792564bf27B24a009e,no-decimals,,,,,,_
0x6652A55CeF751B9Fb66b0d61fa2210AebB7fb244,no-decimals,,,,,,_
0x66734d6103442d898986EED8fAd848B2680D9f5e,no-decimals,,,,,,_
0x67123aFd93DD99C2B7587eA506843bfD9485D95e,no-decimals,,,,,,_
0x679732680cc84aFC00876b6Ab813920dBB74506e,no-decimals,,,,,,_
0x67C5456b39a84e3a0058cD0026Da69040aDA86e8,no-decimals,,,,,,_
0x67fa2C06C9c6d4332f330E14a66bDF1873eF3d2b,no-decimals,,,,,,_
0x68223dF196B3c46b7eb30a154DC79AA0A9d7907A,no-decimals,,,,,,_
0x68623fDf159DBdb7d1547D3050821Ce57448aA47,no-decimals,,,,,,_
0x693399AAe96A88B966B05394774cFb7b880355B4,no-decimals,,,,,,_
0x69cC9BE8E03A11fc0707666D5cE64508047de2B1,no-decimals,,,,,,_
0x69cCa8df17623f18a001b96Ba4d958cE72Bc6BDC,no-decimals,,,,,,_
0x69e5DA6904f73dfa845648e1991Ad1DcC780F874,no-decimals,,,,,,_
0x6B4D6666156A2921850527Aa00E47047857159D2,no-decimals,,,,,,_
0x6B609d9095d069C805650234ab67595b3A6AB934,no-decimals,,,,,,_
0x6C5208924c5b302f756A79776a8b2918a041AD4D,no-decimals,,,,,,_
0x6D0a44Fb6A416dA6efe1C192560BE1bcCD01f6bE,no-decimals,,,,,,_
0x6EEE3497d91ED600646f4e31000329ef2e5d210E,no-decimals,,,,,,_
0x6F4DcBB16F72853c7382e7100A0713a68e53d9be,no-decimals,,,,,,_
0x6F6b155e3Ab5d668665F9D8E13120d3cEc285678,no-decimals,,,,,,_
0x6Fd570c64568a05B9cF3afcD7D31Aa5e3c9b8350,no-decimals,,,,,,_
0x6aCCf0BF1A78d8EeeAF03171B68039C030AdfdE8,no-decimals,,,,,,_
0x6aD154bF6a76Ce3aF58fB0D229a0175612908445,no-decimals,,,,,,_
0x6aEDbF8dFF31437220dF351950Ba2a3362168d1b,no-decimals,,,,,,_
0x6abF810730a342ADD1374e11F3e97500EE774D1F,no-decimals,,,,,,_
0x6ac9E08B3AA6b501E5FB29B3D65E4c12305Ba721,no-decimals,,,,,,_
0x6b697082bdDA19c7Fb9af9a265D8308993d670F9,no-decimals,,,,,,_
0x6bFA4C3C887fdc965bDa1f09Ff65fbF1F3D8b58D,no-decimals,,,,,,_
0x6c0F03411aB250f0a080a4420190B821AffD4602,no-decimals,,,,,,_
0x6d500e4B6565C3c25a6EDD51839d52269e3d293f,no-decimals,,,,,,_
0x6d744Ff5cB5D6741c7c9887bd4bbFb815D743CcF,no-decimals,,,,,,_
0x6dDCA767d731f57d90A516dD751f2aa9282B37d2,no-decimals,,,,,,_
0x6dE126Fe427b7556328038A400AfA99B857760b7,no-decimals,,,,,,_
0x6dE20D9d444354Ff9B271A6Ea6f9274F2467df35,no-decimals,,,,,,_
0x6f0d792B540afA2c8772B9bA4805E7436ad8413e,no-decimals,,,,,,_
0x703805ae406016d5fb716f805F07821018A38922,no-decimals,,,,,,_
0x7110BB5e18842646438320CA56C0A064ccd99235,no-decimals,,,,,,_
0x71115Dac80958DE94264A83cF0675061e6db6c5e,no-decimals,,,,,,_
0x7119AdFAd3C95f679D5A0a1282Db35736EaA9d38,no-decimals,,,,,,_
0x7149CAb37227Eb947c762fd762CEE87050F19171,no-decimals,,,,,,_
0x715F6877b09d490e6a3a8641f9a9AaF1bf1cAE75,no-decimals,,,,,,_
0x7181772C67E3b38B2Ed202BEDb76dFB4794F1154,no-decimals,,,,,,_
0x7183169973EdA16209F66a602F2e27E1303bf414,no-decimals,,,,,,_
0x718Bea7a9A70368955Dba5cE657d0695fA04E024,no-decimals,,,,,,_
0x7192bb75777DaB47ef6fBF6f6C0e4BCBB2294F38,no-decimals,,,,,,_
0x721dA477f68c71788A262d58853fE6977D86535e,no-decimals,,,,,,_
0x7287BeF78619E10C32a1eEE82046fA3c4a29f17d,no-decimals,,,,,,_
0x72Fa5C5067Cd1Aa4144D0423d289e2EFb3Ae1f9C,no-decimals,,,,,,_
0x732a9D974BE338a6165dD499f4Ca585ef404f6e8,no-decimals,,,,,,_
0x737290DC60F7079123F96a59bA1C48188A94a108,no-decimals,,,,,,_
0x73B0eBEa28f76be1368d578D13657354330472A9,no-decimals,,,,,,_
0x73B29c2a2Dd1c18Fe95cc43F67E5D202651794fE,no-decimals,,,,,,_
0x741733CA54E0F052a092bdC95bA9897C2D56e04B,no-decimals,,,,,,_
0x7460266268341a4c366A034DBd28BF54b9E3b043,no-decimals,,,,,,_
0x748dDDDFcf0f50c9866Faaf37254a57CB2AE097e,no-decimals,,,,,,_
0x74C1E4b8caE59269ec1D85D3D4F324396048F4ac,no-decimals,,,,,,_
0x750229C6e70AA4B747B1bBA2408436d74465381C,no-decimals,,,,,,_
0x75298D365092DCEcab1dae51B257b972D34F0323,no-decimals,,,,,,_
0x752c4E4e90846C5673C3791b9809f71B7D4A638a,no-decimals,,,,,,_
0x752cCB2f5dBF0F82d428128941Cec7B8bB8ccA4A,no-decimals,,,,,,_
0x754614Fea204097FD934dc26784D837Bc884B00D,no-decimals,,,,,,_
0x765F519568b32cD7d739a43263bAb0568Eb3eEF4,no-decimals,,,,,,_
0x768c839046636E83F3Ae30F00B51d006CEd4AB4A,no-decimals,,,,,,_
0x76a09Dc62B5543c359bFFb9921e3150AaF3Aa566,no-decimals,,,,,,_
0x76bEeB04Fbb6326D3c928484dE13481284B2100e,no-decimals,,,,,,_
0x76dC101cF28c5268f9562A281E9B720B7b7d6e2D,no-decimals,,,,,,_
0x76eeC498e1502993324f7da98f0C78380e071098,no-decimals,,,,,,_
0x7702cbba3e02788dD50535AfB691FAbcb64308cD,no-decimals,,,,,,_
0x774A6a79515756b50b66b85b09D792E3A5378dAC,no-decimals,,,,,,_
0x77a40bc24A5aB0DfFbE790Ca53E431F0EE93e9ed,no-decimals,,,,,,_
0x77a62e46b2C62E9d9b8d76a8BB02304f3280Ee55,no-decimals,,,,,,_
0x77d8a32e0F37c8d6413BbEb5c601EfcB018bE996,no-decimals,,,,,,_
0x780623F5EC165b48394189fe1263466d5c16FdfF,no-decimals,,,,,,_
0x78AffB030Dca01D72A84F082e59A493A240EAA9F,no-decimals,,,,,,_
0x78c9117210fAC4709d2F7b7f1Ed5609d783a5E8e,no-decimals,,,,,,_
0x78d30C42A5f9FB19Df60768e4c867b697e24b615,no-decimals,,,,,,_
0x79A198b2355CA2aef695d8a4987582E093911EBb,no-decimals,,,,,,_
0x79f9455b8B2ee5E4aF24756334B002467Bab27Cd,no-decimals,,,,,,_
0x7A16e67F53428110e7206649EC5eF4d4FA06E44C,no-decimals,,,,,,_
0x7ACBc0b5c51027Dc659A19F257BB3E462309b626,no-decimals,,,,,,_
0x7B00cAC9B094f775B7E2009e017c3600F06c944C,no-decimals,,,,,,_
0x7B22713f2e818fad945AF5a3618a2814F102cbe0,no-decimals,,,,,,_
0x7B30DEb4a3EDeAF4e82c34f8134ddd0abe2C93d6,no-decimals,,,,,,_
0x7Bc8e26db75dFc68eE5EF70420E2327b23224E6E,no-decimals,,,,,,_
0x7Cb30153d1B4274C69AfeFfE4784ff4aD54D643D,no-decimals,,,,,,_
0x7Ccfe64e02e378c2ba6faB17e5C8B9C404e5A8d7,no-decimals,,,,,,_
0x7De39e18D6878F17c94B9c7F8C9EC451438ab710,no-decimals,,,,,,_
0x7EE6e9Dc512B0fE5cb5E28697cFC34375A9adC4B,no-decimals,,,,,,_
0x7F37472ee88062acc82F14CCfE6E7bf5f469dD05,no-decimals,,,,,,_
0x7F6eAC2EA38284645795996b11F9Bf227cf9551d,no-decimals,,,,,,_
0x7a7Bd6aeAD42b852FA7949C1e167bad5EFF78415,no-decimals,,,,,,_
0x7b79387dD30dC6848dd2308C825B6802e99aBc84,no-decimals,,,,,,_
0x7cEc86CBCcBA2F87847006FE9EC60BDa272F4240,no-decimals,,,,,,_
0x7f30B108768DAe75bFe036C94B207dc53F12Ca6F,no-decimals,,,,,,_
0x7f7c3F8df72f20811182d4BC72609a784bbD0496,no-decimals,,,,,,_
0x8037A3E0D864B1f332E52cf60F999990a9780c54,no-decimals,,,,,,_
0x80D0cb118f7179c08157c86f8eD416581278bb6a,no-decimals,,,,,,_
0x80ba3b3780187eCA1ca7B4F8636549Ac1f0C1FAA,no-decimals,,,,,,_
0x812849100450a393c86ab8Aa3FbB62119Ee383C9,no-decimals,,,,,,_
0x8185E8C1F1cBc1eB7ACCBEAD3fb4CbbD06a0922f,no-decimals,,,,,,_
0x81F074bb3B158bF81799dCFf159521a089e59a37,no-decimals,,,,,,_
0x81F284d04e151362199db299490dA3036765FEE7,no-decimals,,,,,,_
0x8200341fFA058A4b2fa5BEf16C8CcA0330d529ed,no-decimals,,,,,,_
0x8216DeAe8744A0286c8C53D8F237b65f661644e3,no-decimals,,,,,,_
0x826f6D1242231B70832d009f7d2C99A0CA8b7A12,no-decimals,,,,,,_
0x82898432D56663b132D3104181a4edea8680097c,no-decimals,,,,,,_
0x8299163642C093076B431cb3D7cdE0Bfa73C1F69,no-decimals,,,,,,_
0x836A5f830D695B4f9975eE87B0b0bE68c44FF585,no-decimals,,,,,,_
0x839c52cB18B02F2Af31Ad50070D6A9ea71aFDf79,no-decimals,,,,,,_
0x83A216A7d51f9698FCE51364D6A258d725e55B54,no-decimals,,,,,,_
0x8416d6CF1EF3b3363A031EA42E4332fa69d2C318,no-decimals,,,,,,_
0x84220590dc3CBaba5aBB7bE79797526F05cdA9C3,no-decimals,,,,,,_
0x8493835CAfC3EB1dD74BC0D0e1a06E0A9C14E2D7,no-decimals,,,,,,_
0x859AbCd02364500b760634068D7a25422D6b1551,no-decimals,,,,,,_
0x862CB5B6EEAaFB26Ebb137e0c3C5d7728800439A,no-decimals,,,,,,_
0x86D3eFfe52A70E4898F5844D5c28BAE02F02B8aC,no-decimals,,,,,,_
0x86F321E61F1400fCEB6e49D617849c7c782b6a94,no-decimals,,,,,,_
0x8719612bF4ceD64a3c1034b70D496c6810239B05,no-decimals,,,,,,_
0x871979236d4D7d1293aa811F6EC84DDE40F98ca6,no-decimals,,,,,,_
0x87360AE69F75e3A8b19C131dc01f4E0d2Fc8c6b9,no-decimals,,,,,,_
0x874cD43cb59CfD0b7A5828DD9377f733FeD17811,no-decimals,,,,,,_
0x87766C251F604163b23802C6b30DAe398F49528C,no-decimals,,,,,,_
0x87A6d6b84e2C53B5178084C6Bf513C569afC17f8,no-decimals,,,,,,_
0x87Be146D2e2d2aE71a83895a3ad15C66546af5E2,no-decimals,,,,,,_
0x87d598064c736dd0C712D329aFCFAA0Ccc1921A1,no-decimals,,,,,,_
0x884f3C96fbdE92ba75E22D27700dD333415e9349,no-decimals,,,,,,_
0x887E1988F7d697df22AEA1207a5e1831ad3065Ef,no-decimals,,,,,,_
0x88Ed2e15dCABEAaE5a9bF35C3196c8d2505B8a1C,no-decimals,,,,,,_
0x890e99D7a8dcf35c9DE9679d2987fbddE91F2682,no-decimals,,,,,,_
0x897C6cf1996EdFb2126703dceCf038dF646298Fa,no-decimals,,,,,,_
0x8A820230F2A2714Fbd5Cdd9286290453C2790cD7,no-decimals,,,,,,_
0x8B481c5Af4734501Ea8b6a0c3502e001dd883d3D,no-decimals,,,,,,_
0x8C82A7D6b10e5675c07d3F802C001d937CA2949B,no-decimals,,,,,,_
0x8Ce2236bb743Ef077409B43E541eAA4f5b928Db3,no-decimals,,,,,,_
0x8D06cBFdaF7066c739C71D70A2261d96D00d2D52,no-decimals,,,,,,_
0x8D64fAa5Ba0f4C9b711d8357F2a55e15a170Ff87,no-decimals,,,,,,_
0x8DE9abC2d27b363aC4c23e08C67ea5f43Db9BF6f,no-decimals,,,,,,_
0x8E58289AfdDc1c32575555b8aC5f6Ab316051528,no-decimals,,,,,,_
0x8E8F340f43430c9a1958aB72B2847c8e4935bb0c,no-decimals,,,,,,_
0x8Ead30dd1B8f516BCd54b534a79c86F156f47dA6,no-decimals,,,,,,_
0x8Ed6ae0903C66484BCAFD7528D284b324207F620,no-decimals,,,,,,_
0x8F223017E0519D54f9395Fb01Fa37139e54d921f,no-decimals,,,,,,_
0x8F69CFD1151cCbd04ec04cF6D279DAB03AE95C24,no-decimals,,,,,,_
0x8F8e5e6515c3e6088c327257bDcF2c973B1530ad,no-decimals,,,,,,_
0x8b316d06feD5626f051753aE2c2eF80C3C9435f4,no-decimals,,,,,,_
0x8b34FbC553db3462Ad4909f2e5577cc22f63c216,no-decimals,,,,,,_
0x8ce55EB548694DFDc6A336c48d85B2EC565A9a76,no-decimals,,,,,,_
0x8da0D80f5007ef1e431DD2127178d224E32C2eF4,no-decimals,,,,,,_
0x8eFFd494eB698cc399AF6231fCcd39E08fd20B15,no-decimals,PIX Token,PIX,@Bancor Network@BigONE@Bit-Z@COSS@Coinexchange@ForkDelta@Gatecoin@HitBTC@Idex@Tidex,327154880,0,_
0x8fc95Edf1C8720510809d881b1E3A44aB4B8d031,no-decimals,,,,,,_
0x8fd3121013A07C57f0D69646E86E7a4880b467b7,no-decimals,,,,,,_
0x900448F2F4c0Dc2805d1183a6F947f38d5Db79Ee,no-decimals,,,,,,_
0x904079be18B34fEfea1307bC5E3c29ADa6F201dc,no-decimals,,,,,,_
0x90b12b97a52451f38090f49BcE8Bc2962ddE4902,no-decimals,,,,,,_
0x9106708eB08A6fca144BCb45F8bcD020F903C0f5,no-decimals,,,,,,_
0x912b8f85E28B9ec196b48228159E2f13546836e6,no-decimals,,,,,,_
0x913FA716822660489B2c031D1844bd1425e7ef32,no-decimals,,,,,,_
0x91417A1F7A5C289FeEC3A509d6052d8B28Ab68F2,no-decimals,,,,,,_
0x91C94BEe75786fBBFdCFefBa1102b68f48A002F4,no-decimals,,,,,,_
0x91Dcc0945713AB32847256678A6885E3e9f7F560,no-decimals,,,,,,_
0x91a973BEE89225c6c186419B5Bab1944Fc5736C7,no-decimals,,,,,,_
0x91ae7d824E3e5e97C9Ed5a325B90151415c54da2,no-decimals,,,,,,_
0x92023ec96a788Cac18f1472743Da5C56839C8683,no-decimals,,,,,,_
0x92579f2fa430B20BF6CE9d19938Fe061aad992E2,no-decimals,,,,,,_
0x927b1C94345C8d1C01Eb014F57bE84F5c794b021,no-decimals,,,,,,_
0x92Ae973f0549c7D51370A236FE7B1dFe9eA5aA56,no-decimals,,,,,,_
0x92cB5F1FbabbcbDd891B9Cbd8E9a056c8c1eEbEF,no-decimals,,,,,,_
0x939C0304e9033761E4b510A93386Ba3bebc983BA,no-decimals,,,,,,_
0x93c625B959b55F67CDdd7bAed6eC50D1acEb3B13,no-decimals,,,,,,_
0x93d812Bf90A575D628e246b0966505a9E466f534,no-decimals,,,,,,_
0x93e1016AF21E628afb9b0d0C7EaD495A5E096161,no-decimals,,,,,,_
0x93eBbF10084680bAe8AFdB05955bF1C0dD65948A,no-decimals,,,,,,_
0x9486120332526054fb2aC591D54513fF72b618d4,no-decimals,,,,,,_
0x949f335fE05b4df0C01D128763BAF0CF5e9e785D,no-decimals,,,,,,_
0x94Eb295Ec89D759Bf803628d2C58DE09D8f67950,no-decimals,,,,,,_
0x954878C70dBbd09DbA501EFCa4c6b6e1f70067a3,no-decimals,,,,,,_
0x95EeFC5F6412701d86268752532cDdf29f7C9234,no-decimals,,,,,,_
0x9668CD96f610b010348e02cfE7D900E3028c225C,no-decimals,,,,,,_
0x96CD0F2E608A38B37d4420Fc073C94b72Cc2C6A0,no-decimals,,,,,,_
0x96a61970A1Cab6A85bC2FaF544F873FB06237bdd,no-decimals,,,,,,_
0x96d0c2877b5d4Fa1a476a8184326ff3EFA0f95f5,no-decimals,,,,,,_
0x96e666c387B1d25B490A33CDB5a32b8A1F91D3B6,no-decimals,,,,,,_
0x9712867811AA6c20aA9923d15099fC7c62927805,no-decimals,,,,,,_
0x97282A7a15f9bEaDC854E8793AAe43B089F14b4e,no-decimals,,,,,,_
0x972f04Fe0927445C5821B1c368b2Ed29821271B7,no-decimals,,,,,,_
0x97465A514B53127F6980B925587e508F07691da7,no-decimals,,,,,,_
0x9774126f3F470FB5C45D3Ea8fd6198eFb07C8EaC,no-decimals,,,,,,_
0x97A3aFedb51931A66aE86811De981E80082AF56d,no-decimals,,,,,,_
0x97EE999f562fB8CEec6e2636fe13DfE43505e6DF,no-decimals,,,,,,_
0x97d1761564C564fe0325E5538d35687a73970Cd4,no-decimals,,,,,,_
0x98008a4168b66261Cb112D2D4cd940728D033c2e,no-decimals,,,,,,_
0x985Fbb68fF6396938796008054147880626D5d52,no-decimals,,,,,,_
0x9860e59993EB5998286C150A8E14Bb9E4a36Dd28,no-decimals,,,,,,_
0x989aF9516c7466fFf588121059C7F069A2f5BB49,no-decimals,,,,,,_
0x98d1382B3B6498Ba2F0DC2BA34198cC51a37A691,no-decimals,,,,,,_
0x98f7D9405e9b973e51cd4d85a5b2327a9cA55359,no-decimals,,,,,,_
0x990c2463C7C4DCb435948E3110006F352dA8E666,no-decimals,,,,,,_
0x99287f6A84d56Fc3bB2ad95a4bBE783403f825f0,no-decimals,,,,,,_
0x99474b0a565DD095555636D85803CdcA7276B931,no-decimals,,,,,,_
0x995020804986274763dF9deb0296B754f2659cA1,no-decimals,,,,,,_
0x999B190DBbC297980e6b01C5E486a54cb8dbfFD6,no-decimals,,,,,,_
0x9A1F53A3d0eA54A60918a9c79c8D8b5D955D65eD,no-decimals,,,,,,_
0x9A33A92b408b07d3be90E9828731b21A7d794Af4,no-decimals,,,,,,_
0x9Ae4Ed3bF7a3a529Afbc126b4541c0D636D455f6,no-decimals,,,,,,_
0x9B60874D7bc4e4fBDd142e0F5a12002e4F7715a6,no-decimals,,,,,,_
0x9B8eB09A59a180E7798fBe7E099C8c351AC56AF0,no-decimals,,,,,,_
0x9C232E37bD00d8F72107f562EC59f90cBAC05fA7,no-decimals,,,,,,_
0x9C6FA13FC06262762C97789A9bac3F28E4eE5DfE,no-decimals,,,,,,_
0x9C76d1daEa99da03F8C5ba5D59bBcD2106E53D53,no-decimals,,,,,,_
0x9CF0F1e78922e8eAeb0B91D3b4dCD7B8a103C1d9,no-decimals,,,,,,_
0x9D175226f9E9C2d20513E9D9637Ba2Ba25131636,no-decimals,,,,,,_
0x9D7DD630d2912c75e4AF662080a28D3Ed2e1c286,no-decimals,,,,,,_
0x9D8B33f8719470478DBD48711d004a0736d86956,no-decimals,,,,,,_
0x9E9EccD8df960fE1C4ED48ce65B28B11A81ee84a,no-decimals,,,,,,_
0x9F00f10e226EC430E888d6311E3F65E62093A9ac,no-decimals,,,,,,_
0x9F7EAEB7d987b33db953fcA515642a1def0cc39e,no-decimals,,,,,,_
0x9FA76b2401C0b1CCCfa207b5539DF9313a265151,no-decimals,,,,,,_
0x9ab055FD8189A4128F5940F0e1B3F690AFaCd80c,no-decimals,,,,,,_
0x9b3912Ab0eF08A772A097340400bA6a471e8De57,no-decimals,,,,,,_
0x9b4d2591F2E63bbfbA469e14e81FA36088B93244,no-decimals,,,,,,_
0x9bC5418CEdED51dB08467fc4b62F32C5D9EBdA55,no-decimals,,,,,,_
0x9cDf3c7D8a298eB6273e33C0C41d25a859F87907,no-decimals,,,,,,_
0x9cd02516d58EBAEf8DcE063FEe284a3c47a737E8,no-decimals,,,,,,_
0x9d43C34A050d5C1a865b09993A0D1d04Ec4432ab,no-decimals,,,,,,_
0x9df3A24d738ae98dEa766cD89C3AEf16583a4daF,no-decimals,,,,,,_
0x9e17852142B297B7D7919698fA8B7e382c43bEBD,no-decimals,,,,,,_
0x9e1A813ee8Ac44D581B241605d7d9eB99af89F09,no-decimals,,,,,,_
0x9f0Ccf35420Ab231c09C879FbfB5d8a38Be3a568,no-decimals,,,,,,_
0x9f87C89d4B96628f3F5bc6aB981Bab71997d99BB,no-decimals,,,,,,_
0x9fff4Bc5166f50eAE026e6A57972a149e4fD140f,no-decimals,,,,,,_
0xA00175B45F894560171Ef8e442f2BEe5a21b36F7,no-decimals,,,,,,_
0xA01CF557573D87fd0CD5F4E479C61E469ef9D3F3,no-decimals,,,,,,_
0xA181b8c9f6b43B8252c6c9826Cf5feba362B542e,no-decimals,,,,,,_
0xA21C9a3ae47103B1fD1DfA04766c4D00c19E1Ff6,no-decimals,,,,,,_
0xA2cecE15277Be7000A194cf3Db5d159d4d5bb98b,no-decimals,,,,,,_
0xA2fd77767C598C7E93fA7234FCfE1976CF7E3216,no-decimals,,,,,,_
0xA36117a4c5227A7E8E294f8797bD0D4589cDCd43,no-decimals,,,,,,_
0xA3FA17c51a77a79808f3C21948DE3ea70391Ce6a,no-decimals,,,,,,_
0xA46AaF1b1f69E78d67fCb6C343E1701F835292e4,no-decimals,,,,,,_
0xA4b87749b143b13F58922135a99e2D6c48Dd32C2,no-decimals,,,,,,_
0xA53b9b044bb919Db3E06a35d57A06d057f3e0424,no-decimals,,,,,,_
0xA61C86EeA36c9ebE51b70C4a77EcBcE0a6078D02,no-decimals,,,,,,_
0xA63aD6707FED5eeCdFec1ABDA5F412FC39C1139F,no-decimals,,,,,,_
0xA676DD063114D1b32c6b9F6dcfCd4Bea81081325,no-decimals,,,,,,_
0xA690f6a9fA8BCEf284F2f4aeB1adD87e1D9A4465,no-decimals,,,,,,_
0xA7e3713d9fBeeFf5AA1ea416bA9dF933bbe8DbE1,no-decimals,,,,,,_
0xA828476505d3B4db07aCa0B69726ECa39E5DeA50,no-decimals,,,,,,_
0xA87D9fCe01D66b54E3351D94e25dd6032628CAaa,no-decimals,,,,,,_
0xA97fF44CFf7101FaC76aF172F088f400F28cb4E9,no-decimals,,,,,,_
0xA98Ad92a642570b83B369C4eb70efefe638bc895,no-decimals,,,,,,_
0xA9Dac569e85fCfc68F978c86B8eb121F35F9Ded3,no-decimals,,,,,,_
0xA9F801f160fe6A866dD3404599350AbBCAA95274,no-decimals,,,,,,_
0xA9b6E2381dee5dd4Ea5d6E31e11B3C6f10d35AFc,no-decimals,,,,,,_
0xAA5aA0A6422d54e614421F22B00945FFCAB40477,no-decimals,,,,,,_
0xAA6e94908C4b2d020ef5f92BCa529dB958Df106f,no-decimals,,,,,,_
0xAB24cD33766da327eCD4Ec9E46e2e7Ba72CDA783,no-decimals,,,,,,_
0xAD39908f9d7d7CacA6043774471961B9f8CEFF3F,no-decimals,,,,,,_
0xADfB36Ce9fF4e514dbd8d1760599fDDCFC568921,no-decimals,,,,,,_
0xAF6dF2Ef65e7B52Da7a75Ab35F39C1684f659dF9,no-decimals,,,,,,_
0xAa30F96F7576fdb195142b3D8EFcF7cF712e1591,no-decimals,,,,,,_
0xAaC277020580E1e9B5Bf68D979C1C20E51C7E1d9,no-decimals,,,,,,_
0xAb2162AB3d9d5486A881AD02a1843FC2f1b28323,no-decimals,,,,,,_
0xAc1bAdBA2d5AD0dF7B002091a09117710565a1eb,no-decimals,,,,,,_
0xAc355D24591C01ad44F8da36ec7629d275a2C6E1,no-decimals,,,,,,_
0xAf1119aC13dA83961883773F715E58d43E2AAE07,no-decimals,,,,,,_
0xAf31604f0a88f7fceBc7D4CF4DD14653f4a6773c,no-decimals,,,,,,_
0xAfC423fE1F2Dd394ad07E2Fbe4410eab4895fE85,no-decimals,,,,,,_
0xAfdD6Fec9Be6E31AD9dd7E28631625AC8e38f9c3,no-decimals,,,,,,_
0xB02BFBd57a9C6Bf16eEedf346d5464A3f0DD9bc1,no-decimals,,,,,,_
0xB15fE5a123e647ba594CEa7A1E648646f95EB4AA,no-decimals,,,,,,_
0xB1Ad803ea4F57401639c123000C75F5B66E4D123,no-decimals,,,,,,_
0xB1eb96f752C624DC784D80961A1aCcfAf348C923,no-decimals,,,,,,_
0xB1f2b7220840502AaC99A3507b4948B66EAA3c99,no-decimals,,,,,,_
0xB2eE4ACf44b12f85885F23494A739357575a1760,no-decimals,,,,,,_
0xB30A38FAe3730863B5A17a7D5d935065f96e9552,no-decimals,,,,,,_
0xB3707eABedf0e9DaF1B9d91B881e05dd69BF0CE6,no-decimals,,,,,,_
0xB394114456D3388a329230ab1D98cee2d35EE5b7,no-decimals,,,,,,_
0xB3e5B75D085085d1B5C572f34c9BeAFd7f67129c,no-decimals,,,,,,_
0xB3f998F70F0A99Fd11902Dd238B3b92156040ca0,no-decimals,,,,,,_
0xB4959bcC38F34DDB9cFD95d4935b18AFd5bB4817,no-decimals,,,,,,_
0xB565726e2e44e4aE9e3CE750fc4ba8fA65e701e0,no-decimals,,,,,,_
0xB57D88C2f70150CB688Da7b1d749f1b1B4d72f4C,no-decimals,,,,,,_
0xB5Da84cdC928765c15A8192bf3c6649E7802772B,no-decimals,,,,,,_
0xB63b95C33B891CDc01CC1456412e58EB8BC74571,no-decimals,,,,,,_
0xB64E6BEf349A0D3E8571aC80B5ec522B417FaeB6,no-decimals,,,,,,_
0xB66E4dde0d884c88192Fd5B1274a98F9d8959A05,no-decimals,,,,,,_
0xB694A9ee2EED5DC6D58599a25874Abda504fA60A,no-decimals,,,,,,_
0xB6C3F831D759599215033e55243853225F33B770,no-decimals,,,,,,_
0xB6FDED59907f68Cbc8031Eaf7FB04C2403Fba227,no-decimals,,,,,,_
0xB75BAb60770f91bdb2Eb40f2e3663A05aD2090Ca,no-decimals,,,,,,_
0xB7dA39352Aa33cdd6E82fF3138DF4bfdfCE814cB,no-decimals,,,,,,_
0xB883A8b06adde298774fEA3E6F6Ba2675f07949a,no-decimals,,,,,,_
0xB8Bf73550F251562d308882E032225A700A7b9bc,no-decimals,,,,,,_
0xB919AF95F358c8EcA0bAFC57Ff5296B620128d11,no-decimals,,,,,,_
0xB98fd93Fb71F946eFF248C5088E407B11443961F,no-decimals,,,,,,_
0xB9e0FC2a1C9d567Af555E07E72f27E686f2c6872,no-decimals,,,,,,_
0xBAd8E5Bbb4fAD4029Ab444A10855539850a91FB9,no-decimals,,,,,,_
0xBC466996856B5412d582d3bBdc746B397A629Ac9,no-decimals,,,,,,_
0xBEC6663703B674EAB943CE2011df4c6cf095642E,no-decimals,,,,,,_
0xBFbcF2059f5436167459ed802489e69F5b41dEcf,no-decimals,,,,,,_
0xBa5a1760dbF1dC1Be22Dd48fE54A028203240A64,no-decimals,,,,,,_
0xBa5a17C1Af87193B1C2Bb1D8E28b1F9CA80332Fc,no-decimals,,,,,,_
0xBb13B668fA4a9cf89c601997355d759b0F7799A9,no-decimals,,,,,,_
0xBb2AC7e354C2B95Ffa58ede51832a443129BB51f,no-decimals,,,,,,_
0xBcB03C4b10F04e568Abf88Df136F579038DD0eF1,no-decimals,,,,,,_
0xBd3084e5bA67BBed7ECf95a516Cf58C0250bc650,no-decimals,,,,,,_
0xC024AcB9141d17C960F8E9c6aeC9EE23a7a4939D,no-decimals,,,,,,_
0xC1415827CE9D43fd58349cCbAA189BC58fC21d8F,no-decimals,,,,,,_
0xC16b542ff490e01fcc0DC58a60e1EFdc3e357cA6,no-decimals,,,,,,_
0xC19D40A3659520c11FBa9D37599CD945EB6F9fad,no-decimals,,,,,,_
0xC1EF465527343f68Bb1841F99b9aDEb061cc7Ac9,no-decimals,,,,,,_
0xC2E9A923A9BC9db5409d35AE30974C76b6E401F9,no-decimals,,,,,,_
0xC2EE4954eA6E5164FA4aB8AF4d326F6398c23299,no-decimals,,,,,,_
0xC334A57b5b805FcA840E23EB126a3531c0B2a649,no-decimals,,,,,,_
0xC39A638F2D6D297D184b3A48167f9bd9414052C9,no-decimals,,,,,,_
0xC39D73FCa64D4FFe2C78Fb17e61B9C8489f7c5Fb,no-decimals,,,,,,_
0xC3aC10385BA8Fb5cedD8519059767D28DD52664b,no-decimals,,,,,,_
0xC48dCe601d09796B554FDa45a1d28488F4AA3731,no-decimals,,,,,,_
0xC56C90c42948CB1d43148877351495CAb4d1Cd0E,no-decimals,,,,,,_
0xC67a50adFbDD3C8ce6157cd65360047843541175,no-decimals,,,,,,_
0xC72678b233DB51ff01a6725C21A323A98096CFA1,no-decimals,,,,,,_
0xC735ba2f48CaFF798c3A4e9E22CdBF62fF804fd0,no-decimals,,,,,,_
0xC77adD231Ef94CA78968Aa6CE7e4f4474362C544,no-decimals,,,,,,_
0xC789Bc5FD3941Ef07205F2Ee4Fa99AE0BE1DB85A,no-decimals,,,,,,_
0xC7D07f6fFbB0b9AFA300492BEd1f6f0cD22809d2,no-decimals,,,,,,_
0xC7af99Fe5513eB6710e6D5f44F9989dA40F27F26,no-decimals,,,,,,_
0xC7c11eB6983787F7AA0c20AbeeaC8101cF621e47,no-decimals,,,,,,_
0xC886d9b4DE5f9B5578FABd9151571f5fb8869d9D,no-decimals,,,,,,_
0xC8f0FcC41b3364A770e7EF1Bbd22E2fC768C6E87,no-decimals,,,,,,_
0xC99f359F73626e475ee86CaaB459A4B34aE93Fea,no-decimals,,,,,,_
0xC9B40918a235946B3b9649c8B0719Ff57C2F74ea,no-decimals,,,,,,_
0xCA6bEA8e144B0A6aEbBB412e6Ad0E7FF1959235E,no-decimals,,,,,,_
0xCC70741313254E83fe697A964D4f8971f5BA21B2,no-decimals,,,,,,_
0xCCfaDBB9bd330452a7EA6E63787BeD33E32d09fd,no-decimals,,,,,,_
0xCD9DEd80a31cF28aD079743eC869Be47aFf98D45,no-decimals,,,,,,_
0xCF77B582bbB9aFda0AbE1d7Cedefbaa312C5c45F,no-decimals,,,,,,_
0xCa577378BB259B0A28ac58a5A0b48aCd58dA2C7A,no-decimals,,,,,,_
0xCa82CFcfBe9EEd35F7afEe9C17755c679BE13241,no-decimals,,,,,,_
0xCe37d91073b13f9ECFB993Fc5778BD159c17aED5,no-decimals,,,,,,_
0xCea7E9834f597dc571fCE84c2d931d29D094F0a6,no-decimals,,,,,,_
0xCf2f1d0ae77b7d6EC1e5961978dbFDccE6f007F7,no-decimals,,,,,,_
0xCfaAfdD4eC90985108c3F4847B14e7c733eAF575,no-decimals,,,,,,_
0xD113244B9049943D4bc6fEf3048d24EDf92dd788,no-decimals,,,,,,_
0xD1E74ef5b003196942B845238773C35f7B7a21FD,no-decimals,,,,,,_
0xD1E7904E0e40654E4F78355acb85304504d27641,no-decimals,,,,,,_
0xD1dd24D4bcBA675Ee2C2d7ed841A2d63ed9654A2,no-decimals,,,,,,_
0xD2A2691b44FAcBAC43EEB4A7330180F14FA1431f,no-decimals,,,,,,_
0xD359E3f53b5D4E11b8B11Dc0772448F380Accf3C,no-decimals,,,,,,_
0xD3FBe96F1a1264C0C20099747aeF15b28d571e01,no-decimals,,,,,,_
0xD3a6967214a24dE0a230c66aFe0a47fB2Ee1Bd83,no-decimals,,,,,,_
0xD4BB1A23145161B943DaFe6ca64FE7d03eF486fC,no-decimals,,,,,,_
0xD51fc46E0b22A6ddCCa5f7716A4edD14E97f94dB,no-decimals,,,,,,_
0xD534111478E5cF4BB8806972d1352Fd52837b68e,no-decimals,,,,,,_
0xD553E590E105f5BD6720D92cf9Edc4c2c305f6EB,no-decimals,,,,,,_
0xD571788859897023B500C6C7Fd295BbA1E7FF71c,no-decimals,,,,,,_
0xD68cB2a1f51171c295cAC3a7D27C15068922dE8A,no-decimals,,,,,,_
0xD6a36640E10DB11e78fE2AE452c0787811e36A02,no-decimals,,,,,,_
0xD759e3a9f425d64c00b20D756b6F7aD6053B99F5,no-decimals,,,,,,_
0xD762e6906f0D96043A661b06f9430D3129186f41,no-decimals,,,,,,_
0xD79416e9bdc8864b3bCD86A76ab9E8eD170e2e2C,no-decimals,,,,,,_
0xD7f21117EA7F137E12d89B16aDBf683f71d72C9C,no-decimals,,,,,,_
0xD7fDC3818A99DF8c1AeAdeD49C3A22b8fd970a5E,no-decimals,,,,,,_
0xD85f7bFD410c90ed2978cC8EF80eA1634636eb54,no-decimals,,,,,,_
0xD8D35869B4672f529922ED9AdbC45bc783670582,no-decimals,,,,,,_
0xDA25e5B939643a51375eEe932aeD11b92A9Bc003,no-decimals,,,,,,_
0xDA4C0f8f17D8dd536DA23f8942758d6e7cb72D27,no-decimals,,,,,,_
0xDAC8da3e58c11B4e0E8DFaeFe191107e143AC29B,no-decimals,,,,,,_
0xDAE049562763D6A4236AF188a05f4f29603b41Cc,no-decimals,,,,,,_
0xDB63D40C033D35E79CdbB21430f0FE10E9D97303,no-decimals,,,,,,_
0xDBD5f2FA4ab9f59feB26612a2A54F1BF363FAdFd,no-decimals,,,,,,_
0xDCA726c80520e9ae4bF1786A1fce32538eE11e79,no-decimals,,,,,,_
0xDCa27B04C00f47D5a2472f55f7116BDd17320F70,no-decimals,,,,,,_
0xDDEAC1D37Ff4c3423fc6E6426815caf16bdD900C,no-decimals,,,,,,_
0xDE083E40fe84835cbBd6c69F6595cAE1e85551dc,no-decimals,,,,,,_
0xDEa4c5c25218994d0468515195622E25820D27c7,no-decimals,,,,,,_
0xDa5D135B0f508adeEADCc99f5e27081031fb725A,no-decimals,,,,,,_
0xDaB328d4C8D85d2622542e5aFf48f9A1E7164218,no-decimals,,,,,,_
0xDd1AC79EFafBe76F75cE46231525EcA0a6cef342,no-decimals,,,,,,_
0xDd40b5a5b00D8913F3E1D6bb5cbbcd18A956b215,no-decimals,,,,,,_
0xDd8a7295d2Ea1A9D492631b8e8e3D36ec83123DB,no-decimals,,,,,,_
0xDe8faF11e8cAbCFeEA67270CDec67489383F38ee,no-decimals,,,,,,_
0xDfCb66c4BdB2fC7a82A8870F3297637651f1A797,no-decimals,,,,,,_
0xE0645704ff1B2A9320b3ebe46593DEBbfe417fb0,no-decimals,,,,,,_
0xE0E1a37a7eE3d3FfB341DF471637Ae108a0610AE,no-decimals,,,,,,_
0xE18c9465e6Ed5cb3C58A316B990E0d17Fb946eca,no-decimals,,,,,,_
0xE197529709D7cBaf31756C6d9B8742718E17FCA5,no-decimals,,,,,,_
0xE1a6b457841eC3201a541E823b916BBd0885e1Db,no-decimals,,,,,,_
0xE32ee8EDdd2Ea56dDE0f08d0Ea3d11EA219E15DE,no-decimals,,,,,,_
0xE347C064D8535b2f7D7C0f7bc5d6763125FC2Dc6,no-decimals,,,,,,_
0xE3A654B7cD8FA52F01a1F01dec794719Ba53C1af,no-decimals,,,,,,_
0xE3cc697219a23cdc24df5A3b7f35497B8f3f153A,no-decimals,,,,,,_
0xE403fD53eb2Ab7735dF442191f9A03DffA459e6F,no-decimals,,,,,,_
0xE41a1F73979Cb25DEF133Fb3a529D540057188f2,no-decimals,,,,,,_
0xE4bC209dDDd834A752892A803be9108b3F774573,no-decimals,,,,,,_
0xE56C8FbC5D4B522239Ab7c3F314A08B612b3EE5F,no-decimals,,,,,,_
0xE5701aF1D9474707CF85bF6FA31AA0f892951817,no-decimals,,,,,,_
0xE5b340F7E4b11eAE96D7047e8Bc9322f96093402,no-decimals,,,,,,_
0xE5cfF4DE133f7c23898Ce49dad5a3715f507D85d,no-decimals,,,,,,_
0xE6055243F0dEd60120bEec682ad247fE109f7Cc8,no-decimals,,,,,,_
0xE6101e8F83a0ab40Fa228d6F4136A80D734055B3,no-decimals,,,,,,_
0xE61CDE6755F9d6Ae7225b7990aE20AAfC0aF0336,no-decimals,,,,,,_
0xE6263958aa093eE8201B420F600f8e9A48ECc7F3,no-decimals,,,,,,_
0xE631C110CfD301b0FAA45A3D9fF597EE6E5ab756,no-decimals,,,,,,_
0xE674746A7bc6f53EB48caEd0c810C669C705caD2,no-decimals,,,,,,_
0xE746F3Be8C69b05E3cA38760f1Eb8c55d24Da2c9,no-decimals,,,,,,_
0xE7dB56E4A5683307e094586E5792564838Dd9233,no-decimals,,,,,,_
0xE84D332c585959832aaa532B44A785ef77a09f0A,no-decimals,,,,,,_
0xEAf503FD64d0Cf9278f29775b78c6f31001fFEBC,no-decimals,,,,,,_
0xEB35A696Af4cf2E18203781DB1c7607ADBaBC251,no-decimals,,,,,,_
0xEB4E41143AaA24D57fdD9d2F94De01f8a98849D5,no-decimals,,,,,,_
0xEB9951021698B42e4399f9cBb6267Aa35F82D59D,no-decimals,,,,,,_
0xEBaa1766C577A1EA5833F0502BD9984aeF22C61F,no-decimals,,,,,,_
0xED8d69161ED6e41ab398A1B1F2690A0fDD09a2A1,no-decimals,,,,,,_
0xEE97c0e0bCb326065432db2c2230Fab369A0A1B0,no-decimals,,,,,,_
0xEF68e7C694F40c8202821eDF525dE3782458639f,no-decimals,,,,,,_
0xEF95c8da8719799Ab2fd46CD065ac32FBBc9f357,no-decimals,,,,,,_
0xEFFDE26234caB40B54af9E28268912da42C1c975,no-decimals,,,,,,_
0xEe4b7e6bC34A9f8069f910C6AC71dc294263EB26,no-decimals,,,,,,_
0xEe61d0f4d7da6953B4e3CA62cbE10c16045b6a67,no-decimals,,,,,,_
0xF063C5e8033E425188F8764B11598fe10F991e5E,no-decimals,,,,,,_
0xF077155FCA8288da1CbDfBC77E5a33E8F2289664,no-decimals,,,,,,_
0xF0ba84690b9bdEC4C3175557446DDdf6384eeC1d,no-decimals,,,,,,_
0xF10FeF19e61ef739A9D2D60c520723023F7Bf7fb,no-decimals,,,,,,_
0xF15F61643eEa73be40aD9b72c09ED381faC7A256,no-decimals,,,,,,_
0xF28460e6C571F1D1e481c81dD84973F9B00E1B7B,no-decimals,,,,,,_
0xF2B7f622bBD7edFFCA61a74FE9b6efdA54F40a76,no-decimals,,,,,,_
0xF528d0e1e11edEe40Ca3724bd9FD923Bb0235CC3,no-decimals,,,,,,_
0xF53900Aa32417EBB42cb182E08e0A7791da4fc7c,no-decimals,,,,,,_
0xF56D525CA3Af849De951D71d6783E8C8d1E76d07,no-decimals,,,,,,_
0xF5AB0E74A8aB55f736a1954c4716E9669Ea59A18,no-decimals,,,,,,_
0xF5b59C107F3F7b1c2a7C3D09234bD0a055Ad8d55,no-decimals,,,,,,_
0xF5f01f5Cc75B29c277Ec4Ea82874bc443c4167b0,no-decimals,,,,,,_
0xF6e4167819ED8Ce74EC6eb7e8854A6438dF17002,no-decimals,,,,,,_
0xF711233A0Bec76689FEA4870cc6f4224334DB9c3,no-decimals,,,,,,_
0xF7D24C5E3dCaA07F942F1C307361cDCAAcc3E05c,no-decimals,,,,,,_
0xF7a6E15dfD5cdD9ef12711Bd757a9b6021ABf643,no-decimals,,,,,,_
0xF7f6c2836293A661bE2690FBaCaE97F3F027e9c4,no-decimals,,,,,,_
0xF803646439B5Af31382e9AcF9bfe378f3D7D2E15,no-decimals,,,,,,_
0xF8559183EF711B4F42873d96eD66bCAd29F13E11,no-decimals,,,,,,_
0xF856A08F1F6F53b21BBe6abcE5c15317ce9B8811,no-decimals,,,,,,_
0xF87DD8cB684EEECC41FE2F490A085fEDD51a4857,no-decimals,,,,,,_
0xFA30A0fc2b75d5eC572Da0811B6d90A0d1D0fD4A,no-decimals,,,,,,_
0xFA69B360a33acebA81a6Ff762150F25B311cE039,no-decimals,,,,,,_
0xFAD9Da192E088369c3d43517b96E5fabC17666f0,no-decimals,,,,,,_
0xFBE2fA4d1EFf72d1c0E7e06EC731F44a85fC76ec,no-decimals,,,,,,_
0xFE5cCf35b40e2533FBA7a0E17c2763b9543Ab608,no-decimals,,,,,,_
0xFEf736CfA3B884669a4E0efd6a081250CCE228e7,no-decimals,,,,,,_
0xFFB73eA8Ecc96307D99B194051314204a2E38d51,no-decimals,,,,,,_
0xFaB494bf3A1A314Df49EcBfE4301DC2E51674816,no-decimals,,,,,,_
0xFbAdbf0A1296D2da94E59D76107C61581d393196,no-decimals,,,,,,_
0xFe53D681D34CF379782d25AF69990F6A707D30d8,no-decimals,,,,,,_
0xFec769e54c266de2Bc3Fa5df7D9f0fe2a1e39461,no-decimals,,,,,,_
0xFf4B417892f3cA1678A288CC6296a7094bF98F0b,no-decimals,,,,,,_
0xFf58B2DA0414B4fC4cF18f4EC7230BA7b82677E2,no-decimals,,,,,,_
0xa0ACc9Fe716c39A68dAFb8F10c75b1276B08a17c,no-decimals,,,,,,_
0xa15c784319fa96d3E36cFE97fbadD89Ec704A8dc,no-decimals,,,,,,_
0xa17f2bc6b11b4Dd60ab38C94E7784634646749c9,no-decimals,,,,,,_
0xa1D121aBe654D2A7C44F5B0f4752599746162Cc4,no-decimals,,,,,,_
0xa3958375Aa3B1494faE8D53dc4a074232801bBBe,no-decimals,,,,,,_
0xa42Bc6227ddE3962a4950A59F3c2FC6233A30Ed0,no-decimals,,,,,,_
0xa4306692b00795f97010ec7237980141d08c6D56,no-decimals,,,,,,_
0xa46AeFf63F9B7a2d50f7687927047756df216434,no-decimals,,,,,,_
0xa48153c9c9a7Ae5cC258fEED365E560CBedCb0bd,no-decimals,,,,,,_
0xa4b01cC6f2fde9D5d84da419bee4359819ae210b,no-decimals,,,,,,_
0xa4d9D0DB195DF608cF5C14F8d8BD7beE9BDdA987,no-decimals,,,,,,_
0xa5bFD6CCA5B36c540cb10c16A5732CEd8916f6a3,no-decimals,,,,,,_
0xa9aD24633C93eE78F4c2BF9B3E9128cBC0269717,no-decimals,,,,,,_
0xaB342fD5c681A6553ccE46a7d2021493d4FA14Ce,no-decimals,,,,,,_
0xaBd32AD5a44D0939a34455Cfa38558784b878FCC,no-decimals,,,,,,_
0xaC0179761Ac1e385b8Fc58E20943dfD5d052A50b,no-decimals,,,,,,_
0xaD111a1D34045dF921259FF91F8096EeC1afD7A9,no-decimals,,,,,,_
0xaDA83270510b6284e27c757096d660F0Fcf6A90b,no-decimals,,,,,,_
0xaE6D4920B24a28e47e04351455baCED95F638D9E,no-decimals,,,,,,_
0xaF8E12A3c9C64D845Ff7c1FB7f724573c600ED8d,no-decimals,,,,,,_
0xaaBE002cBE21fdF90D59354F6b3d3F3e0B4C3698,no-decimals,,,,,,_
0xaaE6986f19B0aA082fc3fbFBe9335E9901CD3f88,no-decimals,,,,,,_
0xab55903841E9D755Ac512e9ccA39DeF98EB64943,no-decimals,,,,,,_
0xac3894e7504D0353caE797ba565076D4BA9487aa,no-decimals,,,,,,_
0xacEd90c414006b622A4b1Ce74fA34b1f650ab319,no-decimals,,,,,,_
0xad56273c8268972341aAA9e2d999E4D0A00ec0F9,no-decimals,,,,,,_
0xaf7d69fC8A14EB37AE07dDef4B209D157CBE4738,no-decimals,,,,,,_
0xaf7ef25C997A5121459122308a84A032D4A16868,no-decimals,,,,,,_
0xb07097789653CF09322Bf03D4F12b90635cF721C,no-decimals,,,,,,_
0xb070E5fee9C0442066405bc45662c84fa6d2C06A,no-decimals,,,,,,_
0xb0a00896F34655EDFf6c8D915Fb342194c4a6d48,no-decimals,,,,,,_
0xb12C94a581Ed60802Fc6Cd494532487AFAB70C86,no-decimals,,,,,,_
0xb1690C08E213a35Ed9bAb7B318DE14420FB57d8C,no-decimals,,,,,,_
0xb4Cf9076E75c4ef1d2572EB43c540Ba97F89a37b,no-decimals,,,,,,_
0xb565892f839ED2B0aA48eFa7c952B213EaEd3166,no-decimals,,,,,,_
0xb589Ef3af084cc5Ec905d23112520eC168478582,no-decimals,,,,,,_
0xb59fDfF77a6175DFA4fE7aF4281a52f61611eAa2,no-decimals,,,,,,_
0xb5A5F22694352C15B00323844aD545ABb2B11028,no-decimals,icon,ICX,@Binance@Bithumb@COSS@CREX24@Cryptobulls@Cybex DEX@ForkDelta@Gate.io@HitBTC@Huobi@Idex@Koinok@LATOKEN@OKEx@OOOBTC@Radar Relay@Upbit@ZB,400228739,18,_
0xb5c75e1AdDD0097117496496A046186d15bDdA8B,no-decimals,,,,,,_
0xb6b2AAdDdbEF17d3A2E67d2E1E321a394176784A,no-decimals,,,,,,_
0xb7321c1dAe3931aBf91f8F5D68e3aaA42f526aCb,no-decimals,,,,,,_
0xb746Aed479f18287DC8FC202Fe06F25F1A0a60ae,no-decimals,,,,,,_
0xb88764eA63874D95740Df258f22e69E92456ff3C,no-decimals,,,,,,_
0xb898Db748E294Bd4A08dc17F82fEa24a6CA31505,no-decimals,,,,,,_
0xb8E392da7aBb836CfF06d827531A7e5F1B00BeD2,no-decimals,,,,,,_
0xb9538E1c5dcf080A77e155920D669b849278Fd72,no-decimals,,,,,,_
0xbA2B246A9764D477C55005c9BedCD00296E093a4,no-decimals,,,,,,_
0xbA5787e07a0636A756f4B4d517b595dbA24239EF,no-decimals,,,,,,_
0xbA61Bc2fA4E1a424ED707B9DF333e295DCCfD050,no-decimals,,,,,,_
0xbB0002850a8B3f7CfFeFbE56804Cf864332039d6,no-decimals,,,,,,_
0xbB0aaa4413263240C57e14f0f8919c82C5Fe62C0,no-decimals,,,,,,_
0xbD6A3418Cb51418C94Cc11d2d49012a2B79E10fE,no-decimals,,,,,,_
0xbEea0cBD80bcD2E84600344a1412ef3b25091897,no-decimals,,,,,,_
0xbF5EC0ad2f5EA26530C70DD534d6c82A91e56da6,no-decimals,,,,,,_
0xbFc586A34128D14ECf29d1aAEB71E08AAE5827CC,no-decimals,,,,,,_
0xbb5Ed1EdeB5149AF3ab43ea9c7a6963b3C1374F7,no-decimals,,,,,,_
0xbcAf3d736343447464Ee6aCDf03EE84Ef4c39F61,no-decimals,,,,,,_
0xbdEB4b83251Fb146687fa19D1C660F99411eefe3,no-decimals,,,,,,_
0xbf2000B42c1bA2Eb9e5163a0B7e2Fe987eD124b4,no-decimals,,,,,,_
0xc0FFeEE61948d8993864a73a099c0E38D887d3F4,no-decimals,,,,,,_
0xc14971b19a39327C032CcFfBD1b714C0F886dc76,no-decimals,,,,,,_
0xc2C7c5f64c2E3042852fb6Cbc3CAF9Ea1AfC018b,no-decimals,,,,,,_
0xc36b7ce1BFA6981A56fF72a63D32bc4371921a69,no-decimals,,,,,,_
0xc45865B235a7C6693B9db5FED46Ea8A3022D9B07,no-decimals,,,,,,_
0xc4a21f9a38B813B2C8e3F2E01c8d7547A99Ed2B7,no-decimals,,,,,,_
0xc6C09Ae980b3d029DEB7419fA1B7859DCe7186D0,no-decimals,,,,,,_
0xc6b330dF38D6eF288C953F1F2835723531073CE2,no-decimals,,,,,,_
0xc7d020d8C92D099B3ADE17321310b4815eF20A90,no-decimals,,,,,,_
0xc7d08D6B91385aE576de090FD2e39b28A46d9e94,no-decimals,,,,,,_
0xc89b7C5FA3888612CA7aFE29248464aA804d55B1,no-decimals,,,,,,_
0xc939a768bCa271E0C69C2C530a8c20dC1cfb60bE,no-decimals,,,,,,_
0xc95c0910D39D1F6cD3bD71e4b689660c18172B7b,no-decimals,,,,,,_
0xc9f797dde181539D58Fee31826a0508a1fA2a889,no-decimals,,,,,,_
0xcB6Ab9C6FBBc955e25F916f66d5D807a2181bDF9,no-decimals,,,,,,_
0xcD16757C08508cCB5D5E3C35E37C93e45A41AE88,no-decimals,,,,,,_
0xcF1Cf009E01CFD0c36b9172726Da1048a7254811,no-decimals,,,,,,_
0xcb3123f81b2F3e7fBE0C1d9455a158ad1c217a8b,no-decimals,,,,,,_
0xcb56AC6355397E11C197c3E403fe8B90296373C7,no-decimals,,,,,,_
0xcc1067B8D16bce222B6bb44EB28feC3879d79E81,no-decimals,,,,,,_
0xce75E5Aa182EE99eA1BE60aa13b3F2eed172730E,no-decimals,,,,,,_
0xcf0010AF06eDfF540AF798d06e866D95cBDc8488,no-decimals,,,,,,_
0xcfDb157ED661D032d1CE40A592D0854b53c9f074,no-decimals,,,,,,_
0xd030e4b885532144AA3c9c10EFEB283E51a4a3EE,no-decimals,,,,,,_
0xd0792aC0de7Ef31197C5f452B21A34389eCc725f,no-decimals,,,,,,_
0xd10e893B4d75F266407C23FFDD1C12482cc84D09,no-decimals,,,,,,_
0xd1CbF6ABB00671E14A788B015F01567A93fA86ba,no-decimals,,,,,,_
0xd1b4fDf2fdeB790df015bf0b74BF43253b9AC2dA,no-decimals,,,,,,_
0xd23E9Ff1280Fff36FDC4aac8d809054c681C4052,no-decimals,,,,,,_
0xd2c321dBF4DA7510249Bf0072292436572009bAb,no-decimals,,,,,,_
0xd318914b05ad3C4bE34e71e02D4fAb8Dbf66Dc57,no-decimals,,,,,,_
0xd3DFfC1aCFEa59557B9092A5C095ACA91d696a57,no-decimals,,,,,,_
0xd4Df33983FF82CE4469c6ea3CFf390403E58d90A,no-decimals,,,,,,_
0xd546551924a883B604d4127b0Af309C95Ba9BA6d,no-decimals,,,,,,_
0xd58D65fBB5C23c632909193DC4076801AE4DC250,no-decimals,,,,,,_
0xd7a27D8d58f0C9E378fb3Cb2816BdE94C5e34059,no-decimals,,,,,,_
0xd8444e581e288AECb2DF4b442d19C2fAFB3fd11F,no-decimals,,,,,,_
0xd9489f5A7C4420E814f6216505B6754EBd4213f7,no-decimals,,,,,,_
0xd95294fEcB64478541CA7B0E5c0a278F4F9d7ee5,no-decimals,,,,,,_
0xd99C2C9c8aF1CABBd9678C5548aA8632E5C16695,no-decimals,,,,,,_
0xd9DC5aF929D843b08Bd0D5037b5203604D5B84d0,no-decimals,,,,,,_
0xdA57fC370d6f446c6d24258a65f6853c0DD09298,no-decimals,,,,,,_
0xdDE21f8Be9e50b9b1165Ee302e6b468CF30E4c4c,no-decimals,,,,,,_
0xdE0fe653Cf6194015dFbf132eAEF832ae6193189,no-decimals,,,,,,_
0xda8Da7aeAd4aE74f88EF0bD36F48BB1Da24C705b,no-decimals,,,,,,_
0xda9f43015749056182352e9dC6D3eE0B6293D80A,no-decimals,,,,,,_
0xdb29bf190A4E6db3eaB958f9614C4404906A2530,no-decimals,,,,,,_
0xdb2c47230Ff7bd408bD9B07eF6DD58F331e24A3f,no-decimals,,,,,,_
0xdb5e04dC9C94bc8310E8885c85a4d0666cCaEcaE,no-decimals,,,,,,_
0xdc96A98F34847dc6517E81A73E5036f84a2742e1,no-decimals,,,,,,_
0xdd94De9cFE063577051A5eb7465D08317d8808B6,no-decimals,,,,,,_
0xdfBd6A960a55bCfCf59d5925351E05a51498BCeF,no-decimals,,,,,,_
0xdfF260736cBe28cC9984C95162D3eb7390318c36,no-decimals,,,,,,_
0xe04e734AC41aeEACd108ea65C229cE5EF676c7A9,no-decimals,,,,,,_
0xe0a8A9b7C821d9BBd66b826129D4cF1B219EbB3a,no-decimals,,,,,,_
0xe11f708a6e5E114D27d347FCDb5061A201e934b6,no-decimals,,,,,,_
0xe1B6898EA89337E56CCA441bAD6E071ec970999b,no-decimals,,,,,,_
0xe1FEE26c5Fd6C6e58CC1Cc976e4eeB63B9b3E44F,no-decimals,,,,,,_
0xe23611DBAe1556C041E6AD04c98E9F18EE98b50c,no-decimals,,,,,,_
0xe2e2808D9635f6e8E7AA4Ea933dCB9D78A00d1B2,no-decimals,,,,,,_
0xe38a4CEDa9Df6daE4AF19AB7836afe1733F0989d,no-decimals,,,,,,_
0xe3Ff511d558d5476Eb535A23c92F307A4F98C3Fe,no-decimals,,,,,,_
0xe3f4383c19dbe7436261e63dd811e43DbeD29890,no-decimals,,,,,,_
0xe497F7Fd7620a0bbd743A0E5d336D7082F86477e,no-decimals,,,,,,_
0xe4B2AcD9d84E29fba1939a76e15F4Cb530CBB52c,no-decimals,,,,,,_
0xe4F5E0d5c033f517A943602DF942e794a06Bc123,no-decimals,,,,,,_
0xe58433B402d8db6a0Ea48A0feabB948Cf4b6A7c1,no-decimals,,,,,,_
0xe59015E2d097B545f0b1701C64310f98e3600495,no-decimals,,,,,,_
0xe5A89EB6B03d8B176d0ECa7cf78D58D5fF499aE4,no-decimals,,,,,,_
0xe6B46Cb05644e930862B8d4eD86260522a4ce3b9,no-decimals,,,,,,_
0xe8Bbf054b788c98D9993be5513254d6b64a1Ba97,no-decimals,,,,,,_
0xe8cE207631f9ac80688587caE05a159bD5356e78,no-decimals,,,,,,_
0xe91125f34fcEF2854A890DCf02b74Cb2DcbE377f,no-decimals,,,,,,_
0xe914e10f1C9C30C89511f4E7a0F5f7c9c46d6E10,no-decimals,,,,,,_
0xe919D801CC95b9dc6Be99889104119c21d273AaA,no-decimals,,,,,,_
0xeA5Ab833afF71BD7D280f0A0bC86423D1703288A,no-decimals,,,,,,_
0xeB30A60C199664ab84DeC3f8B72De3badF1837f5,no-decimals,,,,,,_
0xeC8e410316bD8D45cf660FDFD1fbD9eeAFE9Ed6c,no-decimals,,,,,,_
0xeEaD881eCAF0c853f4fb80498b5ce99a6dF6ECdd,no-decimals,,,,,,_
0xeFabE332D31c3982B76F8630a306C960169bD5b3,no-decimals,,,,,,_
0xea9C15F733ee4CD9e24c97bdDdD66077a757B474,no-decimals,,,,,,_
0xeb833733A8A2E3d0f722cd181CD027DbcA015eFF,no-decimals,,,,,,_
0xecAaD8Df0DEE0b9ED45fFD1191B024701F21506C,no-decimals,,,,,,_
0xed56861C2e17c63b4d0b1b6fA408BCEA56a652CF,no-decimals,,,,,,_
0xed656131a4801a5eDE01Fe35b39E3178E5B9046c,no-decimals,,,,,,_
0xed7eaBc86201e647e37BB53419A7Ad69bfC5b944,no-decimals,,,,,,_
0xee2972a6177C28F3EFaCb1862A1a8507c3f10fAa,no-decimals,,,,,,_
0xee919e1eE6d08Ae90EBe4daD81cAfCBf05C2a98b,no-decimals,,,,,,_
0xf072F26100522fF1D5ECF40e74dB5C25643B3e36,no-decimals,,,,,,_
0xf10996991989F595Cd3836774ec36381Fee46C37,no-decimals,,,,,,_
0xf12eaD6b76562F4A76d5c10802A73465E43a30b1,no-decimals,,,,,,_
0xf15666603540Fb9218b85567ee833455Cb586Dc0,no-decimals,,,,,,_
0xf21ABF5AC06649f5E8E7b816c7e53Dc3d3Cb4614,no-decimals,,,,,,_
0xf28a521cc13f6698DDCF9B197608052632fC3ea3,no-decimals,,,,,,_
0xf2cdf0A92075eD6DA179a2AD142021936673651b,no-decimals,,,,,,_
0xf3f7cF04c73d143c4Cb84c2312B71e0B67AFE2Aa,no-decimals,,,,,,_
0xf45D4DD1Cc92440172A8704b98F87F62844a33a7,no-decimals,,,,,,_
0xf486f1C63C4D32b1109bBEdD1c1896B69ed93Be3,no-decimals,,,,,,_
0xf53CbC0a85bC81E1b99D6197d74d735dF749f8A5,no-decimals,,,,,,_
0xf554e9BA1ef7D16fD5B9Ca87C1edE40253849F91,no-decimals,,,,,,_
0xf570AE030d06B040FFd2BB9545E19C280a3b7e3F,no-decimals,,,,,,_
0xf5F5E8c926395653811f0FC350Cd5135A26Db9B4,no-decimals,,,,,,_
0xf5ce566843abC2C673e23F08A219C2f377C914eB,no-decimals,,,,,,_
0xf63619f99a2d74cFE4030526bF16FCb95c71d452,no-decimals,,,,,,_
0xf64dC764C733A62b4461a7b66386862f92705Aab,no-decimals,,,,,,_
0xf7eD56c1AC4d038e367a987258b86FC883b960a1,no-decimals,,,,,,_
0xf8A15b1540d5f9D002D9cCb7FD1F23E795c2859d,no-decimals,,,,,,_
0xf8EF303406CBCbfC82Af008D45210c835aD2f736,no-decimals,,,,,,_
0xf8d15960aa6Aaf5972DC54cF002951553906C7bd,no-decimals,,,,,,_
0xf8de00A955252d8769d4FD5eD78c205482c476dc,no-decimals,,,,,,_
0xf94B57e795d17361bCEbc8fb574A4ceCbCE6a940,no-decimals,,,,,,_
0xfAD4fBb5fb8DC50aA053Fe6728691d7b5b4740c5,no-decimals,,,,,,_
0xfB34A41cdA4660A03f00907D1f5384F12E6b385E,no-decimals,,,,,,_
0xfBA8D67c720cF3a876fD1825329c33060dDbc2ae,no-decimals,,,,,,_
0xfD1db05574d71c5A536dffA9787b0A74ef4a349E,no-decimals,,,,,,_
0xfD2eB46FF56D785B64f1567e53083819c7F0168B,no-decimals,,,,,,_
0xfE2F71DB454e233373FE89B789169602Da9317f8,no-decimals,,,,,,_
0xfFe2E9B263458d5E5f4D9E132caA085Bab1aF3Ec,no-decimals,,,,,,_
0xfaac705fB942836070fd11C6fB1bd784E9ce48A5,no-decimals,,,,,,_
0xfb8596eD07c4E2973Af7d7847Aa14e1bEd09C09d,no-decimals,,,,,,_
0xfc07251450048bf4e9Fa60B856C1e0Abd1574D1C,no-decimals,,,,,,_
0xfe32125731d36b91569Df1Ac14343890b5D068EE,no-decimals,,,,,,_
0xff18cF54649DF7d099c839755B073B1f47B56EC1,no-decimals,,,,,,_
0xff3212BDDA5e2A00d4015599654169E4643B96a8,no-decimals,,,,,,_
