addr,category,name,symbol,exchanges,totalSupply,decimals,info
0x0033B3926db9C84a4dB255c15b995D50FfF0A568,no-name,,,,,,_
0x0033fd5819c111E5BE558C52BD42fDc7481A94f1,no-name,,,,,,_
0x00416B9d728069eDB0cEb04bC2b203fA7336d1F1,no-name,,,,,,_
0x0061FDE3dC2ec7a24B1E9683E94dB91FD52Ab709,no-name,,,,,,_
0x006B4425bA57148466c0c54aF1c484348a14A8A4,no-name,,,,,,_
0x00712a531e207Ad77E42586FB81E9fb8F68F0A7d,no-name,,,,,,_
0x00FA44D91D7541D16DD18A48dd6A011de5E887DF,no-name,,,,,,_
0x012bc399c3E8B75A506c9ff2B7ad413641F33102,no-name,,,,,,_
0x0152471c309c39c86F4FCE05669a92ADf456c1c6,no-name,,,,,,_
0x0167Ea36024d646Ee38062CD07F041e1e1D3a89A,no-name,,,,,,_
0x017D69f25F60268a5a777F4e56070c0f688628e3,no-name,,,,,,_
0x018c4031426917a769fe9964ab2650621642b8d7,no-name,,,,,,_
0x01D5d0108589f3C52FCce6e65503BB6515e66698,no-name,,,,,,_
0x022125B1ee6DE357AD437807c1e0Ce4daa6c82b3,no-name,,,,,,_
0x0224943341178a0b54716572b66dCE3Fde77Fd03,no-name,,,,,,_
0x024cb480C6bf81eeA0067C2682A706E5Da5c6024,no-name,,,,,,_
0x025460864660f4651483b07D47c16e52aEb6DD4b,no-name,,,,,,_
0x02575cA9424ACd6AED8d8dc1B01fA7175000cEF0,no-name,,,,,,_
0x02Fc56883bA142FB1A2E26Af9d1D3A590c6d93ac,no-name,,,,,,_
0x03358425ADa4620246dD703dC1F2246B8e148d22,no-name,,,,,,_
0x033Fd9f42F7E1566b893b31078A62B2B959eBD72,no-name,,,,,,_
0x03Cf2a857b2217429D47850D884Efc47DA54b08B,no-name,,,,,,_
0x03E0F73A93993E5101362656Af1162eD80FB54F2,no-name,,,,,,_
0x04053fccC99eb17A7a319cAD07C29F9c2B1cd588,no-name,,,,,,_
0x0417000B24b953440759344536E203EDe9b6f9Ab,no-name,,,,,,_
0x046D4E9d3c50AE1738504d91da01B14AAA19b564,no-name,,,,,,_
0x047BE01729131132D47e54c95cA1F3E14044DFBf,no-name,,,,,,_
0x04D0B0f86F6376d513D106fB0A417A18dD8d8674,no-name,,,,,,_
0x050163597D9905bA66400f7B3CA8f2ef23DF702D,no-name,,,,,,_
0x0570318951CFb0e0C4c2af3070C1C040E0E8790B,no-name,,,,,,_
0x05AB34199286612D4D605156F1E099f95e68016b,no-name,,,,,,_
0x05dA6b1D4CCc5C9e13926c5405F3a4b88892dEE7,no-name,,,,,,_
0x0605b8eCA9fB798CBA00F87970A62E90448EEDb5,no-name,,,,,,_
0x068A37f2b086F1909a65c195FA084006aCD6a79f,no-name,,,,,,_
0x06d191C4bC47138d5D79EB881dEeA86c93E6603b,no-name,,,,,,_
0x06d8bA8Da81A60AB4254fd04c34e3F8D38e5CB71,no-name,,,,,,_
0x077786701b3Ddb577ef3243F9f4a219465f9d5D7,no-name,,,,,,_
0x0783E1Ab0F36512cA4b1C883A98CBEA98566946D,no-name,,,,,,_
0x07A5D8476226Bcf28ae17B883786feB17257829a,no-name,,,,,,_
0x0850b3B0170D6bc5662B743Ba6bB23671EDDf938,no-name,,,,,,_
0x087F0e53cBb012ed782AbFF64f8Eee75b96405cB,no-name,,,,,,_
0x08B63cBC9589CcDcaf8c801053E6FA9663331250,no-name,,,,,,_
0x08BBEAEE46Dd5628e1E3383cdC09dD38F89E58C6,no-name,,,,,,_
0x08d45d9D7de6845D2D1744eAa34DD0a90374BcfB,no-name,,,,,,_
0x09678741Bd50C3e74301f38fBd0136307099Ae5d,no-name,,,,,,_
0x09A8a0A5cd6974B28Ccea7aaD99801B1d0D12a49,no-name,,,,,,_
0x09a7d22512f188217AdaAFff3A160C56f8aDABfB,no-name,,,,,,_
0x0A61e886822f46b4ca9C765c9b984a25a5DC4b9a,no-name,,,,,,_
0x0A71a23873bD88E42E5c7E404b61e97878b39142,no-name,,,,,,_
0x0A7FE56109baCBCc525142aede71Ab5BF8934cF2,no-name,,,,,,_
0x0A9b6Bf5093a934c87Ec8Ae90e2173982946934e,no-name,,,,,,_
0x0AC1EB22B98cDd76796401FF462a96Da9DBF07D4,no-name,,,,,,_
0x0BB04400faE60DC378143A12Bf771927e39adf6e,no-name,,,,,,_
0x0BB622A8C564BDc98e8F40F23e5077CD4a8699Ea,no-name,,,,,,_
0x0BaD3d6BCa8d28D3531544aaEc9968105e287043,no-name,,,,,,_
0x0C90EaC84C64f67aae9Ed41492e018036AC29549,no-name,,,,,,_
0x0CD1474926b5a706377DCFe54B4ef0400bebaa66,no-name,,,,,,_
0x0D49b24F068A9A3EF60576c7a915Ffd6844D6fDD,no-name,,,,,,_
0x0D8603A39663a29134a8957722A059594e89Fa53,no-name,,,,,,_
0x0E752B742F744FDc2d93774Da44C37B72c3E6952,no-name,,,,,,_
0x0E783f74942e8BaCbed3b48A7EC0830b3236EDc9,no-name,,,,,,_
0x0EB97F708e3Ca1B3c87f1E9B6D22Bb0c45963Bb7,no-name,,,,,,_
0x0EF6D1808b129f77Cc5fb3ef864aCC06AA52FA3d,no-name,,,,,,_
0x0F68FBc08512c70F9C4A9Fa0E43CB2b917dACEff,no-name,,,,,,_
0x0F8Dffce81d890c67Fdd71Cf21E68C92Ac10c687,no-name,,,,,,_
0x0F8c94e34DE4ccD378ED53d5622039D39F74FdeD,no-name,,,,,,_
0x0FB81a518dCa5495986C5c2ec29e989390e0E406,no-name,,,,,,_
0x0a413Fe44092A2aA0E199Bc2C479E165f87E68b4,no-name,,,,,,_
0x0a77892AFB2ec87025ca78F7f0e3e317E0aEcCE4,no-name,,,,,,_
0x0b8D56c26D8CF16FE1BdDf4967753503d974DE06,no-name,,,,,,_
0x0bA7154f77c5F1b23630d95Ca465EaE7E8A8f79a,no-name,,,,,,_
0x0bd95CC8736750D0F63492F903ecd884C585DcD3,no-name,,,,,,_
0x0c411ffFc6d3a8E4ca5f81bBC98b5B3EdA8FC3C7,no-name,,,,,,_
0x0d3456099D32e297805C5b07D9Bc0b0B579206E1,no-name,,,,,,_
0x0dF2F1B53EA0479952845F11d56EFab3cd4eEd97,no-name,,,,,,_
0x0e412AF67f6c41E9209da8B8638d65bB883DdF5A,no-name,,,,,,_
0x0e8a10216DBD1B06D3235bB6a1A9734025c1C939,no-name,,,,,,_
0x0f03f2AFBe317a26a31439aF5a3E1d39d7F23091,no-name,,,,,,_
0x0f56feCEA925647587131e91ed258ad3FF0fcF48,no-name,,,,,,_
0x0f5ee401De162Cd163b6Ff46318Eef2727dBb9fc,no-name,,,,,,_
0x0f7010Aad4c2EF7c346ff777f8f23483575a7E19,no-name,,,,,,_
0x1040613788e99C1606Bd133dB0eD7f7dbdf0Cc80,no-name,,,,,,_
0x109a9EF1e2a10a5bd859Df1fb64cd2c860232839,no-name,,,,,,_
0x10CDB3dC1b08D788FD23167083B1071457550EC5,no-name,,,,,,_
0x10D6fCf71a3f702df06C443B812b187f6c7D5d6B,no-name,,,,,,_
0x10D8921cEC5aC6B83db6ABDb5773d1BC44972Da7,no-name,,,,,,_
0x1108ba7CC4cf9F95637B99A4686E8ea55A1e5757,no-name,,,,,,_
0x1125B511399C3E28AD196F0fF7931aAbf281A0d3,no-name,,,,,,_
0x11357FF554752B18DE7E895a3178E9D77518422E,no-name,,,,,,_
0x1135Feb23902949e44cAEcDdf8ac42526c014AaC,no-name,,,,,,_
0x1142e1f922cDe42756741b4E16DDc5A87Ee94B3D,no-name,,,,,,_
0x116676D386404238F54589CCDBbcE1638aa8cb0d,no-name,,,,,,_
0x11814e5558aEc4a7523fed4EEFAd76Ba8531F4C2,no-name,,,,,,_
0x11F8DD7699147566Cf193596083d45C8F592C4BA,no-name,,,,,,_
0x11f3f41B623F013566231392896308Fc336DEd25,no-name,,,,,,_
0x12459C951127e0c374FF9105DdA097662A027093,no-name,,,,,,_
0x12D28911eB2A8B53CCcc28F339F2bf320C6F26AF,no-name,,,,,,_
0x12eb08e27eEc735a16dB29b660070cf10808dE63,no-name,,,,,,_
0x132a0A3d8Ee0A8C4C431dD86E481Eb1622D398d0,no-name,,,,,,_
0x133eFb0F9e727E81B471D3D4006355840078825d,no-name,,,,,,_
0x13955F1867A0BfbAC3146b58aB33B982D72f06E7,no-name,,,,,,_
0x1422A103dB05E3D3C3B003F57Db5CB519469aB3b,no-name,,,,,,_
0x1442992D98cC51793A61C570ae6DAAa35334910e,no-name,,,,,,_
0x14ED6d1a1eE75746669AB167674C12f1F7586F92,no-name,,,,,,_
0x14dBDe02e1CAAc6C1B8B543577eBf0Af6A7a5c7f,no-name,,,,,,_
0x15047A0094DCB0a500D8c7E617Ab98035a63C08A,no-name,,,,,,_
0x1518e1d8c6cf6584B2AD4f4ba577650Ac4903107,no-name,,,,,,_
0x1525938BDD537de47dE94a6198eEBfA72F66908f,no-name,,,,,,_
0x1552168924FBa0aa0A0E3587497D3865Acb16F58,no-name,,,,,,_
0x15778f6fE25669F2e935f8444365a32e23e939dc,no-name,,,,,,_
0x15F263Cdd529C7E987260Fc586252BF1894b952c,no-name,,,,,,_
0x15eaC74d043D9945823aFD171677ab2F72215003,no-name,,,,,,_
0x1654d540616bfB3F13973ED6019e43005BE43219,no-name,,,,,,_
0x16C452375d23D49EC94EB0743C7A644A17E48e2E,no-name,,,,,,_
0x16E9B1234df1f10AeeA65Ee48223986ce62C8a7B,no-name,,,,,,_
0x170c9d5638A504A271912a374a27C85a88ED2BE9,no-name,,,,,,_
0x1716C0a44651b0Eab872F256B3f271B64Ca1151C,no-name,,,,,,_
0x174e36Fb120bCc2e7F3105A3Ea39Eb1Ae980975f,no-name,,,,,,_
0x175A349186f228e7758ccE1c1bA125e0D0514df4,no-name,,,,,,_
0x17E5629660C3EE2Ac68498e24E8607A712bA64Ff,no-name,,,,,,_
0x17ba01ca261A8DaCa30Cd2B4b12c96E62CCA359E,no-name,,,,,,_
0x1962A6183412360Ca64eD34c111efDabF08b909B,no-name,,,,,,_
0x1998f1d784ab30d923e8F774D45E310138E699a5,no-name,,,,,,_
0x19E82c3b08Cdb001161B563568eF2ac1f2251CbF,no-name,,,,,,_
0x1A3139caa6C660547D37857A4612b3CEaA41C19f,no-name,,,,,,_
0x1AB33bb51DE19700E413172cd900A20B0986A37a,no-name,,,,,,_
0x1B8a506A1fC508F840A05fF0A4c665A4579C4E75,no-name,,,,,,_
0x1C6C8e0C6B93b81c0aB3cA4E16EAc96f02175F73,no-name,,,,,,_
0x1C7c802297Dc4919D5aF28c2F6454e2b23503ed5,no-name,,,,,,_
0x1C87404775A828379ECf753834Fffcd3b18D3753,no-name,,,,,,_
0x1D0e79ce3935F2E15B25e1581441b43D8E97DB40,no-name,,,,,,_
0x1D1452a107E2BF2cfFbA3049464331DE8D79c448,no-name,,,,,,_
0x1D1b856d7eaC4D6dc3ADA061d171C4c0C3cd6513,no-name,,,,,,_
0x1DDEfCC0cb8b4a6A20bC97C8Cf81123b01288c27,no-name,,,,,,_
0x1Ddaa597FD3E919064949b6C3D0917DA5ea0aA62,no-name,,,,,,_
0x1EDa70885560Eb299423B9239bD7133994FCB78F,no-name,,,,,,_
0x1FBC216FE162d86FfCb146302c418170809b014A,no-name,,,,,,_
0x1Fd73dDb5d6a433bC9AFDd2505DA8442f9eDA4aa,no-name,,,,,,_
0x1a20c3581B6c9713498F3f9e9258fC452Df13A8C,no-name,,,,,,_
0x1a930F5fBD08D86c78Cda6Bd2D48e17A639880fE,no-name,,,,,,_
0x1b0aF1dd82A371bE79daE1796baEabdF118Fa404,no-name,,,,,,_
0x1b5C5f9aCB144CDcf82a2dF1378F1f6CADbaCd9e,no-name,,,,,,_
0x1b8a28d2185a7AB86AE40303b39F33278cC42130,no-name,,,,,,_
0x1c1Aa049d56B7ef02DCA61AfC4A815e9AA95240B,no-name,,,,,,_
0x1c2E72ABe1A7Ca2D058e51872a45B39dF5eA6B2a,no-name,,,,,,_
0x1c705EcdFE2793ca67f6BaF960a7ee88b957f629,no-name,,,,,,_
0x1c912Ed95d10f217933509A70AC8e95C2796f3Ae,no-name,,,,,,_
0x1cE7AE555139c5EF5A57CC8d814a867ee6Ee33D8,no-name,,,,,,_
0x1cF18f72F7CEA5Be6759396ea3Ed4C2dd079542D,no-name,,,,,,_
0x1ca8a24361e5063887db2D5BFdF4990B7537296f,no-name,,,,,,_
0x1d0DcC8d8BcaFa8e8502BEaEeF6CBD49d3AFFCDC,no-name,,,,,,_
0x1e6eF17b78DD4E27b99C1cfd9Cd02A8A160AA95C,no-name,,,,,,_
0x1ef07A7888f70a1b0dFa9E482885B437B1d44f16,no-name,,,,,,_
0x1f52b87C3503e537853e160adBF7E330eA0Be7C4,no-name,,,,,,_
0x203DaD4C2Af33C0Ff1b60b4579Cf956a60A6cB23,no-name,,,,,,_
0x203cD33614a46E365221c173fD9470aa8F5f7DF7,no-name,,,,,,_
0x204C3e5296Ab443707e5404A509Aa5194E63b12a,no-name,,,,,,_
0x2084C73CDaf9766525A125e44741dFDE8d3DAa02,no-name,,,,,,_
0x20a6df7F5511BfF9fd58850B21bbc7D43b4FBBfc,no-name,,,,,,_
0x20c046bCDd5F1611273eCd5A83272B5225CdC184,no-name,,,,,,_
0x20d4d553491bE14e341Bb155F615a2Bdf295756b,no-name,,,,,,_
0x213182332Ce262d391525710e6b6981d2eBA012E,no-name,,,,,,_
0x2131AD63ea656FDF97e66Ad35AcD6909A6F7050A,no-name,,,,,,_
0x2136bbBa2eDcA21AFDddee838fFf19eA70D10F03,no-name,,,,,,_
0x21D73e07481fcf2d2dEAC1d1A58eB421D747D58a,no-name,,,,,,_
0x21ca8ee818F008692D3A6aBd1a1BEda5aAECf0E3,no-name,,,,,,_
0x21e6290E82A8350FeCE94631758531d2c1664eB7,no-name,,,,,,_
0x22164E957ac4C0cB0f19C49B05e627675436DFE1,no-name,,,,,,_
0x22260D1f2cB61a371BFF2625c4620Fc5A67f0A8e,no-name,,,,,,_
0x222d145D78Ed722B2b0ca80b5B3F4b629D743562,no-name,,,,,,_
0x2261A56324031CDFdcA2011F34740d22174D5E5e,no-name,,,,,,_
0x2268003d92FF03Be6ca6dA029F8D8127FD2F617e,no-name,,,,,,_
0x230d9655Ae1ab7d44652B80879F18dA07eB474ae,no-name,,,,,,_
0x235Dcf36b309eA22d00903c28534e0e34A42E90b,no-name,,,,,,_
0x2376F06047f161257fDA663B071C76c52239Ddcd,no-name,,,,,,_
0x2396c57184e4c06C9AD7298Ce7D4682881C399Ee,no-name,,,,,,_
0x239C7175a43c500255C4D3849c2AB2973D4384D5,no-name,,,,,,_
0x239dE3a0D6ca5f21601f83327eA2174225eB7156,no-name,,,,,,_
0x23cC8441332C5C721061AcF14748858F451dBc80,no-name,,,,,,_
0x241a34eF3A860BA44e709915605e9A366e421383,no-name,,,,,,_
0x24384C4626EB895c99ea4225Af309aD22A75BE2F,no-name,,,,,,_
0x2495Bd6D0ac7704c55f5eeD01Ae2591a5B53906C,no-name,,,,,,_
0x24C629D4913681B82aE7f9b30BeFD80E5229c36E,no-name,,,,,,_
0x24c45187bf3c5338AB4c92858F7390800099d605,no-name,,,,,,_
0x253399D76DCC415dF5444cA334EBf39c948Dce19,no-name,,,,,,_
0x25AdC8d81e74264E756827485A056b905DF28C32,no-name,,,,,,_
0x26436E73fDD02adde8Ae7Ab61fA660D6f7926e6F,no-name,,,,,,_
0x2655B32B7735C5543B06bdd4Cf48a9cF042d5612,no-name,,,,,,_
0x265A63cFDf9a0a041fF0D4D33c3Fd504DA8958f4,no-name,,,,,,_
0x26788f0670Bdf9594BA1A677a977E97Eb68568DB,no-name,,,,,,_
0x26F9fe049c1778286110FF068B3c9763147B5d24,no-name,,,,,,_
0x26c82e6755376108C028446c01451B3F26cd66af,no-name,,,,,,_
0x27058B0FE23A4cdd08AceD7fFD646647019cdaB9,no-name,,,,,,_
0x273F5db72B72059C043Cad022c446232F3d33085,no-name,,,,,,_
0x275a9048Bf6d775A7F8b200cB2e258C33Dbf6bDF,no-name,,,,,,_
0x2766FE4f903cFbA335e2e156e53e14312Ce31CA0,no-name,,,,,,_
0x277ef3FFe8Faf7320726233aC4413BeDd24Ab3eF,no-name,,,,,,_
0x279594B6843014376a422eBB26a6Eab7A30E36f0,no-name,,,,,,_
0x27BF2bc1280b3f46b43d924F4c17Eb8f122bBf9A,no-name,,,,,,_
0x27bE1f13457330D623eD66862bE853BeE63A94cB,no-name,,,,,,_
0x285e24c62B716A4D08A903DcFE1e9156Bf9069E7,no-name,,,,,,_
0x2873B3659847Cf9a069041Fe4F5E48786AFcB632,no-name,,,,,,_
0x28982952E9dC211Ec9CD7E23Df67e907c5A88740,no-name,,,,,,_
0x28c8d01FF633eA9Cd8fc6a451D7457889E698de6,no-name,ethereum-gold,ETG,@Coinexchange@ForkDelta@Stocks.Exchange,24000000,0,_
0x290A5FFDcD13b7d371ECFD8d2D54f2aFE2cB21FC,no-name,,,,,,_
0x293993aC7b6F8502B383ED7a1B784F5A49695E18,no-name,,,,,,_
0x293B8Bc8a8bA6C231d67c64a43AD841a7C5438F9,no-name,,,,,,_
0x296363342643308aA2630aF0010451191f3b1D6c,no-name,,,,,,_
0x29880855d419c6fa0e8c7fDfd985C80f286d914E,no-name,,,,,,_
0x299Bda4202a1e00CF2971BB863aa11BE466a6C4C,no-name,,,,,,_
0x29BA7e8B06c3c4f63FB7f056A5353c1641C3F0d4,no-name,,,,,,_
0x29f0b7c3d8Ee8f6471922F089F459cAb53029113,no-name,,,,,,_
0x2A55362fe148339820BBD06924846cA4596936C5,no-name,,,,,,_
0x2Afae3980e7974662aB3c0113c54Dbb74b841d97,no-name,,,,,,_
0x2C1BBd9b5A708F4fc79204E1B3FFB5d2F0B14e60,no-name,,,,,,_
0x2C41E86b5C19Af863B774e0a7146923fE3952Dcf,no-name,,,,,,_
0x2C544275203B0dB7550887067507CE2beFCEA893,no-name,,,,,,_
0x2C853A9899c23cb22380FbE635BC270C1C6dd24C,no-name,,,,,,_
0x2CC1D82C0BCC1028F792F56a930271ab00117ff8,no-name,,,,,,_
0x2D224e277fDfd273BbE63871Ff69830604B79754,no-name,,,,,,_
0x2D3691FE85D6400957a3356E0AFDc17Ea6d1De09,no-name,,,,,,_
0x2E3090C13a545D37f3D8c1158040E6b6dc229e58,no-name,,,,,,_
0x2EF06079656F2aB9034B6252978C44104B7b2Cc1,no-name,,,,,,_
0x2EbD4D3eab859f56af37C48eB2996FA58E4bfe43,no-name,,,,,,_
0x2FF9c09beCD301bCf7d5FA057e01c39A370985CB,no-name,,,,,,_
0x2b500267335F75D456F1ddD651e638159B516789,no-name,,,,,,_
0x2bc92A6e76C865dF5654cF823061eD45Ce7A2E22,no-name,,,,,,_
0x2cC6a8f865A71E69C9bc9931C486B6d1CBD90E15,no-name,,,,,,_
0x2cd8e422b3466a93CfCa53CAedead16D81f37acc,no-name,,,,,,_
0x2d39D06237fC4A399Aef944f8E012694Cb731afC,no-name,,,,,,_
0x2d3A6CF3172F967834B59709A12D8B415465bb4c,no-name,,,,,,_
0x2d5d88F7e316B01997330640440A4332Ed60D177,no-name,,,,,,_
0x2d85707324DD03251EF928D5D8325F28c686EcC9,no-name,,,,,,_
0x2e2e617e4625c6a30A3290ddE5b689212FF061e8,no-name,,,,,,_
0x2eA41959C75Bd4E8c8732f56dfa6C032A9d23CB0,no-name,,,,,,_
0x2eE3a8E1eD7082A19737f9bf8fa0e6e3DA7E85A3,no-name,,,,,,_
0x2eEfE55E7Fd4546cE3451430Aa4fDcEd0c4EFe85,no-name,,,,,,_
0x2ea7ae77369654E4aFe84EF3733fCCd8e159E1Fe,no-name,,,,,,_
0x2ed9b0A70702F52808A27B60cF451652DBD75f8f,no-name,,,,,,_
0x2f0a1bd676E786F9Dd5543697341E717A4Af61C7,no-name,,,,,,_
0x2f6Df62BDd34c085915D6F0061150bf222011b5a,no-name,,,,,,_
0x2f74420B967C1c2C1C162aa27DDf8EfcE532328B,no-name,,,,,,_
0x300A0A820d8FB6E77850DA5eaa8dF64bBfF5746D,no-name,,,,,,_
0x300f516cdA4475660eD27Bf87bB49B95Da8Ba0e0,no-name,,,,,,_
0x3085c9403871C00F7Fd2E84daC1BDAA05F5F652E,no-name,,,,,,_
0x3093df2Da43Da9f96a36776fcfC685E6f59390df,no-name,,,,,,_
0x30e63F9a7bD8188762Eec058783860559ed922a3,no-name,,,,,,_
0x311438013f823a9F8155033af1987c3771fB4563,no-name,,,,,,_
0x3116C449B8980e50DF1047886c6042300Bef9B96,no-name,,,,,,_
0x31CFEbf6C2940917089800D3a152f373681e3064,no-name,,,,,,_
0x3209f7ae16D545C60d8cc9c6A5F02181a94feA52,no-name,,,,,,_
0x32166f7492C3bdd428dCc8D38C6C9e89e7F46101,no-name,,,,,,_
0x326656615a2751f34cDFF5e6B8ac5f64c3a76b36,no-name,,,,,,_
0x32c785E4E8477B277FEA2CA2301727084D79D933,no-name,,,,,,_
0x32f7ee4F97a959eEf242b5B2D5252adb56Ea355B,no-name,,,,,,_
0x330E24D4Aa0A60aCaC8F9fe6D674D3cF1e8042C6,no-name,,,,,,_
0x33116DB6C6942903653E74d9580f0f7c7aBe1cbE,no-name,,,,,,_
0x33222541eaE599124dF510D02f6e70DAdA1a9331,no-name,,,,,,_
0x33597255c29608CCdb758EDCdFf2271eaBdfF02C,no-name,,,,,,_
0x3366cFD8dD3fC653E7DCd56Cb9111d848b3732E2,no-name,,,,,,_
0x3400696045f706F3309927cB8FDF63F07B616C6F,no-name,,,,,,_
0x3452519f4711703e13Ea0863487Eb8401Bd6ae57,no-name,,,,,,_
0x34BF197ab0Be872210eD6e0367F6762281C00e68,no-name,,,,,,_
0x34F34f58c50Ef059b766065DBb24F7cf885e6463,no-name,,,,,,_
0x34FC4Fb108E5b2836bD776a5EF5969D6DA5D8601,no-name,,,,,,_
0x3508DeA4d3e2279EbB54f24Ab0D63ccDE0439035,no-name,,,,,,_
0x358898a0a781F195a30Ecb76056e47456b2ED170,no-name,,,,,,_
0x35AfB92d3F2bE0D206E808355ca7bfAc9d820735,no-name,,,,,,_
0x35C8Bd39d2Dd4bAA2dbad49D2E4f258e9Bb33D7e,no-name,,,,,,_
0x35D76C3db8e826907D2A977500B54B3914ecC020,no-name,,,,,,_
0x3659E8DAa4baB9a263b3E43EC63c068dfBC1246f,no-name,,,,,,_
0x367285dC8BA90d5f1317aAc7c0e3E68002970b80,no-name,,,,,,_
0x36AB5E415602736134130Bd48f5b9C1eEe1D7b3a,no-name,,,,,,_
0x36CdA1038a9556ebe626Bcd7baB4e46f38d896eC,no-name,,,,,,_
0x36e168966F61b674A3073e1d9e159A56880c7059,no-name,,,,,,_
0x36f3Ff438cd96f095b1bcC03D1B197Bd33777578,no-name,,,,,,_
0x377dFA7BAb23A798cA1fa0923BCD4D4ef2184d85,no-name,,,,,,_
0x37967e841cB5a1C9BD76933Ba947c3A81d4d738d,no-name,,,,,,_
0x37A2e0cDcC3DEC87042dEDfD32daCa45d2089ecd,no-name,,,,,,_
0x37A9440d3B05C9F7c13bA7DaA7f24AdA1E2687e2,no-name,,,,,,_
0x37DAd2f4F477B085C5E91a10D6A5eAb6daB6a445,no-name,,,,,,_
0x37Fc7c7162122C682cF4e09fD73d675820287ad1,no-name,,,,,,_
0x383670AE601BDc30F15eEE3FAB8b55AbF997D097,no-name,,,,,,_
0x3845F2534E6Db61d3C093A84fa6B3672C895C91B,no-name,,,,,,_
0x38F09f6Cf23900c6A37A3F31b90c7Ea04453443A,no-name,,,,,,_
0x38c6A68304cdEfb9BEc48BbFaABA5C5B47818bb2,no-name,high-performance-blockchain,HPB,@Bibox@Bit-Z@Idex@KKEX@KuCoin,100000000,18,_
0x3918249900ecaD5Ee86f84C2c498303Fc52614a6,no-name,,,,,,_
0x393DE12Bd7AE3045068ee9FDBb24A0E61C84b618,no-name,,,,,,_
0x39451Aed89EBd8539cF97c3ea301b8ac384966C9,no-name,,,,,,_
0x39fE3B1006fA3Eac3afD06d7FD406f48D86a0d5E,no-name,,,,,,_
0x3A5d621b17B3e28De84D88050B460b8435e3966c,no-name,,,,,,_
0x3A92B0Fa21043e14A021821bA9371A8ed01Ec5dc,no-name,,,,,,_
0x3B82941797826cbe845e5092C916A15295905d0f,no-name,,,,,,_
0x3B96990A8Ef293cDd37c8E1ad3D210A0166F40E1,no-name,,,,,,_
0x3BBB50a8979443DbaAb05Da1264EF2f1f1B1a3f6,no-name,,,,,,_
0x3Bbf23404E79352E0F5eC94fa8f8cfcd9A9b157D,no-name,,,,,,_
0x3C135Db01a3275370f286a85c07300D67ED63b9F,no-name,,,,,,_
0x3C170cf086a9C347ac86f94CecC701FBC81c0418,no-name,,,,,,_
0x3CD4351F3C962f871024EFEf2922aE39896e4761,no-name,,,,,,_
0x3D1Fbe2EcE2b9D90185f14792201bf1d3277A3c1,no-name,,,,,,_
0x3D1cd6dB399D6B596568D9b243B514fe02F4fCF3,no-name,,,,,,_
0x3D5fb1E9d2F15D9ae5d7f4af4825FDEf03dE9685,no-name,,,,,,_
0x3E2A90Ed252C282aFbcEA5489990cD1f21D2DbD0,no-name,,,,,,_
0x3Ed154e1d39Ec872721F7183F23Df3bF91674681,no-name,,,,,,_
0x3Ed756481aB4fBfD788267A2235D3CDA76c41704,no-name,,,,,,_
0x3F17e2b62A19Bbd9F5b128Bf1136c17ceb4f2A2A,no-name,,,,,,_
0x3F35F8A62b67da6464E25895bFF896004cbcc7A8,no-name,,,,,,_
0x3F4DD010fBbc9a9b6d95F1F53837d7e9f3BeFac8,no-name,,,,,,_
0x3F78C83f85Fe41621e3cf81C38cCf917e3852A0a,no-name,,,,,,_
0x3F8FC6758E0Ad014Ee426565a6383969B22D9e37,no-name,,,,,,_
0x3F8eB9E89976021CFD80D8c729203D5e3f723491,no-name,,,,,,_
0x3FDFd6f586EC42B4dB17bAc2CC2ACd1587004F1c,no-name,,,,,,_
0x3a08c207AE45A71ee1ea063562E515Cc05f981bE,no-name,,,,,,_
0x3a23FE4ecf13895f86d21F16E6327D314cDEcE0a,no-name,,,,,,_
0x3a427d408A165215f7f80aB4E2d3450F1a224870,no-name,,,,,,_
0x3b1D8701397AB3Cf86F10B0ef03854cFa06a2FA3,no-name,,,,,,_
0x3b2150AFD63266f46FBEBbeA4964D3B8C69b27eB,no-name,,,,,,_
0x3b49296772fE527b54803E97f650f9B1289c3E94,no-name,,,,,,_
0x3bf3B11023650D21140bA10C68a8a4dD0a372D3f,no-name,,,,,,_
0x3c6Ce03A4AE39D56da53fBb045cEDd2d750e4531,no-name,,,,,,_
0x3c96c6e76c403c774ba2aB023dF5730375c09B2d,no-name,,,,,,_
0x3cB6C45A7689769de60d423ee6c546d3ca4B15a6,no-name,,,,,,_
0x3cd8e97289dcCfED9546ea58D0a0031037410c06,no-name,,,,,,_
0x3cd9b53eAB1F941AC39B7A5689d9F516D82f28A9,no-name,,,,,,_
0x3d05317111A96a1a6aBF31e07B0CfA33173a19AA,no-name,,,,,,_
0x3d5f2F4e4B9Cf03e896fF2093569078CE45BA0c0,no-name,,,,,,_
0x3d8A10cE3228Cb428cB56BaA058d4432464Ea25d,no-name,,,,,,_
0x3d92bddA7f141807a77Ffd32d401b2d08b5577f0,no-name,,,,,,_
0x3dADcf7893605F7bD518fb79286e38B43f572788,no-name,,,,,,_
0x3e85fC8fB93eb4461b144dBc6E20A2fa63532772,no-name,,,,,,_
0x3f45D2D5FeB6b4b000d2d3B84442eeDDF54A735a,no-name,,,,,,_
0x3fCEE23Add6e86DDe3c4d395cbce1caE7f16D06d,no-name,,,,,,_
0x3fa067c75D5161A787cA543cb867f2042bce4f82,no-name,,,,,,_
0x3fc607A93c296F1d4Ea511B1E6b455F4F3190999,no-name,,,,,,_
0x4026f73F99427C6b70c9b101321895CEE6B72659,no-name,,,,,,_
0x403D41f55cBAc0375a7c90f7abA5ED2122D2087d,no-name,,,,,,_
0x40544A0087989D6864b09c8AF74Df453021aCf41,no-name,,,,,,_
0x40607c8bE5e35502b319b598350f4dA745fB46Af,no-name,,,,,,_
0x40FDbA87E66FDCDF04Cab199fa4a7684E78c3eDF,no-name,,,,,,_
0x40d4e1C93314b17F4AF1b019848d56fC01876f4c,no-name,,,,,,_
0x40eE585d2016B8E515AF7ee9C219d5d445422Ffd,no-name,,,,,,_
0x415d9873769Ed692a79d0FcF1C53FC3ef2e6888c,no-name,,,,,,_
0x41811Fc491643Fd2dF3A2c148C92acFd02bD3831,no-name,,,,,,_
0x419cAd2516763f39D21fE85D3E99cA32649d3Ead,no-name,,,,,,_
0x41Af583e719F0e08A5389F1c8a7B35944fe9470E,no-name,,,,,,_
0x41B54744d077A60104A9f3dfdD681Ad2694eb5E4,no-name,,,,,,_
0x41a09D330f3D9Bc4d269bfa872BC06DB1c5A04FC,no-name,,,,,,_
0x41c4413c7A2dcaA95b5e3441D8401F13E24D337c,no-name,,,,,,_
0x4206D44B22377a1946397f39accF1f07F2af079f,no-name,,,,,,_
0x42245fD5c9d7b4af5dF92a0bAFD83CACDA73944E,no-name,,,,,,_
0x4248d5eDC7a30Fd1954C4e4c0262Dc6ee5606D99,no-name,,,,,,_
0x427a6663c260d12B4FfD4C2C9eCD6FeE0c8A62cb,no-name,,,,,,_
0x42B6728aFf7b813Fe651B6bdDb8448CB3cF18abA,no-name,,,,,,_
0x42DfaBC500b443A9FA71eDaB2Dac32350FB8cd7C,no-name,,,,,,_
0x43480db5adbEB354f3e1e1596443afad056bD63D,no-name,,,,,,_
0x4379fB29AFB6ED5aFE460524884da11107Fe75d3,no-name,,,,,,_
0x43bf02d311f807af775eB6Ef78d48b84a13015C0,no-name,,,,,,_
0x43cA6017e714123A2780Cc1d556B45d13a911a3F,no-name,,,,,,_
0x441C5c62c2257c9e8c91e53DD5731aaC586c0532,no-name,,,,,,_
0x4434Af2262d1868261CBDA45352F611C8116B9F4,no-name,,,,,,_
0x4487ADF466d51f20f10B49067e1Bea2A9a5B9a06,no-name,,,,,,_
0x4490eD5fBBFFa9F7446E9FA8716b12eeab79dC44,no-name,,,,,,_
0x44935883932b0260C6B1018Cf6436650BD52a257,no-name,,,,,,_
0x449574C69f3A658794829eD81639A7A9ECe041E1,no-name,neo-gold,NEOG,@Mercatox,100000000,0,_
0x44bC5727C2C592038A944Ca2696b5c958650c877,no-name,,,,,,_
0x44e6d9Ae9053A16E9311Fd9702291c5516804359,no-name,,,,,,_
0x450D10A0C61f2b007384128B626F28b757A75e49,no-name,,,,,,_
0x450F783FD73cCAA6a8278180456c9cB2a3648548,no-name,,,,,,_
0x452E7884A4f5AC9F639489F7190E479B30dE20d2,no-name,,,,,,_
0x45497ae582794aC6C110cCF6806F652777026889,no-name,,,,,,_
0x45771442ceafcD554bc3EA685d68B22d5E33a863,no-name,,,,,,_
0x459aE361e9d09886c2F637f1d56A8074Df42228B,no-name,,,,,,_
0x465556b0B461A1ed5C9bE3711DBD3B3D77ba1498,no-name,,,,,,_
0x46f175281BdDfabA661865bFe1A27ad2C1133a47,no-name,,,,,,_
0x47230daD67FEE1F7244b7e8a62c449bc46b5AE7C,no-name,,,,,,_
0x475a8101FdDE7f7246e31be77DD7dcB80F25D735,no-name,,,,,,_
0x47820C26a40D22C0e9c9f25E4466fD040248cB4b,no-name,,,,,,_
0x47A8a30A59EEA5c2B06dfa84e91be53444b9A419,no-name,,,,,,_
0x47aa07043E390d0E03A992426921AA412C82983a,no-name,,,,,,_
0x47d822FCF7D242d4e6f22Ab70B63fABab36922C4,no-name,,,,,,_
0x486e49D1622FDFC8ca760fcFC17792753A4beCA8,no-name,,,,,,_
0x491559dd3DfdBCA13EDc74569e86c8A0D517975b,no-name,,,,,,_
0x4B8007bC4e1EFD3EF9b553D68a1f5b111730c49C,no-name,,,,,,_
0x4B9A0AFF904d59Ea42bAFa0474d794024adA8fa7,no-name,,,,,,_
0x4BA3BbB97B5580e73b8649929B3A1E7e99B3faf6,no-name,,,,,,_
0x4C8C52d8cC106b71CEe9A3417711A5B93a3FbEf6,no-name,,,,,,_
0x4D79e7a45c067D7698B838F8AEe4ce6f340eFB30,no-name,,,,,,_
0x4DaC1801ffA1534346ce8a1114E9a40eF908d7Fd,no-name,,,,,,_
0x4E82fEA639245Ea0Bc3E5aC921e589014976ae1c,no-name,,,,,,_
0x4ED2C5e63c65741973F9593f1980673E03E11BBd,no-name,,,,,,_
0x4Eca34eF140253056621Ef9D5BF1F4efDd120a24,no-name,,,,,,_
0x4Ee1d7720a04072142B2efC9d2C7d5d77Ad63939,no-name,,,,,,_
0x4F2e42E35f8bF1ab1eC0509b6D481dAcc933eADF,no-name,,,,,,_
0x4F40Cbd1Fde9214b3BCBdC0359d132E6458F5E20,no-name,,,,,,_
0x4FdB91dbCe6ceE2e08cf85D26eaA3e9BCa0c12fE,no-name,,,,,,_
0x4bb886b9D601D3690a08D46851843B04b0E254Ec,no-name,,,,,,_
0x4bd56d2B76fc4564bfaD65ee1C5c05a663C9719f,no-name,,,,,,_
0x4c44d51CF0d35172fCe9d69e2beAC728de980E9D,no-name,,,,,,_
0x4dc14b53712beebAdE9576345D541ad17ddDB2D0,no-name,,,,,,_
0x4e3b8c663D1a6620730Dd68d65966b867d9E2f80,no-name,,,,,,_
0x5070832E17e2042754ccD86F28B9d21FcB0E1567,no-name,,,,,,_
0x5073298618b562710d80AB492f825d5E08529c7f,no-name,,,,,,_
0x50Cf00e2B1887c162ce13f8CD9Ebb3Fdf5C99e70,no-name,,,,,,_
0x50c798C86D714F58Ac08E5BaC49A127771E93234,no-name,,,,,,_
0x50fD51B624Ca86Be3DBc640515ebC407A163cd6C,no-name,,,,,,_
0x50ffCe0811ebF81CD4A7DF02D476d8D696bdd60F,no-name,,,,,,_
0x512BD17879698C42a557D4263d949FbEa7668A48,no-name,,,,,,_
0x5156e901a673049011500022Be70F8D50BF8e4a1,no-name,,,,,,_
0x51D32FB6c763878F44f93907d7f88FD9eF370595,no-name,,,,,,_
0x51FFC1b089392a5bb65BF24EAf04d07D0e6F88B5,no-name,,,,,,_
0x5225f66168Cc9C145B885d7af72054B52DbE1a0F,no-name,,,,,,_
0x5269D13765ea320a678082FC7335A036bf3b94A7,no-name,,,,,,_
0x529c9f17594d55901D6314A0B7CE5dEe92C6355E,no-name,,,,,,_
0x52d3ec187457a106D2ec546bE4Cb8A11D9Be2527,no-name,,,,,,_
0x5310AAdC315a6E9Eb2eA62629e41E35bbd580071,no-name,,,,,,_
0x53151A85EA7b82a4b43903427953efBA067cDe92,no-name,,,,,,_
0x53344C813FbC35890A7304187Dc920358B5ACF4A,no-name,,,,,,_
0x53a2FD0d693C79eFD2fe1fd628BFcCE3F0A89314,no-name,,,,,,_
0x53d7E08588f7F5D73a61fFDB969C303870d994a7,no-name,,,,,,_
0x543B4DAF1288Ff38250F0a9a9919cD239f0ce9A9,no-name,,,,,,_
0x548f7581e85b473da466ef9EDbE85c5226eAa3b2,no-name,,,,,,_
0x54eA1529fb482ff3dE2f4ac919EAa6CB5E34eDbb,no-name,,,,,,_
0x55156358753335D0FBE4607A228f1E4B008d97a8,no-name,,,,,,_
0x55272dF80297Fbc078952d80ebe82B62E4b0DEE2,no-name,,,,,,_
0x553B4546D26F383d4f4a056B7f50DaDFf07FB252,no-name,,,,,,_
0x554AFa7d9b747B91fA07b0D1ccb979B7C123Be2E,no-name,,,,,,_
0x55593EdffCFB9465660869A44e83b707c8F30D64,no-name,,,,,,_
0x562FC9fC8c7284eA01645dD0629020bcc7220fD5,no-name,,,,,,_
0x564dA083EEEF740BFAB40edBf1A4fa2935b0d7f5,no-name,,,,,,_
0x5652AC06E148b8c8d86c2C040fdBbbF98860ef47,no-name,,,,,,_
0x567b27ae0D0Ea4FcA292f447D819aa1B366375C4,no-name,,,,,,_
0x56Bd12014D0cefE6633FaB1d55e515F81A24A7D5,no-name,,,,,,_
0x572C20Ef9c8eca7f8743064AdF9cee19317D61C4,no-name,,,,,,_
0x575A9368ccBC951986BB25412876be1a3218c883,no-name,,,,,,_
0x57D7584c6E720C1098E1721982C04D1Fd3F5bc83,no-name,,,,,,_
0x57FD3480581F72B0DF1AdeAd72B4181a52A1D7dE,no-name,,,,,,_
0x57cCeE9100dAA272b962c48543460A8e3AC6f674,no-name,,,,,,_
0x58220043D3225D1120B271eBed9680C77353Ba04,no-name,,,,,,_
0x582Ea0af091aE0d98fDf08216Cb2846711A65f6A,no-name,,,,,,_
0x58bd394f3dFd9Bbc15f4bC662b2deF3E597E4e90,no-name,,,,,,_
0x58eD44F46C279F30fD0a0724D3FEd4Bc18b11bb0,no-name,,,,,,_
0x591A95Ef45AeCc4CF649E779ddB970d1454F0c2a,no-name,,,,,,_
0x594F1B4FA77BE53C36001b2A207e58d8BCBF3D4f,no-name,,,,,,_
0x594d1849b1829A8Cef038674c1e4A1A54EF93Fc3,no-name,,,,,,_
0x5956e9888791E86BACa2df137eb697156A2AA605,no-name,,,,,,_
0x599A4b8188676224D4C9B393B947E332B60b15e3,no-name,,,,,,_
0x59A048d31d72B98dfb10F91a8905AEcdA7639F13,no-name,,,,,,_
0x5AF7Af54E8Bc34b293e356ef11fffE51d6f9Ae78,no-name,,,,,,_
0x5B7B37C014c6d1DD74AeD790f23494E68f64Fa21,no-name,,,,,,_
0x5Cd8d674e6E8CF2c0124A9215a849d6eb52962e4,no-name,,,,,,_
0x5D3b30dC5DB86ddA158814918E2aDb1ae8b4AdCc,no-name,,,,,,_
0x5D3e70Ff65f83e309552a0242702CCffd030Fc57,no-name,,,,,,_
0x5D8fd1bfDb64B39C7a6Ca79a5bB6ED75D730d2D3,no-name,,,,,,_
0x5DC14eb6679293d26a3013952d9192187920C21e,no-name,,,,,,_
0x5E39A5d846dfdA5C66538CE9ed6043e42089EB0A,no-name,,,,,,_
0x5F7C934436406B1DE081e17556231CEA46cE998e,no-name,,,,,,_
0x5F7EA756D5753942f6D075c7C811db53D9FD0Efb,no-name,,,,,,_
0x5F8c9b69A2b5290BB8D7f8f549635cea5aF34205,no-name,,,,,,_
0x5FE3342c5BE7BecE5318977c76ef7382323917b7,no-name,,,,,,_
0x5a109163996ee56d88e7cE6E9579A45EDDEa036E,no-name,,,,,,_
0x5a278520aF82ecd29aB6aD6F132C7Fd6865D6454,no-name,,,,,,_
0x5a725992AaBC2839Daece6090188DEa2608a33F1,no-name,,,,,,_
0x5a91baB64ECe3428fC4E6B1CB327cd00387B5dEd,no-name,,,,,,_
0x5aCE91F9d1653BCb35E93B5b9855e36087Ae53E7,no-name,,,,,,_
0x5aad8436ec6320E846084aa4e6E6231387E8950a,no-name,,,,,,_
0x5b0462bB50A0C4b051E26A01689F45F6Ed0ffAaB,no-name,,,,,,_
0x5b21bA38a0dB91CC43aA7daba778979758E67991,no-name,,,,,,_
0x5b36208992284CEFA4de83F2Fb34B33D1A75d4B7,no-name,,,,,,_
0x5b55BA42721182AC52c1A231Da5D6E66927952b2,no-name,,,,,,_
0x5b78Cb510AAceCD7c9a19C47b5D1a60A8A69A342,no-name,,,,,,_
0x5bA708a7d74E3F87B719c234231548D3De0CABaD,no-name,,,,,,_
0x5bEe2E78c76f27b9e2A01ac41e0e35AAbe6953cb,no-name,,,,,,_
0x5ba12FA4941988e0ce19E0BbB11907CED19D3f0b,no-name,,,,,,_
0x5c03aeccd5548C5fF2A9D6f7E8A52794812C5de1,no-name,,,,,,_
0x5c40eF6f527f4FbA68368774E6130cE6515123f2,no-name,,,,,,_
0x5cBE3c7827a386a66dD4cA5ca390A7D84Da0C142,no-name,,,,,,_
0x5cC61caad7db681207325c504104B080e8963da9,no-name,,,,,,_
0x5d1F6e8143065F47723EA4CEbf53F2eD24c003C6,no-name,,,,,,_
0x5d356eBdaEd2798547889fFA12fc587347E5aD89,no-name,,,,,,_
0x5d9aFcf314fC10C74fA3383EDd31f339b3278A2c,no-name,,,,,,_
0x5e1E432d529daCd4FF0e71eFA18c0B418c36BE54,no-name,,,,,,_
0x5e87EDE65d71218d710c6F94b9bfCD9017FB292A,no-name,,,,,,_
0x5f1256C7261939Ba5d5cA6d9A0f08BBBe6E1c3fB,no-name,,,,,,_
0x5f2F1cce7311E436c6e02313c00Bf99F9F4A28Cb,no-name,,,,,,_
0x5f9020A24870115A5256c7004C0D5C9259AA7128,no-name,,,,,,_
0x6022c6C5dE7c4aB22B070c36C3d5763669777F68,no-name,,,,,,_
0x60423c107acE769B49F5aC72e3e90fD567a6c4f6,no-name,,,,,,_
0x608d02D535B56A861D1Eb44B7e3C990EBf244F65,no-name,,,,,,_
0x609EeE76d7ddd7880ff8349736F1329BFFDCecc7,no-name,,,,,,_
0x60aA9e02Dd75407a9feF5C8437Ae8852B6318E58,no-name,,,,,,_
0x60cfb02266310E66Dd99b1635e702C519a564726,no-name,,,,,,_
0x60eE2042153D3F0F63A28D41C3d05Cd0B255fA05,no-name,,,,,,_
0x61245b6A6678f3158A37AB2c5e52369B9F452318,no-name,,,,,,_
0x615eA80BC073DCA935FB634Ef40Cf8B0166bD94A,no-name,,,,,,_
0x6183DD6d4418B3414c5b9e700c81A5e860a22397,no-name,,,,,,_
0x61DB4C9Db2Bb58DA4777B73463257a6DDE90eB0D,no-name,,,,,,_
0x623B925b0A57a24EA8dE301F2E3E692cE903f0c3,no-name,,,,,,_
0x62590cbfbB78d765e5c35Fa2bF34d110411CDcac,no-name,,,,,,_
0x6267B5376c809445c9432bd9f14A3808b00eaE2C,no-name,,,,,,_
0x6283d6EAbe2Df8eb6A188fDbBb30Bef3a488489F,no-name,,,,,,_
0x62a56a4A2Ef4D355D34D10fBF837e747504d38d4,no-name,paypex,PAYX,@Token Store,150000000,2,_
0x62b0d1DE606A34A6D2BeE1493481b015391005f0,no-name,,,,,,_
0x6308DD690Ce35138F9dAb60741091665a7BE48D1,no-name,,,,,,_
0x6339760a5D189930b6CA721CaE01Ca698Db51313,no-name,,,,,,_
0x63F9a1657aceC577aE4E9DAd1Fc16456eBD17dbb,no-name,,,,,,_
0x63dD6F40007731Eb7E70A7ae43B55c0fb2090C99,no-name,,,,,,_
0x642B370EAEdD3564A5036101E22951dA67c027F6,no-name,,,,,,_
0x642CE99AaD0cCc6fEd7930117b217A18ce4B4229,no-name,,,,,,_
0x64386613c1abc7a2cE3C00765f505C025D10b8B1,no-name,,,,,,_
0x64D2DB533A3a65eD6db297C382A79a322d466aeA,no-name,,,,,,_
0x65CC2557A3f041728085343dc8eC5cE2eC11C834,no-name,,,,,,_
0x65D05CE21cf51307e548D00B08fBA6115d62C00D,no-name,,,,,,_
0x65D08c27d696eB55170cB3346b423Ad85E58DE68,no-name,,,,,,_
0x65bf23435d589845f8eF2f792564bf27B24a009e,no-name,,,,,,_
0x6652A55CeF751B9Fb66b0d61fa2210AebB7fb244,no-name,,,,,,_
0x66734d6103442d898986EED8fAd848B2680D9f5e,no-name,,,,,,_
0x668d6003399D2D3Bad858553EAF4B9477fF0962D,no-name,,,,,,_
0x6692D5dD701b9373933730d4e4f3b498DB7F7C32,no-name,,,,,,_
0x6696728b2c69fef7231f12f942574f61a1E5F12E,no-name,,,,,,_
0x67007879f4caefd6405f5c25676D20f2D40ef7b6,no-name,,,,,,_
0x67123aFd93DD99C2B7587eA506843bfD9485D95e,no-name,,,,,,_
0x67fa2C06C9c6d4332f330E14a66bDF1873eF3d2b,no-name,,,,,,_
0x68223dF196B3c46b7eb30a154DC79AA0A9d7907A,no-name,,,,,,_
0x6849aB724D051bB2075E9D39147d4F0dBaAB0D67,no-name,,,,,,_
0x68623fDf159DBdb7d1547D3050821Ce57448aA47,no-name,,,,,,_
0x68756412fd30D04c821D7BB92336adAE8Bf51F79,no-name,,,,,,_
0x68b90786364a9867ef6526D5b8afB3D442806588,no-name,,,,,,_
0x68bBb2461D7C4C30902621E5B6e6e3e45890C1Ff,no-name,,,,,,_
0x68f56A196cB406Bf8677bcCb6e891F4e46560273,no-name,,,,,,_
0x693399AAe96A88B966B05394774cFb7b880355B4,no-name,,,,,,_
0x69569eC8dDF4DbD0A48a96bf7AB37E62CFE2c3ec,no-name,,,,,,_
0x696b1F38A74D80Fa213b2398f178E337741CdcB7,no-name,,,,,,_
0x69cCa8df17623f18a001b96Ba4d958cE72Bc6BDC,no-name,,,,,,_
0x69e5DA6904f73dfa845648e1991Ad1DcC780F874,no-name,,,,,,_
0x69eBb43389b3a7fBdC41Ea21cF83fF432e952949,no-name,,,,,,_
0x6AAe3FD4E1545E9865bFdC92c032cb2C712fB125,no-name,,,,,,_
0x6B4D6666156A2921850527Aa00E47047857159D2,no-name,,,,,,_
0x6B609d9095d069C805650234ab67595b3A6AB934,no-name,,,,,,_
0x6B80bBeBc52D0b1Fa4C349BF45a68aa89cbEe75e,no-name,,,,,,_
0x6C5208924c5b302f756A79776a8b2918a041AD4D,no-name,,,,,,_
0x6CA784aF0f86ae5B8fceCe17cA69176a468a2EE2,no-name,,,,,,_
0x6Cd81d35B3B8dc27A54ae20bAeC956586383D34B,no-name,,,,,,_
0x6D0a44Fb6A416dA6efe1C192560BE1bcCD01f6bE,no-name,,,,,,_
0x6E0AE69d262420B8CCd7ECdC11F12Bb8b38104FC,no-name,,,,,,_
0x6E37bF71b29C9b5bA1583A3A110B3500200b80F4,no-name,,,,,,_
0x6EEE3497d91ED600646f4e31000329ef2e5d210E,no-name,,,,,,_
0x6F6b155e3Ab5d668665F9D8E13120d3cEc285678,no-name,,,,,,_
0x6FBcf353cbdB10CafD500B26A979F2C999D4feFb,no-name,,,,,,_
0x6Fd570c64568a05B9cF3afcD7D31Aa5e3c9b8350,no-name,,,,,,_
0x6a4813F0B2F1C8F3Ce9DA742305Df1ff0EE4afc6,no-name,,,,,,_
0x6aCCf0BF1A78d8EeeAF03171B68039C030AdfdE8,no-name,,,,,,_
0x6aD154bF6a76Ce3aF58fB0D229a0175612908445,no-name,,,,,,_
0x6aEDbF8dFF31437220dF351950Ba2a3362168d1b,no-name,,,,,,_
0x6ac9E08B3AA6b501E5FB29B3D65E4c12305Ba721,no-name,,,,,,_
0x6b3E3948272aa43e6d6351c9DfE567eabeD66139,no-name,,,,,,_
0x6bFA4C3C887fdc965bDa1f09Ff65fbF1F3D8b58D,no-name,,,,,,_
0x6bbE84367dff18504385e4aA2686FCa8867b98cb,no-name,,,,,,_
0x6cD0Df6798Eb5C38408B772B39cED57F7C3A47b2,no-name,,,,,,_
0x6d442389e79c48217B802FC94d1feF118543A294,no-name,,,,,,_
0x6d649C8Dc769C3626bdF9b362fDc548A7c003100,no-name,,,,,,_
0x6d744Ff5cB5D6741c7c9887bd4bbFb815D743CcF,no-name,,,,,,_
0x6d997eDcA04282950416FA380d834f360fC36eBb,no-name,,,,,,_
0x6dDCA767d731f57d90A516dD751f2aa9282B37d2,no-name,,,,,,_
0x6dE126Fe427b7556328038A400AfA99B857760b7,no-name,,,,,,_
0x6dE20D9d444354Ff9B271A6Ea6f9274F2467df35,no-name,,,,,,_
0x6e0695d06382ee1A7eacbB32eD69a9E06E9C9d6a,no-name,,,,,,_
0x6f0d792B540afA2c8772B9bA4805E7436ad8413e,no-name,,,,,,_
0x6f2F13fc263BC0DC5C21B214135C3bA163B554Ef,no-name,,,,,,_
0x6fd8f3CFdD99953Eb489596deDc5Eb3e0ec42499,no-name,,,,,,_
0x703805ae406016d5fb716f805F07821018A38922,no-name,,,,,,_
0x70396C561849d1ED656C6E0d2A04B83131C0c645,no-name,,,,,,_
0x70B0505c0653E0Fed13D2F0924AD63cdf39eDefe,no-name,,,,,,_
0x70da2B13b670Ff2A1b45d83550089631Aa20E882,no-name,,,,,,_
0x70e2135d1499C6b6B3E876722c3e17c129dfa8BA,no-name,,,,,,_
0x70e9F54Ed3ff5d7EB6ac547BD5ee5899Ca665C89,no-name,,,,,,_
0x7110BB5e18842646438320CA56C0A064ccd99235,no-name,,,,,,_
0x71115Dac80958DE94264A83cF0675061e6db6c5e,no-name,,,,,,_
0x7119AdFAd3C95f679D5A0a1282Db35736EaA9d38,no-name,,,,,,_
0x7149CAb37227Eb947c762fd762CEE87050F19171,no-name,,,,,,_
0x7181772C67E3b38B2Ed202BEDb76dFB4794F1154,no-name,,,,,,_
0x7183169973EdA16209F66a602F2e27E1303bf414,no-name,,,,,,_
0x718Bea7a9A70368955Dba5cE657d0695fA04E024,no-name,,,,,,_
0x7192bb75777DaB47ef6fBF6f6C0e4BCBB2294F38,no-name,,,,,,_
0x71e01346e052C13B386e4baAA3070b6517304eD4,no-name,,,,,,_
0x71e4dc4bD97e424376578F0AC1ff5a9B00902F13,no-name,,,,,,_
0x721dA477f68c71788A262d58853fE6977D86535e,no-name,,,,,,_
0x722D3d0cCb7644aafceBD55deD97315e2dBba640,no-name,,,,,,_
0x72Fa5C5067Cd1Aa4144D0423d289e2EFb3Ae1f9C,no-name,,,,,,_
0x731E773FebE85a7c2c9a4B5EDD3b7C7D65b02C1e,no-name,,,,,,_
0x732a9D974BE338a6165dD499f4Ca585ef404f6e8,no-name,,,,,,_
0x737290DC60F7079123F96a59bA1C48188A94a108,no-name,,,,,,_
0x7384c268c27C21654A6eB5629d36330367C910Fc,no-name,,,,,,_
0x73B29c2a2Dd1c18Fe95cc43F67E5D202651794fE,no-name,,,,,,_
0x73bfDDB5F99C2E5691804c4d8FA260030Ca02833,no-name,,,,,,_
0x749dd52D7f22CBc3897a0fc20b55393B1f78B4fE,no-name,,,,,,_
0x74C1E4b8caE59269ec1D85D3D4F324396048F4ac,no-name,,,,,,_
0x75298D365092DCEcab1dae51B257b972D34F0323,no-name,,,,,,_
0x752cCB2f5dBF0F82d428128941Cec7B8bB8ccA4A,no-name,,,,,,_
0x754614Fea204097FD934dc26784D837Bc884B00D,no-name,,,,,,_
0x7632DF959dDBA1bf625FADE359F6b1CB0B3608AF,no-name,,,,,,_
0x768c839046636E83F3Ae30F00B51d006CEd4AB4A,no-name,,,,,,_
0x76dC101cF28c5268f9562A281E9B720B7b7d6e2D,no-name,,,,,,_
0x7702cbba3e02788dD50535AfB691FAbcb64308cD,no-name,,,,,,_
0x774A6a79515756b50b66b85b09D792E3A5378dAC,no-name,,,,,,_
0x77F6D161Aa09Ea14Ccecea3359514b0512842a83,no-name,,,,,,_
0x77a40bc24A5aB0DfFbE790Ca53E431F0EE93e9ed,no-name,,,,,,_
0x77d8a32e0F37c8d6413BbEb5c601EfcB018bE996,no-name,,,,,,_
0x7802ab7Bb21DA4daB4D7F8FeFBbd278Fc1068417,no-name,,,,,,_
0x780623F5EC165b48394189fe1263466d5c16FdfF,no-name,,,,,,_
0x785AfF8a2B5e972bA69aEDe7935D8C5cBa61E390,no-name,,,,,,_
0x78AffB030Dca01D72A84F082e59A493A240EAA9F,no-name,,,,,,_
0x78C6B7F1f5259406be3Bc73ECA1eAA859471b9F3,no-name,,,,,,_
0x78cb641ed233Beea4827B8B148E4bF0B17289eca,no-name,,,,,,_
0x78d30C42A5f9FB19Df60768e4c867b697e24b615,no-name,,,,,,_
0x79f9455b8B2ee5E4aF24756334B002467Bab27Cd,no-name,,,,,,_
0x7A16e67F53428110e7206649EC5eF4d4FA06E44C,no-name,,,,,,_
0x7A8a770B36E27177A68424C9D4ddcdD2c32DcB1b,no-name,,,,,,_
0x7ACBc0b5c51027Dc659A19F257BB3E462309b626,no-name,,,,,,_
0x7B00cAC9B094f775B7E2009e017c3600F06c944C,no-name,,,,,,_
0x7B22713f2e818fad945AF5a3618a2814F102cbe0,no-name,,,,,,_
0x7B30DEb4a3EDeAF4e82c34f8134ddd0abe2C93d6,no-name,,,,,,_
0x7BBc3ad5C296AE6Eb50228D2A6a37234D2dB3FF1,no-name,,,,,,_
0x7Bc8e26db75dFc68eE5EF70420E2327b23224E6E,no-name,,,,,,_
0x7Ca7BBbdEd047642313AA7dA6228E61D5304C887,no-name,,,,,,_
0x7Cb30153d1B4274C69AfeFfE4784ff4aD54D643D,no-name,,,,,,_
0x7Ccfe64e02e378c2ba6faB17e5C8B9C404e5A8d7,no-name,,,,,,_
0x7CfE55C0084BaC03170DDf5DA070Aa455ca1B97D,no-name,,,,,,_
0x7De39e18D6878F17c94B9c7F8C9EC451438ab710,no-name,,,,,,_
0x7E562BfF582B6c56757eBf53E4807F8E75B6D31d,no-name,,,,,,_
0x7EE6e9Dc512B0fE5cb5E28697cFC34375A9adC4B,no-name,,,,,,_
0x7F37472ee88062acc82F14CCfE6E7bf5f469dD05,no-name,,,,,,_
0x7F6eAC2EA38284645795996b11F9Bf227cf9551d,no-name,,,,,,_
0x7a7Bd6aeAD42b852FA7949C1e167bad5EFF78415,no-name,,,,,,_
0x7a8948A26613c107949d380A5Ee5A621e9d16632,no-name,,,,,,_
0x7ae79D424B81081990870Ce6C606Ca762DB67676,no-name,,,,,,_
0x7b79387dD30dC6848dd2308C825B6802e99aBc84,no-name,,,,,,_
0x7c388B8b5c8c3a2883C402CC8D0bC7f1D93feBE2,no-name,,,,,,_
0x7cEc86CBCcBA2F87847006FE9EC60BDa272F4240,no-name,,,,,,_
0x7d12b308e7Eb688D4D36E1b91f35d6DBd2FD3F17,no-name,,,,,,_
0x7e9190F1DCeFCc43126b891B1aC8Ee9e5CDf2c95,no-name,,,,,,_
0x7ee1D660eFc3A2339b4CC91c4dEDD8a9405Ac5B2,no-name,,,,,,_
0x7f30B108768DAe75bFe036C94B207dc53F12Ca6F,no-name,,,,,,_
0x7f7c3F8df72f20811182d4BC72609a784bbD0496,no-name,,,,,,_
0x80002ac729A5651Da4DB3b9DCA8DC79044DaFEDc,no-name,,,,,,_
0x8037A3E0D864B1f332E52cf60F999990a9780c54,no-name,,,,,,_
0x803e2b13a11c21Ec0616Cead4A3D2eBe1326f5B0,no-name,,,,,,_
0x8069A35f91e92aeAD8e96C36a1117601F726B3D3,no-name,,,,,,_
0x806ECB4316bF70EE87E09a9AE7f33291F8D67afC,no-name,,,,,,_
0x80B3905cF2E906397e8ea30Ccd909e3ccF28Cfad,no-name,,,,,,_
0x80D0cb118f7179c08157c86f8eD416581278bb6a,no-name,,,,,,_
0x80aD7B37C4468CFd8273BD3fE5BADCdA925720bD,no-name,,,,,,_
0x80ba3b3780187eCA1ca7B4F8636549Ac1f0C1FAA,no-name,,,,,,_
0x812849100450a393c86ab8Aa3FbB62119Ee383C9,no-name,,,,,,_
0x8185E8C1F1cBc1eB7ACCBEAD3fb4CbbD06a0922f,no-name,,,,,,_
0x81F074bb3B158bF81799dCFf159521a089e59a37,no-name,,,,,,_
0x8216DeAe8744A0286c8C53D8F237b65f661644e3,no-name,,,,,,_
0x8254909AA77FDd0B3fED0B4EBE7Af31B7595C944,no-name,,,,,,_
0x8299163642C093076B431cb3D7cdE0Bfa73C1F69,no-name,,,,,,_
0x8365FfCDD7211738cf4c783f31d31f0eF02Bd048,no-name,,,,,,_
0x836A5f830D695B4f9975eE87B0b0bE68c44FF585,no-name,,,,,,_
0x839c52cB18B02F2Af31Ad50070D6A9ea71aFDf79,no-name,,,,,,_
0x83A216A7d51f9698FCE51364D6A258d725e55B54,no-name,,,,,,_
0x84220590dc3CBaba5aBB7bE79797526F05cdA9C3,no-name,,,,,,_
0x848ae4cC01C97297cDb4465Bc06b8BCDf27996bA,no-name,,,,,,_
0x8493835CAfC3EB1dD74BC0D0e1a06E0A9C14E2D7,no-name,,,,,,_
0x84EA17eFE042B3EfB065Fa17d40086AC543e1460,no-name,,,,,,_
0x851374D83d0A38Ecd1A682979fBE48FCccb82470,no-name,,,,,,_
0x851Cc3BEd1488Ff10C3439BA9a6b405363bb8434,no-name,,,,,,_
0x8557C179E6663360B3DaC175003047989A1735Fa,no-name,,,,,,_
0x859AbCd02364500b760634068D7a25422D6b1551,no-name,,,,,,_
0x8629D3046DE139AFDb4f559B2c6EABa46fD6335c,no-name,,,,,,_
0x862CB5B6EEAaFB26Ebb137e0c3C5d7728800439A,no-name,,,,,,_
0x86667bfAFAdEf8F169b6E2908F29b344b98Cdd3A,no-name,,,,,,_
0x866F13290bf71594fe483C23199Cbd6974Eda218,no-name,,,,,,_
0x86D3eFfe52A70E4898F5844D5c28BAE02F02B8aC,no-name,,,,,,_
0x86F321E61F1400fCEB6e49D617849c7c782b6a94,no-name,,,,,,_
0x86cA189A5E189513b52C2018CA9e4918cffEb54b,no-name,,,,,,_
0x8719612bF4ceD64a3c1034b70D496c6810239B05,no-name,,,,,,_
0x871979236d4D7d1293aa811F6EC84DDE40F98ca6,no-name,,,,,,_
0x874cD43cb59CfD0b7A5828DD9377f733FeD17811,no-name,,,,,,_
0x87766C251F604163b23802C6b30DAe398F49528C,no-name,,,,,,_
0x8791b493934872528427DEA5A470EDB24F2C1bC1,no-name,,,,,,_
0x87A6d6b84e2C53B5178084C6Bf513C569afC17f8,no-name,,,,,,_
0x87Be146D2e2d2aE71a83895a3ad15C66546af5E2,no-name,,,,,,_
0x88466183E69c8F681bDeB538D57CF270255F8762,no-name,,,,,,_
0x884f3C96fbdE92ba75E22D27700dD333415e9349,no-name,,,,,,_
0x88769155591fe9cd88aee367F51357eF1ea111F6,no-name,,,,,,_
0x88A584aE823fBcDc900a8F8Bb1fb8c491087a633,no-name,,,,,,_
0x88Ed2e15dCABEAaE5a9bF35C3196c8d2505B8a1C,no-name,,,,,,_
0x890e99D7a8dcf35c9DE9679d2987fbddE91F2682,no-name,,,,,,_
0x897C6cf1996EdFb2126703dceCf038dF646298Fa,no-name,,,,,,_
0x8991bb3f3b3028e9427c7938903d499d5D1da5aD,no-name,,,,,,_
0x8A6fD40ac04DBfC289AFEb05B101fB57944aD89C,no-name,,,,,,_
0x8A820230F2A2714Fbd5Cdd9286290453C2790cD7,no-name,,,,,,_
0x8B9efa58B9f1FFd33032Cd7E68d5F2dC9fB03C0f,no-name,,,,,,_
0x8BdA90F5D0AA47CB42F07326670DCaE6BE1705AB,no-name,,,,,,_
0x8C82A7D6b10e5675c07d3F802C001d937CA2949B,no-name,,,,,,_
0x8CB3dAb84f538477dC731cff654811E49Fa39c93,no-name,,,,,,_
0x8Ce2236bb743Ef077409B43E541eAA4f5b928Db3,no-name,,,,,,_
0x8D64fAa5Ba0f4C9b711d8357F2a55e15a170Ff87,no-name,,,,,,_
0x8D78530eb52016c36629fBBeA78e02267e658b16,no-name,,,,,,_
0x8D8194537110a4659D4Bf0B8DF030b0cED50b39E,no-name,,,,,,_
0x8DE9abC2d27b363aC4c23e08C67ea5f43Db9BF6f,no-name,,,,,,_
0x8E58289AfdDc1c32575555b8aC5f6Ab316051528,no-name,,,,,,_
0x8E8F340f43430c9a1958aB72B2847c8e4935bb0c,no-name,,,,,,_
0x8Ead30dd1B8f516BCd54b534a79c86F156f47dA6,no-name,,,,,,_
0x8F69CFD1151cCbd04ec04cF6D279DAB03AE95C24,no-name,,,,,,_
0x8F8e5e6515c3e6088c327257bDcF2c973B1530ad,no-name,,,,,,_
0x8ac03A3304519879e2Ddb114c2Eb2163043AB4B0,no-name,,,,,,_
0x8ac5eA6B9D7F1cFC3adc1F6a004b2F29488CfaB0,no-name,,,,,,_
0x8b316d06feD5626f051753aE2c2eF80C3C9435f4,no-name,,,,,,_
0x8b34FbC553db3462Ad4909f2e5577cc22f63c216,no-name,,,,,,_
0x8cd14d7D30572c85F456f0cF0B28ebE4b7EDF91d,no-name,,,,,,_
0x8cdb6436F4E08f2aEb6F7b0473423bB30743afE2,no-name,,,,,,_
0x8ce55EB548694DFDc6A336c48d85B2EC565A9a76,no-name,,,,,,_
0x8da0D80f5007ef1e431DD2127178d224E32C2eF4,no-name,,,,,,_
0x8e1EC1c28c3b3bf07aC66bC632C9f2876fbE8055,no-name,,,,,,_
0x8e28dd419642E407a2817B975E5d664EaD9385a8,no-name,,,,,,_
0x8f3470A7388c05eE4e7AF3d01D8C722b0FF52374,no-name,Veritaseum,VERI,@EtherDelta (ForkDelta)@HitBTC@LATOKEN@Mercatox,100000000,18,_
0x8fCC335bB1373a18e0dD46b705d53f39A630C803,no-name,,,,,,_
0x8fc95Edf1C8720510809d881b1E3A44aB4B8d031,no-name,,,,,,_
0x8fd3121013A07C57f0D69646E86E7a4880b467b7,no-name,,,,,,_
0x900448F2F4c0Dc2805d1183a6F947f38d5Db79Ee,no-name,,,,,,_
0x904079be18B34fEfea1307bC5E3c29ADa6F201dc,no-name,,,,,,_
0x9073880d45CBbF9Ec92C7b439a4a2183FCA3CF54,no-name,,,,,,_
0x90ee10bc14e1D5ae0A5fAdbc630FC76a8A767148,no-name,,,,,,_
0x9105B48741FA672f16B802B1765d6E7ABFdbc926,no-name,,,,,,_
0x9106708eB08A6fca144BCb45F8bcD020F903C0f5,no-name,,,,,,_
0x913FA716822660489B2c031D1844bd1425e7ef32,no-name,,,,,,_
0x91417A1F7A5C289FeEC3A509d6052d8B28Ab68F2,no-name,,,,,,_
0x914774D266f39100b56C53C0563C3792f9403e0c,no-name,,,,,,_
0x91657C0176c91E1F953fbA2929560B9699Ae37bE,no-name,,,,,,_
0x91Aa9212c69DF5c175891d36F4756eadD709966a,no-name,,,,,,_
0x91C92f8BD1e17801eDAcaD6b943e20C1777eE754,no-name,,,,,,_
0x91C94BEe75786fBBFdCFefBa1102b68f48A002F4,no-name,,,,,,_
0x91Dcc0945713AB32847256678A6885E3e9f7F560,no-name,,,,,,_
0x91a45B1bb37bC3FFbfEcd451Ed86AE28ba14806B,no-name,,,,,,_
0x91a973BEE89225c6c186419B5Bab1944Fc5736C7,no-name,,,,,,_
0x92023ec96a788Cac18f1472743Da5C56839C8683,no-name,,,,,,_
0x921696dAAa356a22694D48BF1381926cbF2ebda6,no-name,,,,,,_
0x9224016462B204C57Eb70e1D69652f60bcAF53A8,no-name,,,,,,_
0x9259b4e90C5980AD2cB16D685254C859F5EDDde5,no-name,,,,,,_
0x927b1C94345C8d1C01Eb014F57bE84F5c794b021,no-name,,,,,,_
0x92Ae973f0549c7D51370A236FE7B1dFe9eA5aA56,no-name,,,,,,_
0x92bE5717e07Ce2316fE27F842848Fd06a11aA510,no-name,,,,,,_
0x93496D15231d5bf124279923d1B768B86a717626,no-name,,,,,,_
0x935b118412C93Ee969051fD14ef96c70eCD7839d,no-name,,,,,,_
0x9375b738083101617F0642D7DBeAA89E361545E3,no-name,,,,,,_
0x93c625B959b55F67CDdd7bAed6eC50D1acEb3B13,no-name,,,,,,_
0x93d812Bf90A575D628e246b0966505a9E466f534,no-name,,,,,,_
0x93e1016AF21E628afb9b0d0C7EaD495A5E096161,no-name,,,,,,_
0x93eBbF10084680bAe8AFdB05955bF1C0dD65948A,no-name,,,,,,_
0x943F5895FF3e8cffB4B3b69f1b4A069EA6f75403,no-name,,,,,,_
0x944DbA268d7919284Cc9f04d5e6B2f4Dfa0496CA,no-name,,,,,,_
0x9486120332526054fb2aC591D54513fF72b618d4,no-name,,,,,,_
0x949f335fE05b4df0C01D128763BAF0CF5e9e785D,no-name,,,,,,_
0x94Eb295Ec89D759Bf803628d2C58DE09D8f67950,no-name,,,,,,_
0x94F5D800A5E9e7CdC45C4Fe919a2537D5Ddf419e,no-name,,,,,,_
0x95241635e28801Ea1A98Cfc33440630438B46695,no-name,,,,,,_
0x954878C70dBbd09DbA501EFCa4c6b6e1f70067a3,no-name,,,,,,_
0x95EeFC5F6412701d86268752532cDdf29f7C9234,no-name,,,,,,_
0x9668CD96f610b010348e02cfE7D900E3028c225C,no-name,,,,,,_
0x9698EE671bb90728E89a36Ab5EB40ef05FC24c6F,no-name,,,,,,_
0x96CD0F2E608A38B37d4420Fc073C94b72Cc2C6A0,no-name,,,,,,_
0x96Cc88f54d28C764436c35B88481d4fb9966D14e,no-name,,,,,,_
0x96EFa30B6019E053871C2856ee7DA9e0D6b8A480,no-name,,,,,,_
0x96a61970A1Cab6A85bC2FaF544F873FB06237bdd,no-name,,,,,,_
0x9712867811AA6c20aA9923d15099fC7c62927805,no-name,,,,,,_
0x97282A7a15f9bEaDC854E8793AAe43B089F14b4e,no-name,,,,,,_
0x97465A514B53127F6980B925587e508F07691da7,no-name,,,,,,_
0x9747161e12DFBbaa2D5fB6700d456BA6548feC68,no-name,,,,,,_
0x976A9408d2B885e5a313Cc3594aFfAc89D0294b9,no-name,,,,,,_
0x97EE999f562fB8CEec6e2636fe13DfE43505e6DF,no-name,,,,,,_
0x97ee19d8c8b2d607Af236D8BEDdF9F45ACa99585,no-name,,,,,,_
0x98003dD5A4aFB1910e5399bdeC5634E5D9877dEf,no-name,,,,,,_
0x985B4599515B4A8fC7157955ABeC6a8c129EFbbb,no-name,,,,,,_
0x985Fbb68fF6396938796008054147880626D5d52,no-name,,,,,,_
0x9872a4BDCc63c936F7CcF1634a3063C198f10f0d,no-name,,,,,,_
0x9875FE006D796A1A7533596ebF778B575aC01ED0,no-name,,,,,,_
0x989FA6B401d1a3DCf21e4bd789dF2b7609b32A4f,no-name,,,,,,_
0x989aF9516c7466fFf588121059C7F069A2f5BB49,no-name,,,,,,_
0x98D0D19FACEd5aa18b67C927B33b04ec27e264D3,no-name,,,,,,_
0x98d1382B3B6498Ba2F0DC2BA34198cC51a37A691,no-name,,,,,,_
0x98ee18d7a1f7510B78b36f5a16471c7CD0c1c531,no-name,,,,,,_
0x98f7D9405e9b973e51cd4d85a5b2327a9cA55359,no-name,,,,,,_
0x991e890Fd884fBD1F2b20fDfE9152D81c347bCf5,no-name,,,,,,_
0x99287f6A84d56Fc3bB2ad95a4bBE783403f825f0,no-name,,,,,,_
0x9948C2e8efD59B8cCE03d4fDd6256581dc37004a,no-name,,,,,,_
0x997F5b682A14FF64D1b89B0d4f17b78D690E2743,no-name,,,,,,_
0x999B190DBbC297980e6b01C5E486a54cb8dbfFD6,no-name,,,,,,_
0x9A00D6564945681018619Fc8957C798c2Bc7C9Fc,no-name,,,,,,_
0x9A33A92b408b07d3be90E9828731b21A7d794Af4,no-name,,,,,,_
0x9Ae4Ed3bF7a3a529Afbc126b4541c0D636D455f6,no-name,,,,,,_
0x9B60874D7bc4e4fBDd142e0F5a12002e4F7715a6,no-name,,,,,,_
0x9B8eB09A59a180E7798fBe7E099C8c351AC56AF0,no-name,,,,,,_
0x9Bc42587af0fe34032D8068f51Bd6bd7D7E4d718,no-name,,,,,,_
0x9C232E37bD00d8F72107f562EC59f90cBAC05fA7,no-name,,,,,,_
0x9C6FA13FC06262762C97789A9bac3F28E4eE5DfE,no-name,,,,,,_
0x9C76d1daEa99da03F8C5ba5D59bBcD2106E53D53,no-name,,,,,,_
0x9CF0F1e78922e8eAeb0B91D3b4dCD7B8a103C1d9,no-name,,,,,,_
0x9CFce10368A46daAbc90fC125DBeD71E426BB608,no-name,,,,,,_
0x9D175226f9E9C2d20513E9D9637Ba2Ba25131636,no-name,,,,,,_
0x9D7DD630d2912c75e4AF662080a28D3Ed2e1c286,no-name,,,,,,_
0x9E9EccD8df960fE1C4ED48ce65B28B11A81ee84a,no-name,,,,,,_
0x9F00f10e226EC430E888d6311E3F65E62093A9ac,no-name,,,,,,_
0x9FA3C807992d749485a8F177d8A08842f1412e6f,no-name,,,,,,_
0x9FA76b2401C0b1CCCfa207b5539DF9313a265151,no-name,,,,,,_
0x9FB82B526C0caeBA5dF4dFbf6c00bd554e6487ed,no-name,,,,,,_
0x9a41C88972a5E65D7a61aa7cF07CdE6898FeffeB,no-name,,,,,,_
0x9ab055FD8189A4128F5940F0e1B3F690AFaCd80c,no-name,,,,,,_
0x9b3912Ab0eF08A772A097340400bA6a471e8De57,no-name,,,,,,_
0x9b4d2591F2E63bbfbA469e14e81FA36088B93244,no-name,,,,,,_
0x9b8eb7a73a3C65FC3c892b494Ab29CB061Cf05aE,no-name,,,,,,_
0x9bC5418CEdED51dB08467fc4b62F32C5D9EBdA55,no-name,,,,,,_
0x9cDf3c7D8a298eB6273e33C0C41d25a859F87907,no-name,,,,,,_
0x9cd02516d58EBAEf8DcE063FEe284a3c47a737E8,no-name,,,,,,_
0x9d43C34A050d5C1a865b09993A0D1d04Ec4432ab,no-name,,,,,,_
0x9df3A24d738ae98dEa766cD89C3AEf16583a4daF,no-name,,,,,,_
0x9e17852142B297B7D7919698fA8B7e382c43bEBD,no-name,,,,,,_
0x9e1A813ee8Ac44D581B241605d7d9eB99af89F09,no-name,,,,,,_
0x9f0Ccf35420Ab231c09C879FbfB5d8a38Be3a568,no-name,,,,,,_
0x9fDAbD60FB538469B16bbe12DB2E9401116A66e1,no-name,,,,,,_
0x9fff4Bc5166f50eAE026e6A57972a149e4fD140f,no-name,,,,,,_
0xA00175B45F894560171Ef8e442f2BEe5a21b36F7,no-name,,,,,,_
0xA01CF557573D87fd0CD5F4E479C61E469ef9D3F3,no-name,,,,,,_
0xA04d0e719f0B5ACbd80846D03144762Dcbb74d3e,no-name,,,,,,_
0xA0B3890C3032e4e744E325E779749A696f9A1de6,no-name,,,,,,_
0xA23dFcD7a6a742d892F761496cF3b0b7BC36Fe4C,no-name,,,,,,_
0xA2cecE15277Be7000A194cf3Db5d159d4d5bb98b,no-name,,,,,,_
0xA36117a4c5227A7E8E294f8797bD0D4589cDCd43,no-name,,,,,,_
0xA3dB4B373b39301f6e1fdF9167349636d693406b,no-name,,,,,,_
0xA46AaF1b1f69E78d67fCb6C343E1701F835292e4,no-name,,,,,,_
0xA4b87749b143b13F58922135a99e2D6c48Dd32C2,no-name,,,,,,_
0xA53b9b044bb919Db3E06a35d57A06d057f3e0424,no-name,,,,,,_
0xA635aE0ab1298CDAEe6749823078fB4238F4Cc40,no-name,,,,,,_
0xA63aD6707FED5eeCdFec1ABDA5F412FC39C1139F,no-name,,,,,,_
0xA667F7c9F8D9E7F54814f312aE42d08A31154889,no-name,,,,,,_
0xA676DD063114D1b32c6b9F6dcfCd4Bea81081325,no-name,,,,,,_
0xA7e3713d9fBeeFf5AA1ea416bA9dF933bbe8DbE1,no-name,,,,,,_
0xA87D9fCe01D66b54E3351D94e25dd6032628CAaa,no-name,,,,,,_
0xA9C5829F7eaa065239E5A923AEf64924768323F7,no-name,,,,,,_
0xA9Dac569e85fCfc68F978c86B8eb121F35F9Ded3,no-name,,,,,,_
0xA9F801f160fe6A866dD3404599350AbBCAA95274,no-name,,,,,,_
0xAA3918D28c0e75DaB344889694bce21A69598f6B,no-name,,,,,,_
0xAA6e94908C4b2d020ef5f92BCa529dB958Df106f,no-name,,,,,,_
0xAB1A9b59cadafae90008F4E8Fd5d073FDFdc5Dbd,no-name,,,,,,_
0xAB24cD33766da327eCD4Ec9E46e2e7Ba72CDA783,no-name,,,,,,_
0xACf1351BF74EA3e668cCD9a451884BcEF1296dAc,no-name,,,,,,_
0xAD1Bcecbe23BF97A781094438C359650e5Ed7560,no-name,,,,,,_
0xAD977B3458779CB27b2066BE30b84d5B5dDf5A8a,no-name,,,,,,_
0xADfB36Ce9fF4e514dbd8d1760599fDDCFC568921,no-name,,,,,,_
0xAF6dF2Ef65e7B52Da7a75Ab35F39C1684f659dF9,no-name,,,,,,_
0xAFe4eb0f65f94e1bAE3c31b0F1DCA72bc10b36aA,no-name,,,,,,_
0xAa30F96F7576fdb195142b3D8EFcF7cF712e1591,no-name,,,,,,_
0xAac6348866DdCeFE551eBF70Af5969594CF90Db3,no-name,,,,,,_
0xAb2162AB3d9d5486A881AD02a1843FC2f1b28323,no-name,,,,,,_
0xAc355D24591C01ad44F8da36ec7629d275a2C6E1,no-name,,,,,,_
0xAc577ecf648d8B30b758bd9cC0E1e91Ca2aA1DAb,no-name,,,,,,_
0xAf31604f0a88f7fceBc7D4CF4DD14653f4a6773c,no-name,,,,,,_
0xAfC423fE1F2Dd394ad07E2Fbe4410eab4895fE85,no-name,,,,,,_
0xB145D37BB120501Ce2083b9E077982bA6123D849,no-name,,,,,,_
0xB15fE5a123e647ba594CEa7A1E648646f95EB4AA,no-name,,,,,,_
0xB1Ad803ea4F57401639c123000C75F5B66E4D123,no-name,,,,,,_
0xB1eb96f752C624DC784D80961A1aCcfAf348C923,no-name,,,,,,_
0xB1f2b7220840502AaC99A3507b4948B66EAA3c99,no-name,,,,,,_
0xB225E6788f6C976834e88C11d948a9b01A93eF11,no-name,,,,,,_
0xB2eE4ACf44b12f85885F23494A739357575a1760,no-name,,,,,,_
0xB30A38FAe3730863B5A17a7D5d935065f96e9552,no-name,,,,,,_
0xB341E3B4034236B6A9Af137E01986Cf846733173,no-name,,,,,,_
0xB3707eABedf0e9DaF1B9d91B881e05dd69BF0CE6,no-name,,,,,,_
0xB394114456D3388a329230ab1D98cee2d35EE5b7,no-name,,,,,,_
0xB39A1a54acad320CA64AE671Edb05332595eAA11,no-name,,,,,,_
0xB3e5B75D085085d1B5C572f34c9BeAFd7f67129c,no-name,,,,,,_
0xB3f998F70F0A99Fd11902Dd238B3b92156040ca0,no-name,,,,,,_
0xB41a843673347Cd32d3196c94208E2F7A0145DBB,no-name,,,,,,_
0xB46c13832c0EFF17f94C4867A970dAcD40a99590,no-name,,,,,,_
0xB47fb2e7e0099bB708a0a09a050Cd1F61d8A1b28,no-name,,,,,,_
0xB4959bcC38F34DDB9cFD95d4935b18AFd5bB4817,no-name,,,,,,_
0xB4A8f835833f890cDA849Ade2e1fcd6575Cb16E4,no-name,,,,,,_
0xB528a83728C3a16F28E6A59821B313Ad837eD66d,no-name,,,,,,_
0xB565726e2e44e4aE9e3CE750fc4ba8fA65e701e0,no-name,,,,,,_
0xB57D88C2f70150CB688Da7b1d749f1b1B4d72f4C,no-name,,,,,,_
0xB66E4dde0d884c88192Fd5B1274a98F9d8959A05,no-name,,,,,,_
0xB694A9ee2EED5DC6D58599a25874Abda504fA60A,no-name,,,,,,_
0xB6FDED59907f68Cbc8031Eaf7FB04C2403Fba227,no-name,,,,,,_
0xB725063E30C3997938Fc0E907F86bc35D07DF058,no-name,,,,,,_
0xB7545e63fb587a2aD4a4700eB02668709bda2d08,no-name,,,,,,_
0xB7dA39352Aa33cdd6E82fF3138DF4bfdfCE814cB,no-name,,,,,,_
0xB883A8b06adde298774fEA3E6F6Ba2675f07949a,no-name,,,,,,_
0xB8EB35Ac00c219571bc441f7cCfF80Df9af85A49,no-name,,,,,,_
0xB919AF95F358c8EcA0bAFC57Ff5296B620128d11,no-name,,,,,,_
0xB98fd93Fb71F946eFF248C5088E407B11443961F,no-name,,,,,,_
0xB9A4d5F5F0349F4148DCdb45765de633D6AAb291,no-name,,,,,,_
0xB9e0FC2a1C9d567Af555E07E72f27E686f2c6872,no-name,,,,,,_
0xBC466996856B5412d582d3bBdc746B397A629Ac9,no-name,,,,,,_
0xBD37ae6c4D37fb5AB14C656f96AB9910289e500d,no-name,,,,,,_
0xBEC6663703B674EAB943CE2011df4c6cf095642E,no-name,,,,,,_
0xBFbcF2059f5436167459ed802489e69F5b41dEcf,no-name,,,,,,_
0xBb2AC7e354C2B95Ffa58ede51832a443129BB51f,no-name,,,,,,_
0xBcB03C4b10F04e568Abf88Df136F579038DD0eF1,no-name,,,,,,_
0xBd0859bE5Dc147D6900Ce693f09d7E561f19FF78,no-name,,,,,,_
0xBd3084e5bA67BBed7ECf95a516Cf58C0250bc650,no-name,,,,,,_
0xC024AcB9141d17C960F8E9c6aeC9EE23a7a4939D,no-name,,,,,,_
0xC0bBc0ebafF235315e2CB15674Ef925b64c4822b,no-name,,,,,,_
0xC1415827CE9D43fd58349cCbAA189BC58fC21d8F,no-name,,,,,,_
0xC19D40A3659520c11FBa9D37599CD945EB6F9fad,no-name,,,,,,_
0xC1D54584c9c40a5403F6b20C54Cb6E611a3CA59d,no-name,,,,,,_
0xC1EF465527343f68Bb1841F99b9aDEb061cc7Ac9,no-name,,,,,,_
0xC2EE4954eA6E5164FA4aB8AF4d326F6398c23299,no-name,,,,,,_
0xC334A57b5b805FcA840E23EB126a3531c0B2a649,no-name,,,,,,_
0xC39D73FCa64D4FFe2C78Fb17e61B9C8489f7c5Fb,no-name,,,,,,_
0xC3aC10385BA8Fb5cedD8519059767D28DD52664b,no-name,,,,,,_
0xC3dedF8FaeFb7a3dda8014c66E61a05bF9037d6F,no-name,,,,,,_
0xC48dCe601d09796B554FDa45a1d28488F4AA3731,no-name,,,,,,_
0xC50a678424de332C1ba1CDc069B40cCEeD6C1ad9,no-name,,,,,,_
0xC56C90c42948CB1d43148877351495CAb4d1Cd0E,no-name,,,,,,_
0xC5876F91149f791b43b6B59073Ea49E62E027c7c,no-name,,,,,,_
0xC67a50adFbDD3C8ce6157cd65360047843541175,no-name,,,,,,_
0xC6E36b93FC34Ff4eF6Aecc72771E88e57Ff8C4aa,no-name,,,,,,_
0xC6f988e3851837A091b3ea1659Bf70c8C3a0fD03,no-name,,,,,,_
0xC735ba2f48CaFF798c3A4e9E22CdBF62fF804fd0,no-name,,,,,,_
0xC77adD231Ef94CA78968Aa6CE7e4f4474362C544,no-name,,,,,,_
0xC7800586CF0A3F0d177318Bdfa628BA9da705d76,no-name,,,,,,_
0xC789Bc5FD3941Ef07205F2Ee4Fa99AE0BE1DB85A,no-name,,,,,,_
0xC7A5B1eF756B92373d320D13f0F775849358C4Ef,no-name,,,,,,_
0xC7D07f6fFbB0b9AFA300492BEd1f6f0cD22809d2,no-name,,,,,,_
0xC7af99Fe5513eB6710e6D5f44F9989dA40F27F26,no-name,,,,,,_
0xC7c11eB6983787F7AA0c20AbeeaC8101cF621e47,no-name,,,,,,_
0xC886d9b4DE5f9B5578FABd9151571f5fb8869d9D,no-name,,,,,,_
0xCA4951c283f5f5Dec8DB8E640e3f66F073cd510b,no-name,,,,,,_
0xCA53E73938B5A3c484331b50D9f67aA7C878ac76,no-name,,,,,,_
0xCC1CD2dCc2c48638f7A97a3a460C652A205433eB,no-name,,,,,,_
0xCC70741313254E83fe697A964D4f8971f5BA21B2,no-name,,,,,,_
0xCD9DEd80a31cF28aD079743eC869Be47aFf98D45,no-name,,,,,,_
0xCa577378BB259B0A28ac58a5A0b48aCd58dA2C7A,no-name,,,,,,_
0xCb46b40def144e355064d729D0e72DFEA80383a9,no-name,,,,,,_
0xCc92a4462761134C00b3e16A9bd6cE8bFAD387B0,no-name,,,,,,_
0xCe5c603C78d047Ef43032E96b5B785324f753a4F,no-name,,,,,,_
0xCea7E9834f597dc571fCE84c2d931d29D094F0a6,no-name,,,,,,_
0xCf2f1d0ae77b7d6EC1e5961978dbFDccE6f007F7,no-name,,,,,,_
0xD01bfd92582E707058f39c32Fa909ffF16C1D9ea,no-name,,,,,,_
0xD0A17F2501c20f5018cD1154aF7DfdED3B3A65bd,no-name,,,,,,_
0xD113244B9049943D4bc6fEf3048d24EDf92dd788,no-name,,,,,,_
0xD11797A6FBeb97E388b1cE73bC40903508a0AB3c,no-name,,,,,,_
0xD179eC967684Ac26E564198D5b89ac53965B91df,no-name,,,,,,_
0xD1E7904E0e40654E4F78355acb85304504d27641,no-name,,,,,,_
0xD1dd24D4bcBA675Ee2C2d7ed841A2d63ed9654A2,no-name,,,,,,_
0xD27BF944e944a91836AB6aC8f736339c4Eb3bAf6,no-name,,,,,,_
0xD2Ee82Eaf419E71Dfca38b524AAB589A0800acf8,no-name,,,,,,_
0xD35E4FE28013Ac08E057042E7f806f174FEa2b26,no-name,,,,,,_
0xD3D72bDd70c2a1DBc3fF6556a8c5f1d0d3a92B7A,no-name,,,,,,_
0xD3FBe96F1a1264C0C20099747aeF15b28d571e01,no-name,,,,,,_
0xD4BB1A23145161B943DaFe6ca64FE7d03eF486fC,no-name,,,,,,_
0xD51fc46E0b22A6ddCCa5f7716A4edD14E97f94dB,no-name,,,,,,_
0xD534111478E5cF4BB8806972d1352Fd52837b68e,no-name,,,,,,_
0xD553E590E105f5BD6720D92cf9Edc4c2c305f6EB,no-name,,,,,,_
0xD5BbAa87edd1B8f4C31efb22641ec3D432E06EcD,no-name,,,,,,_
0xD60CD22c3D417065878981b2Ab17cECF77086D2a,no-name,,,,,,_
0xD68cB2a1f51171c295cAC3a7D27C15068922dE8A,no-name,,,,,,_
0xD6a36640E10DB11e78fE2AE452c0787811e36A02,no-name,,,,,,_
0xD759e3a9f425d64c00b20D756b6F7aD6053B99F5,no-name,,,,,,_
0xD762e6906f0D96043A661b06f9430D3129186f41,no-name,,,,,,_
0xD79416e9bdc8864b3bCD86A76ab9E8eD170e2e2C,no-name,,,,,,_
0xD7f21117EA7F137E12d89B16aDBf683f71d72C9C,no-name,,,,,,_
0xD7fDC3818A99DF8c1AeAdeD49C3A22b8fd970a5E,no-name,,,,,,_
0xD85f7bFD410c90ed2978cC8EF80eA1634636eb54,no-name,,,,,,_
0xD869Dd1FA98896EE51791a1ffF49DF2e34Db1a89,no-name,,,,,,_
0xD8C2583507bFcd9AC5d4CE9360aF7FeA2c55832F,no-name,,,,,,_
0xD8D35869B4672f529922ED9AdbC45bc783670582,no-name,,,,,,_
0xDA25e5B939643a51375eEe932aeD11b92A9Bc003,no-name,,,,,,_
0xDA4C0f8f17D8dd536DA23f8942758d6e7cb72D27,no-name,,,,,,_
0xDAC8da3e58c11B4e0E8DFaeFe191107e143AC29B,no-name,,,,,,_
0xDB63D40C033D35E79CdbB21430f0FE10E9D97303,no-name,,,,,,_
0xDBD5f2FA4ab9f59feB26612a2A54F1BF363FAdFd,no-name,,,,,,_
0xDC4dc40c076691ED2050319E8f8Cb16eA56D5D59,no-name,,,,,,_
0xDC8DDC224BCDDEeE6D3695F41554C8cbD4091Ef2,no-name,,,,,,_
0xDCa27B04C00f47D5a2472f55f7116BDd17320F70,no-name,,,,,,_
0xDDEAC1D37Ff4c3423fc6E6426815caf16bdD900C,no-name,,,,,,_
0xDEa4c5c25218994d0468515195622E25820D27c7,no-name,,,,,,_
0xDa5D135B0f508adeEADCc99f5e27081031fb725A,no-name,,,,,,_
0xDaB1A3ce562eEa1959bCAfada4450752B6129144,no-name,,,,,,_
0xDd1AC79EFafBe76F75cE46231525EcA0a6cef342,no-name,,,,,,_
0xDd32eEa5Ed0d2611EA7fAd96D664e9619B6382cD,no-name,,,,,,_
0xDd40b5a5b00D8913F3E1D6bb5cbbcd18A956b215,no-name,,,,,,_
0xDd8a7295d2Ea1A9D492631b8e8e3D36ec83123DB,no-name,,,,,,_
0xDe8faF11e8cAbCFeEA67270CDec67489383F38ee,no-name,,,,,,_
0xDeda0fe6fC7A64c3a200C5612b2E99dF0E6Ee453,no-name,,,,,,_
0xDf387b743A1Bf1679D9A8A69bAA34213D4f4a902,no-name,,,,,,_
0xDf4afDa78FE045d0Cb3CEDf8cFb3cc6634AB3250,no-name,,,,,,_
0xE0645704ff1B2A9320b3ebe46593DEBbfe417fb0,no-name,,,,,,_
0xE0E1a37a7eE3d3FfB341DF471637Ae108a0610AE,no-name,,,,,,_
0xE0c21b3F45fEa3E5fDC811021Fb1F8842caccAd2,no-name,,,,,,_
0xE18c9465e6Ed5cb3C58A316B990E0d17Fb946eca,no-name,,,,,,_
0xE18f9f1B9f07fDe8CA4801EB41f16e4b0A91c38F,no-name,,,,,,_
0xE197529709D7cBaf31756C6d9B8742718E17FCA5,no-name,,,,,,_
0xE1a6b457841eC3201a541E823b916BBd0885e1Db,no-name,,,,,,_
0xE2EC7cF6BBaE29b928238a37A7E66dBc4Dc20794,no-name,,,,,,_
0xE32ee8EDdd2Ea56dDE0f08d0Ea3d11EA219E15DE,no-name,,,,,,_
0xE347C064D8535b2f7D7C0f7bc5d6763125FC2Dc6,no-name,,,,,,_
0xE357B7fE05deA64774864a551b02075CD6a2d8Ff,no-name,,,,,,_
0xE3A654B7cD8FA52F01a1F01dec794719Ba53C1af,no-name,,,,,,_
0xE3cc697219a23cdc24df5A3b7f35497B8f3f153A,no-name,,,,,,_
0xE3d1Fc1bcaf8BE1016c0ecA950f585Cdc11E5882,no-name,,,,,,_
0xE3dc86d70F09047dA4131b599b9AAaFdAf68B528,no-name,,,,,,_
0xE403fD53eb2Ab7735dF442191f9A03DffA459e6F,no-name,,,,,,_
0xE40c3374a3657F1d81279e6aC5B69f4a8d6ceCF5,no-name,,,,,,_
0xE4B9B539f047F08991a231Cc1b01eB0Fa1849946,no-name,,,,,,_
0xE4F4C979738F84d9DCd204E94a94750608dFD184,no-name,,,,,,_
0xE4bC209dDDd834A752892A803be9108b3F774573,no-name,,,,,,_
0xE56C8FbC5D4B522239Ab7c3F314A08B612b3EE5F,no-name,,,,,,_
0xE5b340F7E4b11eAE96D7047e8Bc9322f96093402,no-name,,,,,,_
0xE5cfF4DE133f7c23898Ce49dad5a3715f507D85d,no-name,,,,,,_
0xE6055243F0dEd60120bEec682ad247fE109f7Cc8,no-name,,,,,,_
0xE61CDE6755F9d6Ae7225b7990aE20AAfC0aF0336,no-name,,,,,,_
0xE6263958aa093eE8201B420F600f8e9A48ECc7F3,no-name,,,,,,_
0xE631C110CfD301b0FAA45A3D9fF597EE6E5ab756,no-name,,,,,,_
0xE674746A7bc6f53EB48caEd0c810C669C705caD2,no-name,,,,,,_
0xE6a394aaAbA71ecaA13C0cdED7E21CcEDa13F6eC,no-name,,,,,,_
0xE743b591A9fbF593Ff2214c4B3B7c9Bf1122431A,no-name,,,,,,_
0xE746F3Be8C69b05E3cA38760f1Eb8c55d24Da2c9,no-name,,,,,,_
0xE7dB56E4A5683307e094586E5792564838Dd9233,no-name,,,,,,_
0xE84D332c585959832aaa532B44A785ef77a09f0A,no-name,,,,,,_
0xE8C5E942B76099C0C6D78271BAd3ca002fA7c531,no-name,,,,,,_
0xE9A0025ccc638c44A4e8FC7d4a749b2F3FB2465c,no-name,,,,,,_
0xEB4E41143AaA24D57fdD9d2F94De01f8a98849D5,no-name,,,,,,_
0xEB9951021698B42e4399f9cBb6267Aa35F82D59D,no-name,,,,,,_
0xEBaa1766C577A1EA5833F0502BD9984aeF22C61F,no-name,,,,,,_
0xEBb1C93db9c9A46352369c1Ed940A5BC75c13D38,no-name,,,,,,_
0xED8d69161ED6e41ab398A1B1F2690A0fDD09a2A1,no-name,,,,,,_
0xEE97c0e0bCb326065432db2c2230Fab369A0A1B0,no-name,,,,,,_
0xEF0F5D9A8435E217038d6417670013Cc06aA5E38,no-name,,,,,,_
0xEF650B86c56519826664e20198EE8211616619dA,no-name,,,,,,_
0xEF68e7C694F40c8202821eDF525dE3782458639f,no-name,,,,,,_
0xEFFDE26234caB40B54af9E28268912da42C1c975,no-name,,,,,,_
0xEa450e48e8d0DA4332516a12C63c2232450Caf6a,no-name,,,,,,_
0xEccc636A5F6aeE792f509dAAE43ef68934B062A0,no-name,,,,,,_
0xEe3DFE33E53dEB5256f31F63a59CFfd14C94019D,no-name,,,,,,_
0xEe4b7e6bC34A9f8069f910C6AC71dc294263EB26,no-name,,,,,,_
0xEe61d0f4d7da6953B4e3CA62cbE10c16045b6a67,no-name,,,,,,_
0xEe9704a1D61aA2C1401e2303Ac7E1f81c29ED860,no-name,,,,,,_
0xF063C5e8033E425188F8764B11598fe10F991e5E,no-name,,,,,,_
0xF10FeF19e61ef739A9D2D60c520723023F7Bf7fb,no-name,,,,,,_
0xF1224514aeb298dc7402948452245A16A1d1886B,no-name,,,,,,_
0xF17eFc894429aE43572EF2B6ACC1a90a6296a4FB,no-name,,,,,,_
0xF28460e6C571F1D1e481c81dD84973F9B00E1B7B,no-name,,,,,,_
0xF2B7f622bBD7edFFCA61a74FE9b6efdA54F40a76,no-name,,,,,,_
0xF37225Ba04d708fDC875148C81237323c75B93Ec,no-name,,,,,,_
0xF44B800999BF10844E10530587b4878C94f0E73C,no-name,,,,,,_
0xF4e8Fd3BE4234cE6244Ea50FBdA501ea7bCf2F9c,no-name,,,,,,_
0xF528d0e1e11edEe40Ca3724bd9FD923Bb0235CC3,no-name,,,,,,_
0xF53900Aa32417EBB42cb182E08e0A7791da4fc7c,no-name,,,,,,_
0xF56D525CA3Af849De951D71d6783E8C8d1E76d07,no-name,,,,,,_
0xF5AB0E74A8aB55f736a1954c4716E9669Ea59A18,no-name,,,,,,_
0xF5b59C107F3F7b1c2a7C3D09234bD0a055Ad8d55,no-name,,,,,,_
0xF5f01f5Cc75B29c277Ec4Ea82874bc443c4167b0,no-name,,,,,,_
0xF61b69A1961Cd0d7E0422F3E8A7aA09d1bAd01F8,no-name,,,,,,_
0xF6e4167819ED8Ce74EC6eb7e8854A6438dF17002,no-name,,,,,,_
0xF711233A0Bec76689FEA4870cc6f4224334DB9c3,no-name,,,,,,_
0xF72B40428da39CC252F72D91F83C33854917C88c,no-name,,,,,,_
0xF7D24C5E3dCaA07F942F1C307361cDCAAcc3E05c,no-name,,,,,,_
0xF7f6c2836293A661bE2690FBaCaE97F3F027e9c4,no-name,,,,,,_
0xF803646439B5Af31382e9AcF9bfe378f3D7D2E15,no-name,,,,,,_
0xF8559183EF711B4F42873d96eD66bCAd29F13E11,no-name,,,,,,_
0xF87DD8cB684EEECC41FE2F490A085fEDD51a4857,no-name,,,,,,_
0xF8Bc643A72E0b0ADA3eF8F69c78fa5C38658d4af,no-name,,,,,,_
0xF961Eb0aCF690bd8F92C5f9C486f3b30848d87AA,no-name,,,,,,_
0xFA30A0fc2b75d5eC572Da0811B6d90A0d1D0fD4A,no-name,,,,,,_
0xFA69B360a33acebA81a6Ff762150F25B311cE039,no-name,,,,,,_
0xFA8b08dA751303d320670fEBCb9b418cf2d4C226,no-name,,,,,,_
0xFB7Aa013425B762cF2D8FEFd05F3CD4B9Ab3Df11,no-name,,,,,,_
0xFBE2fA4d1EFf72d1c0E7e06EC731F44a85fC76ec,no-name,,,,,,_
0xFE291408Fa88252b70b34A054748d4F5897B82e0,no-name,,,,,,_
0xFE5cCf35b40e2533FBA7a0E17c2763b9543Ab608,no-name,,,,,,_
0xFEf736CfA3B884669a4E0efd6a081250CCE228e7,no-name,,,,,,_
0xFFB73eA8Ecc96307D99B194051314204a2E38d51,no-name,,,,,,_
0xFaB494bf3A1A314Df49EcBfE4301DC2E51674816,no-name,,,,,,_
0xFbAdbf0A1296D2da94E59D76107C61581d393196,no-name,,,,,,_
0xFc46db6DEc302A649DEe1B5b0E23DB305e1Ebc8e,no-name,,,,,,_
0xFdf408FA7D49D5e5dC67B85FA11f43B6Db78b2Aa,no-name,,,,,,_
0xFe53D681D34CF379782d25AF69990F6A707D30d8,no-name,,,,,,_
0xFec769e54c266de2Bc3Fa5df7D9f0fe2a1e39461,no-name,,,,,,_
0xFf4B417892f3cA1678A288CC6296a7094bF98F0b,no-name,,,,,,_
0xa1479c94aDdfee659A9A859149F2Fbe24cE56914,no-name,,,,,,_
0xa17f2bc6b11b4Dd60ab38C94E7784634646749c9,no-name,,,,,,_
0xa2B9Bb1A44c05560399df4779De7CDacF10185E1,no-name,,,,,,_
0xa309f49aa8505d0c6F7b5A0a4Fb4f3604C9E8926,no-name,,,,,,_
0xa3958375Aa3B1494faE8D53dc4a074232801bBBe,no-name,,,,,,_
0xa39c41822dA7Ac313A6cA84157525A3BaADcFf7f,no-name,,,,,,_
0xa42Bc6227ddE3962a4950A59F3c2FC6233A30Ed0,no-name,,,,,,_
0xa46AeFf63F9B7a2d50f7687927047756df216434,no-name,,,,,,_
0xa48153c9c9a7Ae5cC258fEED365E560CBedCb0bd,no-name,,,,,,_
0xa4d9D0DB195DF608cF5C14F8d8BD7beE9BDdA987,no-name,,,,,,_
0xa541EA1B66b1660fE8092BB051b61b5D254Ab775,no-name,,,,,,_
0xa5Ca78D849Fa2B1cd4F37E81e99f6c5cC6c92A7e,no-name,,,,,,_
0xa5aFe03f5B46007277E448975DeCa255a85b2cb0,no-name,,,,,,_
0xa5bFD6CCA5B36c540cb10c16A5732CEd8916f6a3,no-name,,,,,,_
0xa7ff20154FfEaE7578f3BAe615AaF094D39d71cC,no-name,,,,,,_
0xa8C7F56C90B20AfAAE9f7A006Ca2DF1DFBA56279,no-name,,,,,,_
0xa9aD24633C93eE78F4c2BF9B3E9128cBC0269717,no-name,,,,,,_
0xa9b85cF72ab3E94799270710149baf19F2cDf014,no-name,,,,,,_
0xaB342fD5c681A6553ccE46a7d2021493d4FA14Ce,no-name,,,,,,_
0xaBeBf8931C4fFE1b996398d6cB3e86510726E713,no-name,,,,,,_
0xaC0179761Ac1e385b8Fc58E20943dfD5d052A50b,no-name,,,,,,_
0xaC31924B7e27B063E1ED4E3d7234a1E4Aa32D81D,no-name,,,,,,_
0xaD111a1D34045dF921259FF91F8096EeC1afD7A9,no-name,,,,,,_
0xaDA83270510b6284e27c757096d660F0Fcf6A90b,no-name,,,,,,_
0xaE6D4920B24a28e47e04351455baCED95F638D9E,no-name,,,,,,_
0xaE93464D54BaaAf08Aa0D086D4AB9b372465dC03,no-name,,,,,,_
0xaF8E12A3c9C64D845Ff7c1FB7f724573c600ED8d,no-name,,,,,,_
0xaaBE002cBE21fdF90D59354F6b3d3F3e0B4C3698,no-name,,,,,,_
0xaaE6986f19B0aA082fc3fbFBe9335E9901CD3f88,no-name,,,,,,_
0xaaF7d4CD097317D68174215395eB02c2ccA81E31,no-name,,,,,,_
0xab2B564EE0c872A7a3da5C9C21A7a14ec0f74084,no-name,,,,,,_
0xac3894e7504D0353caE797ba565076D4BA9487aa,no-name,,,,,,_
0xacE62F87aBE9F4eE9fd6E115D91548DF24ca0943,no-name,,,,,,_
0xacEd90c414006b622A4b1Ce74fA34b1f650ab319,no-name,,,,,,_
0xadc82b35E5c29baBfB0023cDF837F361d4D03848,no-name,,,,,,_
0xaf7d69fC8A14EB37AE07dDef4B209D157CBE4738,no-name,,,,,,_
0xaf7ef25C997A5121459122308a84A032D4A16868,no-name,,,,,,_
0xafc539a8de3C4c269FA30EAB9fA974C203562f25,no-name,,,,,,_
0xb04a6089FAB9691C3Ad9Ab72974da30246F1046F,no-name,,,,,,_
0xb07097789653CF09322Bf03D4F12b90635cF721C,no-name,,,,,,_
0xb070E5fee9C0442066405bc45662c84fa6d2C06A,no-name,,,,,,_
0xb0a00896F34655EDFf6c8D915Fb342194c4a6d48,no-name,,,,,,_
0xb12C94a581Ed60802Fc6Cd494532487AFAB70C86,no-name,,,,,,_
0xb12c6F3dC4a63ed5C070E68d9641390BB3895Ab6,no-name,,,,,,_
0xb1690C08E213a35Ed9bAb7B318DE14420FB57d8C,no-name,,,,,,_
0xb2236D432DCcCd693D53Ee3fb57AC506087bd831,no-name,,,,,,_
0xb3066179397E0c85F6e302dda17d14E7F03E3FdB,no-name,,,,,,_
0xb30f000409DAB8DB70761c8e686888e773eA6093,no-name,,,,,,_
0xb404Cf613827B4d2BB2125E78492de825FaD1eaE,no-name,,,,,,_
0xb4Cf9076E75c4ef1d2572EB43c540Ba97F89a37b,no-name,,,,,,_
0xb4bBA71E32C3628f0896639da4C5364519A8CA08,no-name,,,,,,_
0xb565892f839ED2B0aA48eFa7c952B213EaEd3166,no-name,,,,,,_
0xb589Ef3af084cc5Ec905d23112520eC168478582,no-name,,,,,,_
0xb59fDfF77a6175DFA4fE7aF4281a52f61611eAa2,no-name,,,,,,_
0xb5A5F22694352C15B00323844aD545ABb2B11028,no-name,icon,ICX,@Binance@Bithumb@COSS@CREX24@Cryptobulls@Cybex DEX@ForkDelta@Gate.io@HitBTC@Huobi@Idex@Koinok@LATOKEN@OKEx@OOOBTC@Radar Relay@Upbit@ZB,400228739,18,_
0xb5ABDeb81161ff05E1D5C018c929B297a47e229B,no-name,,,,,,_
0xb5c75e1AdDD0097117496496A046186d15bDdA8B,no-name,,,,,,_
0xb6951dBA8D2aA5156440bcc4ba1AF82f12C55159,no-name,,,,,,_
0xb6b2AAdDdbEF17d3A2E67d2E1E321a394176784A,no-name,,,,,,_
0xb746Aed479f18287DC8FC202Fe06F25F1A0a60ae,no-name,,,,,,_
0xb7796c4F483d90a13625aDF9c3c9C15513FaA237,no-name,,,,,,_
0xb83AfB8d185C7380AE003cdF778aE741438b9541,no-name,,,,,,_
0xb8789ac777710Ee56E9F8c4bB3Ff67a8E436c34D,no-name,,,,,,_
0xb898Db748E294Bd4A08dc17F82fEa24a6CA31505,no-name,,,,,,_
0xb8E392da7aBb836CfF06d827531A7e5F1B00BeD2,no-name,,,,,,_
0xb9538E1c5dcf080A77e155920D669b849278Fd72,no-name,,,,,,_
0xbA2B246A9764D477C55005c9BedCD00296E093a4,no-name,,,,,,_
0xbA5787e07a0636A756f4B4d517b595dbA24239EF,no-name,,,,,,_
0xbA61Bc2fA4E1a424ED707B9DF333e295DCCfD050,no-name,,,,,,_
0xbA71B32e71a41339Aa4CEAa79528535AEFE488D8,no-name,,,,,,_
0xbAcD554538c8037545098A36361f54C4E1d0f94E,no-name,,,,,,_
0xbB0002850a8B3f7CfFeFbE56804Cf864332039d6,no-name,,,,,,_
0xbB0aaa4413263240C57e14f0f8919c82C5Fe62C0,no-name,,,,,,_
0xbD47dc21aeDdD58985aC1133aaF7B72EB3Be2af3,no-name,,,,,,_
0xbDd813fBbde7821128037F1FFB2cc33400e05A95,no-name,,,,,,_
0xbEea0cBD80bcD2E84600344a1412ef3b25091897,no-name,,,,,,_
0xbF5EC0ad2f5EA26530C70DD534d6c82A91e56da6,no-name,,,,,,_
0xbF7c350591FfA4907Ce2Ed40A6A7e011F368d5D3,no-name,,,,,,_
0xbcAf3d736343447464Ee6aCDf03EE84Ef4c39F61,no-name,,,,,,_
0xbcc1aa3bfc13C45DF272ef2B99cA87248B0dA952,no-name,,,,,,_
0xbdEB4b83251Fb146687fa19D1C660F99411eefe3,no-name,,,,,,_
0xbeD45823677E242081F97e2A7C8422f0d9d6B006,no-name,,,,,,_
0xbef44157A4AfbfCce76dB29353b6c103A03ed803,no-name,,,,,,_
0xbf2000B42c1bA2Eb9e5163a0B7e2Fe987eD124b4,no-name,,,,,,_
0xc0FFeEE61948d8993864a73a099c0E38D887d3F4,no-name,,,,,,_
0xc14971b19a39327C032CcFfBD1b714C0F886dc76,no-name,,,,,,_
0xc2C7c5f64c2E3042852fb6Cbc3CAF9Ea1AfC018b,no-name,,,,,,_
0xc3677E2e0b65D321d0788511A6c34baa0dfB99dF,no-name,,,,,,_
0xc36b7ce1BFA6981A56fF72a63D32bc4371921a69,no-name,,,,,,_
0xc45865B235a7C6693B9db5FED46Ea8A3022D9B07,no-name,,,,,,_
0xc6C09Ae980b3d029DEB7419fA1B7859DCe7186D0,no-name,,,,,,_
0xc6b330dF38D6eF288C953F1F2835723531073CE2,no-name,,,,,,_
0xc7d020d8C92D099B3ADE17321310b4815eF20A90,no-name,,,,,,_
0xc7d08D6B91385aE576de090FD2e39b28A46d9e94,no-name,,,,,,_
0xc88b5279ECD8d4b1C973BD4531Fe75a8cC635ea3,no-name,,,,,,_
0xc89b7C5FA3888612CA7aFE29248464aA804d55B1,no-name,,,,,,_
0xc8C33FdfB77352C8fFcc9722F429a63E47D57d57,no-name,,,,,,_
0xc939a768bCa271E0C69C2C530a8c20dC1cfb60bE,no-name,,,,,,_
0xc9f797dde181539D58Fee31826a0508a1fA2a889,no-name,,,,,,_
0xcB6Ab9C6FBBc955e25F916f66d5D807a2181bDF9,no-name,,,,,,_
0xcE59d29b09aAE565fEEEf8E52f47c3CD5368C663,no-name,,,,,,_
0xcF3dBc9dcaeB6936B8cEFBf9f81B655651a92485,no-name,,,,,,_
0xcb0927227B6AC89440Cff3ff8f7ab599D81fd314,no-name,,,,,,_
0xcb175d863408743E42d95aA67CC53fd0B68F87ae,no-name,,,,,,_
0xcbA9E9B6079468218F8FbB311e9B8432f764c0F5,no-name,,,,,,_
0xcbBCdcb3C44fb457F64c81084eb3Ae1b96103eDE,no-name,,,,,,_
0xcc1067B8D16bce222B6bb44EB28feC3879d79E81,no-name,,,,,,_
0xcdb8Ad9a0ec69e6B4F99204Bf6D66709eaBB917e,no-name,,,,,,_
0xce75E5Aa182EE99eA1BE60aa13b3F2eed172730E,no-name,,,,,,_
0xd06aC965293fc1a85A26b9c887BeDC6F30B637c0,no-name,,,,,,_
0xd10e893B4d75F266407C23FFDD1C12482cc84D09,no-name,,,,,,_
0xd1CbF6ABB00671E14A788B015F01567A93fA86ba,no-name,,,,,,_
0xd1b4fDf2fdeB790df015bf0b74BF43253b9AC2dA,no-name,,,,,,_
0xd23E9Ff1280Fff36FDC4aac8d809054c681C4052,no-name,,,,,,_
0xd26Cf449115771937Ea15de8B870AbA6dE7245b8,no-name,,,,,,_
0xd2Cd43c4f6a6Fa7BDFA44Ee5BC486bAE34f9A2Aa,no-name,,,,,,_
0xd2c321dBF4DA7510249Bf0072292436572009bAb,no-name,,,,,,_
0xd318914b05ad3C4bE34e71e02D4fAb8Dbf66Dc57,no-name,,,,,,_
0xd3Fa03c67cFBA062325cb6F4F4b5c1E642f1cFFE,no-name,,,,,,_
0xd48846f0a55D380C14C5f0b8Ca62B0b665a1e709,no-name,,,,,,_
0xd4AF09F41C674141e9F8c1ce2883F08ECAfd6649,no-name,,,,,,_
0xd4bC389B96450aEaE23662BF7e5E4fdadEbC98C8,no-name,,,,,,_
0xd51e852630DeBC24E9e1041a03d80A0107F8Ef0C,no-name,,,,,,_
0xd546551924a883B604d4127b0Af309C95Ba9BA6d,no-name,,,,,,_
0xd54B1416F9C20685Dc807D66800074bB9C01b3D7,no-name,,,,,,_
0xd57114Ab0759C503Cf55686001e680De8A447801,no-name,,,,,,_
0xd58D65fBB5C23c632909193DC4076801AE4DC250,no-name,,,,,,_
0xd5b0915315d9B2f14bA40f132dEc1a084DA41E7E,no-name,,,,,,_
0xd64b92a327A84a38CCEAE1e004102606cb20471b,no-name,,,,,,_
0xd65180DA4d259B4f63984DBdafBC6866f0589379,no-name,,,,,,_
0xd6adC5e386D499361CcC5752F791b45132E7e6e4,no-name,,,,,,_
0xd76476870FD3ddBd0765cDfF0AF43a284D1946d5,no-name,,,,,,_
0xd836715f1c6a249237Feb47fa4D4186591DA0f22,no-name,,,,,,_
0xd8444e581e288AECb2DF4b442d19C2fAFB3fd11F,no-name,,,,,,_
0xd87C91884f5796E7B0A7eE8cC5D40Ad6c63F289d,no-name,,,,,,_
0xd8BA0e33bcAeE673BF090d9b67b92c9971b7Ff58,no-name,,,,,,_
0xd92D62CE8504e5c61aa17D9a9B13c65DBD77C268,no-name,,,,,,_
0xd9489f5A7C4420E814f6216505B6754EBd4213f7,no-name,,,,,,_
0xd95294fEcB64478541CA7B0E5c0a278F4F9d7ee5,no-name,,,,,,_
0xd99C2C9c8aF1CABBd9678C5548aA8632E5C16695,no-name,,,,,,_
0xd9DC5aF929D843b08Bd0D5037b5203604D5B84d0,no-name,,,,,,_
0xdA57fC370d6f446c6d24258a65f6853c0DD09298,no-name,,,,,,_
0xdBE36b52AE46a1E843d33aA3215851f4c11a6A6C,no-name,,,,,,_
0xdDE21f8Be9e50b9b1165Ee302e6b468CF30E4c4c,no-name,,,,,,_
0xdE0fe653Cf6194015dFbf132eAEF832ae6193189,no-name,,,,,,_
0xda8Da7aeAd4aE74f88EF0bD36F48BB1Da24C705b,no-name,,,,,,_
0xdb2c47230Ff7bd408bD9B07eF6DD58F331e24A3f,no-name,,,,,,_
0xdbc1076B2834a81c441Cd1aD73cE754BB218990B,no-name,,,,,,_
0xdbcd2Ae616E5886c36463eCB45a639C0Fa7583a4,no-name,,,,,,_
0xdc96A98F34847dc6517E81A73E5036f84a2742e1,no-name,,,,,,_
0xdd94De9cFE063577051A5eb7465D08317d8808B6,no-name,,,,,,_
0xdd9773a3F80ec5af8D9c2A517ddCEAb73877c038,no-name,,,,,,_
0xdfA1F97855C4F52c703b10fd1328A3d3170270aD,no-name,,,,,,_
0xdfBd6A960a55bCfCf59d5925351E05a51498BCeF,no-name,,,,,,_
0xdfF260736cBe28cC9984C95162D3eb7390318c36,no-name,,,,,,_
0xdfc85C08d5e5924aB49750E006CF8a826ffb7B13,no-name,,,,,,_
0xe029d93dBF50331d1380C67c6D88F7EfA954d27B,no-name,,,,,,_
0xe02D1cF96c2D6DC085F475Ce61579C9538119B86,no-name,,,,,,_
0xe04e734AC41aeEACd108ea65C229cE5EF676c7A9,no-name,,,,,,_
0xe18FA7b1E1a7Af9b338D3fb89C23a83D0c2E4b5d,no-name,,,,,,_
0xe1B6898EA89337E56CCA441bAD6E071ec970999b,no-name,,,,,,_
0xe1FEE26c5Fd6C6e58CC1Cc976e4eeB63B9b3E44F,no-name,,,,,,_
0xe2050ec5f36a2D871E02bf73B7Bbdc162AcC47f9,no-name,,,,,,_
0xe23611DBAe1556C041E6AD04c98E9F18EE98b50c,no-name,,,,,,_
0xe38a4CEDa9Df6daE4AF19AB7836afe1733F0989d,no-name,,,,,,_
0xe3Ff511d558d5476Eb535A23c92F307A4F98C3Fe,no-name,,,,,,_
0xe3f4383c19dbe7436261e63dd811e43DbeD29890,no-name,,,,,,_
0xe40Ff9509E9e82E4F643E472513f6416c7183F67,no-name,,,,,,_
0xe497F7Fd7620a0bbd743A0E5d336D7082F86477e,no-name,,,,,,_
0xe4B2AcD9d84E29fba1939a76e15F4Cb530CBB52c,no-name,,,,,,_
0xe4F5E0d5c033f517A943602DF942e794a06Bc123,no-name,,,,,,_
0xe4c07f4637df3a0354f9b42a1b3178DC573B8926,no-name,,,,,,_
0xe58433B402d8db6a0Ea48A0feabB948Cf4b6A7c1,no-name,,,,,,_
0xe5A89EB6B03d8B176d0ECa7cf78D58D5fF499aE4,no-name,,,,,,_
0xe657F7b0A100Cc135235A42cE23Cee9EfaF4b04b,no-name,,,,,,_
0xe6865606F620aD80d7864408948Cf3f9Eac74E74,no-name,,,,,,_
0xe7B0FA18a3F8f7bDD7525Ccd63e7095305B3580C,no-name,,,,,,_
0xe8DB4ceA1f7ad7Ba22F3DbbAb55A336545701d96,no-name,,,,,,_
0xe8cE207631f9ac80688587caE05a159bD5356e78,no-name,,,,,,_
0xe8fb5559Bf622f582Af9Cd7E80c84776beAb79Fd,no-name,,,,,,_
0xe914e10f1C9C30C89511f4E7a0F5f7c9c46d6E10,no-name,,,,,,_
0xe919D801CC95b9dc6Be99889104119c21d273AaA,no-name,,,,,,_
0xeA13644b32E570C95B767849011B48Bbb0E6bBB9,no-name,,,,,,_
0xeA5Ab833afF71BD7D280f0A0bC86423D1703288A,no-name,,,,,,_
0xeB30A60C199664ab84DeC3f8B72De3badF1837f5,no-name,,,,,,_
0xeB9c0138d8ac10DD659640a4CC3D135C58B17B1B,no-name,,,,,,_
0xeBF3c6195d781eB17C9742406E5b93253D3b6cDd,no-name,,,,,,_
0xeC0329051E180e17B8ed6Fc891C8BC35a41b9448,no-name,,,,,,_
0xeE06F9971F112CE12a075F0072A6e7E385431579,no-name,,,,,,_
0xeEaD881eCAF0c853f4fb80498b5ce99a6dF6ECdd,no-name,,,,,,_
0xeFFddA4220A61Bb62d7bfF9D89615E05B3f156E8,no-name,,,,,,_
0xeFeddAD706024D8747b9f9c3119635F7777cBfb3,no-name,,,,,,_
0xea9C15F733ee4CD9e24c97bdDdD66077a757B474,no-name,,,,,,_
0xeb833733A8A2E3d0f722cd181CD027DbcA015eFF,no-name,,,,,,_
0xecAaD8Df0DEE0b9ED45fFD1191B024701F21506C,no-name,,,,,,_
0xed656131a4801a5eDE01Fe35b39E3178E5B9046c,no-name,,,,,,_
0xed7eaBc86201e647e37BB53419A7Ad69bfC5b944,no-name,,,,,,_
0xee2972a6177C28F3EFaCb1862A1a8507c3f10fAa,no-name,,,,,,_
0xee3e4E2467c0C5aA7b7d944881d51CCB36FefcCA,no-name,,,,,,_
0xf03cDe4e3e7242D03E88e181D843AF5f316B9Db8,no-name,,,,,,_
0xf12eaD6b76562F4A76d5c10802A73465E43a30b1,no-name,,,,,,_
0xf13CA8F96Bc09c304Da107Fd61d8Deab4f0A8121,no-name,,,,,,_
0xf1BE3fE59D11f80aDf85E5E0399A5286a8bd0255,no-name,,,,,,_
0xf21ABF5AC06649f5E8E7b816c7e53Dc3d3Cb4614,no-name,,,,,,_
0xf23D93917530ab33616ac5c3494b8C8771A6a68b,no-name,,,,,,_
0xf28a521cc13f6698DDCF9B197608052632fC3ea3,no-name,,,,,,_
0xf2FD0C1eb5a2989E32CE929276463164410796B4,no-name,,,,,,_
0xf2cdf0A92075eD6DA179a2AD142021936673651b,no-name,,,,,,_
0xf3e65d9FD88d31110EAE61620ab652B567e74763,no-name,,,,,,_
0xf42c06A58d4e538b6856afC206B13C530263C2c2,no-name,,,,,,_
0xf45D4DD1Cc92440172A8704b98F87F62844a33a7,no-name,,,,,,_
0xf46A6E6A31c41e78d38040cb0442855723554C93,no-name,,,,,,_
0xf486f1C63C4D32b1109bBEdD1c1896B69ed93Be3,no-name,,,,,,_
0xf53CbC0a85bC81E1b99D6197d74d735dF749f8A5,no-name,,,,,,_
0xf570AE030d06B040FFd2BB9545E19C280a3b7e3F,no-name,,,,,,_
0xf58e5d43D02e2Bfd8aB504DC8F4fb48b31e3953D,no-name,,,,,,_
0xf5A3628805C5E9EB024b9732CD1B61c37C995C59,no-name,,,,,,_
0xf5F5E8c926395653811f0FC350Cd5135A26Db9B4,no-name,,,,,,_
0xf5ce566843abC2C673e23F08A219C2f377C914eB,no-name,,,,,,_
0xf63619f99a2d74cFE4030526bF16FCb95c71d452,no-name,,,,,,_
0xf64dC764C733A62b4461a7b66386862f92705Aab,no-name,,,,,,_
0xf77b08f84579AB78832A7EfC7110Cda45bEAA11E,no-name,,,,,,_
0xf827Eefd2933C387D3a0CD22aBdE1c6b8Aa68d87,no-name,,,,,,_
0xf8A15b1540d5f9D002D9cCb7FD1F23E795c2859d,no-name,,,,,,_
0xf8d15960aa6Aaf5972DC54cF002951553906C7bd,no-name,,,,,,_
0xf8de00A955252d8769d4FD5eD78c205482c476dc,no-name,,,,,,_
0xf931cdCFa9d971E42d6C3a0D8445e7c4405eBb2D,no-name,,,,,,_
0xf94B57e795d17361bCEbc8fb574A4ceCbCE6a940,no-name,,,,,,_
0xfAD4fBb5fb8DC50aA053Fe6728691d7b5b4740c5,no-name,,,,,,_
0xfB34A41cdA4660A03f00907D1f5384F12E6b385E,no-name,,,,,,_
0xfBA8D67c720cF3a876fD1825329c33060dDbc2ae,no-name,,,,,,_
0xfBB66C9c216DF990898c4127958E740B4ac6aa83,no-name,,,,,,_
0xfC5EcC864a5F3ebBc0d63f4C4A968CaB99a6c580,no-name,,,,,,_
0xfC7F7ffFc09aF9cBcE0D31da795DC3f3EC121D55,no-name,,,,,,_
0xfCb4393e7fAef06fAb01c00d67c1895545AfF3b8,no-name,,,,,,_
0xfD2eB46FF56D785B64f1567e53083819c7F0168B,no-name,,,,,,_
0xfD74E5b7e6eD0b9Ef7cf6dCA37A5c1083b8d5A87,no-name,,,,,,_
0xfDaF2cd7E527Cc812EB926Ff0a9d85Ee6d8beCbb,no-name,,,,,,_
0xfE2F71DB454e233373FE89B789169602Da9317f8,no-name,,,,,,_
0xfaac705fB942836070fd11C6fB1bd784E9ce48A5,no-name,,,,,,_
0xfb7c9bD2045cD9129839A70C67AaBb0925b1fBE8,no-name,,,,,,_
0xfb8596eD07c4E2973Af7d7847Aa14e1bEd09C09d,no-name,,,,,,_
0xfcCAcfA95ebC13249cd60f6b0b921Db056De97bF,no-name,,,,,,_
0xfdCBEb6Ed0aC27E4A5bD3F7D07c21B7362158702,no-name,,,,,,_
0xfe32125731d36b91569Df1Ac14343890b5D068EE,no-name,,,,,,_
0xff18cF54649DF7d099c839755B073B1f47B56EC1,no-name,,,,,,_
0xff3212BDDA5e2A00d4015599654169E4643B96a8,no-name,,,,,,_
