addr,category,name,symbol,exchanges,totalSupply,decimals,info
0x0033FB5561719b8b697b604466D6D39308C58191,owner-decrease-balance-by-mint-by-overflow,,,,,,_
0x0039019392b1Ea93cD1277F75986fdF2407FE254,owner-decrease-balance-by-mint-by-overflow,,,,,,_
0x003f79D7Be15dC1aD90Ce00E6eA68F335e2B789B,owner-decrease-balance-by-mint-by-overflow,,,,,,_
0x00430f32B8e77A456d0Ab7E6f1Dc1B84F4ae62E0,owner-decrease-balance-by-mint-by-overflow,,,,,,_
0x004Dcfc79b28Ae0D52C2C013a328f84b433a1829,owner-decrease-balance-by-mint-by-overflow,,,,,,_
0x00B9034425e357bF61b4ABEb22299EC4A62C725B,owner-decrease-balance-by-mint-by-overflow,,,,,,_
0x012bc399c3E8B75A506c9ff2B7ad413641F33102,owner-decrease-balance-by-mint-by-overflow,,,,,,_
0x017214d55f5daaC38f5F7547629f29EAD7Fa1C3C,owner-decrease-balance-by-mint-by-overflow,,,,,,_
0x01a0939B719213AAbcAA075066fB4b0FB88baE56,owner-decrease-balance-by-mint-by-overflow,,,,,,_
0x01fA9880b33e6c00eAFC866A48D292dbE07B7578,owner-decrease-balance-by-mint-by-overflow,,,,,,_
0x0290eA3C728981725689187763F6C63a68e192b8,owner-decrease-balance-by-mint-by-overflow,,,,,,_
0x04Ed15Fa8C47778589C1BF3451e0DE25C1EeD3aE,owner-decrease-balance-by-mint-by-overflow,,,,,,_
0x04a4B43352a78294Bc7b6D520450825Ac639Ea21,owner-decrease-balance-by-mint-by-overflow,,,,,,_
0x054Ad3Cd4A66F14bF5C0De2548A53BE66995A4f6,owner-decrease-balance-by-mint-by-overflow,,,,,,_
0x0566c17dC2a9eFcAA2F63E04cf06A69e8fC77f60,owner-decrease-balance-by-mint-by-overflow,,,,,,_
0x05Fa56dAf3C7496854bf685E7f3F435f87589e58,owner-decrease-balance-by-mint-by-overflow,,,,,,_
0x06Cd2eEF7497911037ed631CAe1ecb307B4D4de1,owner-decrease-balance-by-mint-by-overflow,,,,,,_
0x06F726f750dd2a140A3f3bBE1fa58B624b361a33,owner-decrease-balance-by-mint-by-overflow,,,,,,_
0x070C9244a54353a0F9c43670b21856Df2CC4e439,owner-decrease-balance-by-mint-by-overflow,,,,,,_
0x08e836f7d4804D39E798B6459FA54543f260d4C0,owner-decrease-balance-by-mint-by-overflow,,,,,,_
0x09263d1A5ed92E2576B455A409676CFBc4f7D275,owner-decrease-balance-by-mint-by-overflow,,,,,,_
0x096F4002747bde03416Dc979E8a9bAb48CF8ED85,owner-decrease-balance-by-mint-by-overflow,,,,,,_
0x09fE365076429a478F8b5391DE59c362d3AB5004,owner-decrease-balance-by-mint-by-overflow,,,,,,_
0x0ACd8381190a3506407ac5e7409A9205E3AA1a08,owner-decrease-balance-by-mint-by-overflow,,,,,,_
0x0B24fDf35876bbE2A1cC925321B8c301017474D4,owner-decrease-balance-by-mint-by-overflow,,,,,,_
0x0C244b55c31327b76d595179d81527aA94ffE4E7,owner-decrease-balance-by-mint-by-overflow,,,,,,_
0x0D6f4cef46F23877A930C2d782cc275C978bC1eE,owner-decrease-balance-by-mint-by-overflow,,,,,,_
0x0Eb152d2bba8aF722D7E296A1F223d819C3bbB1f,owner-decrease-balance-by-mint-by-overflow,,,,,,_
0x0a9Aa2003215BfBc6caf9a49256e9F4EC42b3c3D,owner-decrease-balance-by-mint-by-overflow,,,,,,_
0x0b76544F6C413a555F309Bf76260d1E02377c02A,owner-decrease-balance-by-mint-by-overflow,Internet Node Token,INT,@CoinEgg@ForkDelta@OKEx,1000000000,6,_
0x0bb217E40F8a5Cb79Adf04E1aAb60E5abd0dfC1e,owner-decrease-balance-by-mint-by-overflow,SwftCoin,SWFTC,@CoinBene@HitBTC@Huobi@OEX@OKEx@OTCBTC,10000000000,8,_
0x0d276A2f26A4F508276739BA7F4716eb6ee2EA27,owner-decrease-balance-by-mint-by-overflow,,,,,,_
0x0e935E976A47342a4AeE5e32Ecf2E7B59195e82F,owner-decrease-balance-by-mint-by-overflow,,,,,,_
0x0e9C4d8610Aa2cf0DaBDAbB19920A1C810B65720,owner-decrease-balance-by-mint-by-overflow,,,,,,_
0x0f81a937cE3E7bB95eDb14b81951e93e68fcDa50,owner-decrease-balance-by-mint-by-overflow,,,,,,_
0x0f9b1d1D39118480cf8B9575419eA4E5189C88DD,owner-decrease-balance-by-mint-by-overflow,,,,,,_
0x10E886BAcD4A12C21Bb39646751374Eae495B776,owner-decrease-balance-by-mint-by-overflow,,,,,,_
0x11838ECe89439C4f0224Bc7b9f76E07721d99f9e,owner-decrease-balance-by-mint-by-overflow,,,,,,_
0x118770Fae5b614552b85FDB5297eB3ed5b5eCCdd,owner-decrease-balance-by-mint-by-overflow,,,,,,_
0x11ebb7657054338c58c076cBbC527A0df927C24d,owner-decrease-balance-by-mint-by-overflow,,,,,,_
0x121C6e0613317a98cC14a9d379e2aBe546ba980C,owner-decrease-balance-by-mint-by-overflow,,,,,,_
0x125C0260FeeC92471d1A144F3cDCE185a565f374,owner-decrease-balance-by-mint-by-overflow,,,,,,_
0x13d6b121817D78faC403Ebf2C59c0C93583991df,owner-decrease-balance-by-mint-by-overflow,,,,,,_
0x1487F4195d9953F6930C959a683A49501A8Cc8BC,owner-decrease-balance-by-mint-by-overflow,,,,,,_
0x14e49E4622cd4244E7616724d33ad50126674D2c,owner-decrease-balance-by-mint-by-overflow,,,,,,_
0x1660EF71DA631Bf8B8Bf5656f49BC635C97DFc1C,owner-decrease-balance-by-mint-by-overflow,,,,,,_
0x18429DEDafbB65443eDF60402294dF5C01AEe1DA,owner-decrease-balance-by-mint-by-overflow,,,,,,_
0x19327D85Aa22a05137b32Ce79d786D65802Dd9D3,owner-decrease-balance-by-mint-by-overflow,,,,,,_
0x1975bB03dE10f058d6048EF3f00E1A704B7a0b39,owner-decrease-balance-by-mint-by-overflow,,,,,,_
0x19E732Aa432D4003c7745237F9Fa670C9262A5fc,owner-decrease-balance-by-mint-by-overflow,,,,,,_
0x19b3216C24bdDcE4BE501eC3E84380071C9d114A,owner-decrease-balance-by-mint-by-overflow,,,,,,_
0x1Ad32fE4F7747e5be37EEb2F9d6Ec7e302782A7F,owner-decrease-balance-by-mint-by-overflow,,,,,,_
0x1BCa728C39D05529aD4257943f620734b151cAdE,owner-decrease-balance-by-mint-by-overflow,,,,,,_
0x1D521966B23820bB2Bf130119C10AAcC97eb324b,owner-decrease-balance-by-mint-by-overflow,,,,,,_
0x1DB7F8171D82f9FC009f207CD80dd00A54b77560,owner-decrease-balance-by-mint-by-overflow,,,,,,_
0x1E4300510ef90de505DdBcb77CDC8C4ab3F6d7c9,owner-decrease-balance-by-mint-by-overflow,,,,,,_
0x1E4a57341A07E43F7ba0Fa8C2A75dcA6DB4DB1B2,owner-decrease-balance-by-mint-by-overflow,,,,,,_
0x1F83e17DdF26d4168F5802D519d1b073A8843506,owner-decrease-balance-by-mint-by-overflow,,,,,,_
0x1FF56987B459d1Bc67A89879d00448F3de46e12D,owner-decrease-balance-by-mint-by-overflow,,,,,,_
0x1Fd41Ee561B9136FF3D1f5A8C4384E8640892097,owner-decrease-balance-by-mint-by-overflow,,,,,,_
0x1a86b24Ca84AA7049A974bB6Db83F0BD80C60713,owner-decrease-balance-by-mint-by-overflow,,,,,,_
0x1b09cD594DDeAa336564Dd24fE6ef43688f27c62,owner-decrease-balance-by-mint-by-overflow,,,,,,_
0x1b226D98Ab123792F68E2d51E1A657e0084B395A,owner-decrease-balance-by-mint-by-overflow,,,,,,_
0x1b413506FC42E2F04a4E8c57710F850b234D6653,owner-decrease-balance-by-mint-by-overflow,,,,,,_
0x1beE49Ea684B037C925b657C2f426ce431Ffb358,owner-decrease-balance-by-mint-by-overflow,,,,,,_
0x1d07F0704dbB88298C69E351c92A82272f0dAF75,owner-decrease-balance-by-mint-by-overflow,,,,,,_
0x1d26883a84a81B3046E027BBcbE7506A90E6b5A5,owner-decrease-balance-by-mint-by-overflow,,,,,,_
0x1d8ED4B0A3147Ed17EA09582b46E0c9635396720,owner-decrease-balance-by-mint-by-overflow,,,,,,_
0x1fcE19a5b3b1f7Fe38D18619B8183694C8A54850,owner-decrease-balance-by-mint-by-overflow,,,,,,_
0x2066a2E0cd7f19589f582E2FC9Af9669Cc9e02F1,owner-decrease-balance-by-mint-by-overflow,,,,,,_
0x208515cD788Fd8dE349c0D27210Ab9B53aeC76E0,owner-decrease-balance-by-mint-by-overflow,,,,,,_
0x21692A811335301907ECD6343743791802Ba7Cfd,owner-decrease-balance-by-mint-by-overflow,,,,,,_
0x21FC3890529FCeC4A67c0E570D9f21faF5C7F225,owner-decrease-balance-by-mint-by-overflow,,,,,,_
0x223499d60fE7E3Dc5339e8219e708D18bfc2E6Fe,owner-decrease-balance-by-mint-by-overflow,,,,,,_
0x22465e9bb3FF5917B84928CDf4eb803605Eb1B6d,owner-decrease-balance-by-mint-by-overflow,,,,,,_
0x23112B6822AdC16544D3cb11896cb5D28a097e60,owner-decrease-balance-by-mint-by-overflow,,,,,,_
0x2342DB18b3B5639F73003866b7875B4f5271a3B4,owner-decrease-balance-by-mint-by-overflow,,,,,,_
0x23CB17d7D079518dBfF4FeBb6efCc0dE58d8c984,owner-decrease-balance-by-mint-by-overflow,,,,,,_
0x23a20F8E0b5c79F39A2B4395a610A60Fb30BC71d,owner-decrease-balance-by-mint-by-overflow,,,,,,_
0x2426d3c10Ffb129fB8ef8804a3e681FC0eC5FB01,owner-decrease-balance-by-mint-by-overflow,,,,,,_
0x24720D04adb9d49a40e04b01E700B4005885CD53,owner-decrease-balance-by-mint-by-overflow,,,,,,_
0x24b712F49013Fb2bd9212B1330e8bFf3a60d8b2B,owner-decrease-balance-by-mint-by-overflow,,,,,,_
0x25587C25F1c7F245b5D419dbDf14f497AC5dce1b,owner-decrease-balance-by-mint-by-overflow,,,,,,_
0x25B917c6a9F7aEFD057d03efc563A4693F38507b,owner-decrease-balance-by-mint-by-overflow,,,,,,_
0x25a9ebaA3d391448c2E9b9d5d7be0c7e52873489,owner-decrease-balance-by-mint-by-overflow,,,,,,_
0x262a02a7De2124CA49eA98d55a3ED723fa605615,owner-decrease-balance-by-mint-by-overflow,,,,,,_
0x28380D4942470c315C2974b934b2080751D35A77,owner-decrease-balance-by-mint-by-overflow,,,,,,_
0x2A05d22DB079BC40C2f77a1d1fF703a56E631cc1,owner-decrease-balance-by-mint-by-overflow,BitAsean,BAS,@ForkDelta@HitBTC,30000000,8,_
0x2A3BA8a83BbbC3C3C9eA8C786b8e0D536d36919A,owner-decrease-balance-by-mint-by-overflow,,,,,,_
0x2ADd07C4d319a1211Ed6362D8D0fBE5EF56b65F6,owner-decrease-balance-by-mint-by-overflow,,,,,,_
0x2C78AC7859423ab8D3efC4AE1f1Fc842573830ff,owner-decrease-balance-by-mint-by-overflow,,,,,,_
0x2DE90964c53308f8Bdf68f43cd3feac1e1e95587,owner-decrease-balance-by-mint-by-overflow,,,,,,_
0x2Dc0170450e66af2D3f5C56aA0b20ec4A254902E,owner-decrease-balance-by-mint-by-overflow,,,,,,_
0x2b36968BF3c77253266Aa382562Fa3fdD7fa1667,owner-decrease-balance-by-mint-by-overflow,,,,,,_
0x2c0C06dAE6bC7d7D7D8b0d67A1f1a47D6165E373,owner-decrease-balance-by-mint-by-overflow,,,,,,_
0x2cBf103901196f99619f2bF9aCCDF079e9C76819,owner-decrease-balance-by-mint-by-overflow,,,,,,_
0x2ca26C9424548569F5ba7F7E73db142Bc6ee9B1D,owner-decrease-balance-by-mint-by-overflow,,,,,,_
0x2ce349291b8365F8d12C4CedF992969f680C726E,owner-decrease-balance-by-mint-by-overflow,,,,,,_
0x2e9f2A3c66fFd47163b362987765FD8857b1f3F9,owner-decrease-balance-by-mint-by-overflow,,,,,,_
0x2ee8E9C39beeed33F0bfd744163c309daeD6B35A,owner-decrease-balance-by-mint-by-overflow,,,,,,_
0x2ff92CF5839c874B975B234D1098bB799265Eb52,owner-decrease-balance-by-mint-by-overflow,,,,,,_
0x30181C9C30D9b54ccF4ca9F295Fa1dee807f36fc,owner-decrease-balance-by-mint-by-overflow,,,,,,_
0x301A0501c08E347B062B3c928FD4d0155F367855,owner-decrease-balance-by-mint-by-overflow,,,,,,_
0x302640dF886A6C3Dcf045b0AeD753F06F6553224,owner-decrease-balance-by-mint-by-overflow,,,,,,_
0x30CC0e266cF33B8eaC6A99cBD98E39b890cfD69b,owner-decrease-balance-by-mint-by-overflow,,,,,,_
0x31243Ce202f30D4Aa4eD723b927Fa8731CB951E9,owner-decrease-balance-by-mint-by-overflow,,,,,,_
0x31FC37ccAFa5ce3986eB4bA758300a67A2283294,owner-decrease-balance-by-mint-by-overflow,,,,,,_
0x326cE88B27C196D0387F5DF7ae085C1203185Cb4,owner-decrease-balance-by-mint-by-overflow,,,,,,_
0x32820575704cdC863c723a0Ff1BF5405c1e8952a,owner-decrease-balance-by-mint-by-overflow,,,,,,_
0x335f62470Ef07F588DF3f845fFcE4dd7b8c068A1,owner-decrease-balance-by-mint-by-overflow,,,,,,_
0x338649003Ff30194bE899100b67A00BBCd62AF67,owner-decrease-balance-by-mint-by-overflow,,,,,,_
0x339252d41F6De02AB6f079Ec39f72eA669E00bCe,owner-decrease-balance-by-mint-by-overflow,,,,,,_
0x3485B9566097ad656c70d6EbBd1cd044e2e72D05,owner-decrease-balance-by-mint-by-overflow,,,,,,_
0x34F940a0311f6f6015FEe8dDc1e2eB7985202690,owner-decrease-balance-by-mint-by-overflow,,,,,,_
0x359566Ba36F7a074B31136df89750aDA5f43Bf8c,owner-decrease-balance-by-mint-by-overflow,,,,,,_
0x35EF336d959f1b5a3f871A855fC1b84ACA302118,owner-decrease-balance-by-mint-by-overflow,,,,,,_
0x362DCC7187cF0C47bE45695549C6b4FB96C08875,owner-decrease-balance-by-mint-by-overflow,,,,,,_
0x365080610e03aa5c5693f6B2dD78eE792Ee9a9Cb,owner-decrease-balance-by-mint-by-overflow,,,,,,_
0x369d0DB2C7d56b095D758379b75f64085953528a,owner-decrease-balance-by-mint-by-overflow,,,,,,_
0x37444FEBD7e3dBa3e96f05Dc851143fFEc8b20b6,owner-decrease-balance-by-mint-by-overflow,,,,,,_
0x37AAb22019448859fc255e6E353A1baF2c05E6Bb,owner-decrease-balance-by-mint-by-overflow,,,,,,_
0x382A71eCb288DA8701428406A36FFA5D8f072D55,owner-decrease-balance-by-mint-by-overflow,,,,,,_
0x3879717B92284FD4103585Af2eC5d34494CFEE57,owner-decrease-balance-by-mint-by-overflow,,,,,,_
0x3890a555528B00178D8Ff87F30D0531AD5e3AEd7,owner-decrease-balance-by-mint-by-overflow,,,,,,_
0x38c04D415f6740C7700185533a64b5f44cbF684C,owner-decrease-balance-by-mint-by-overflow,,,,,,_
0x3A1237D38D0Fb94513f85D61679cAd7F38507242,owner-decrease-balance-by-mint-by-overflow,,,,,,_
0x3A3bD8D493df4245cAEEd007c664240d757a6298,owner-decrease-balance-by-mint-by-overflow,,,,,,_
0x3A931cABde9d3dEeb9cFe50d8aFB0b7be357cB16,owner-decrease-balance-by-mint-by-overflow,,,,,,_
0x3AC96Bbe8b60D715fD818B3FE242EdF9dEF20571,owner-decrease-balance-by-mint-by-overflow,,,,,,_
0x3BA5A8D30A598C58558F11d8347f76Dd6F1d05F6,owner-decrease-balance-by-mint-by-overflow,,,,,,_
0x3BEa4d62F0131904714FE0560BFb4ca3935Ed9Af,owner-decrease-balance-by-mint-by-overflow,,,,,,_
0x3DAe6D1b40850a4e89B72D958a5D795A8441d6B7,owner-decrease-balance-by-mint-by-overflow,,,,,,_
0x3DdF7d2cc9b0DdB126bB4cA4fa77fFDF08420578,owner-decrease-balance-by-mint-by-overflow,,,,,,_
0x3Ddd6A5dc87798285D43515832c17CbFf141ad28,owner-decrease-balance-by-mint-by-overflow,,,,,,_
0x3a628C5700d1F454f46a5EFe00d2C7453BB9E155,owner-decrease-balance-by-mint-by-overflow,,,,,,_
0x3a783e99E5a5618B8149e3380d14328139D97e31,owner-decrease-balance-by-mint-by-overflow,,,,,,_
0x3d113397839FD5107a16444990DbA235994Dd3B6,owner-decrease-balance-by-mint-by-overflow,,,,,,_
0x3d8945DcfC11627a6a762F203bE3B1B14Db36C4C,owner-decrease-balance-by-mint-by-overflow,,,,,,_
0x3eaB9A2fa76f16cdc46E707Ff928F7995886Dee0,owner-decrease-balance-by-mint-by-overflow,,,,,,_
0x3fcF78f7646F85ceB9344C5BA5a05a0E31a462AF,owner-decrease-balance-by-mint-by-overflow,,,,,,_
0x4040dFED08346B98336be48072d071f0805C3ae0,owner-decrease-balance-by-mint-by-overflow,,,,,,_
0x4253D9142Bc0537b46a0D8DC31f014bB1bb3096A,owner-decrease-balance-by-mint-by-overflow,,,,,,_
0x42A8BEf25391d7Cbc476309783e90303d99CDA81,owner-decrease-balance-by-mint-by-overflow,,,,,,_
0x432F96e95D249351391583cEf9cBdA38f26238C8,owner-decrease-balance-by-mint-by-overflow,,,,,,_
0x4418897146D431bF92A693c29E0FA60A99aEde33,owner-decrease-balance-by-mint-by-overflow,,,,,,_
0x44a655EC055A9Ca219e5C6F90ac467c86d9f4f87,owner-decrease-balance-by-mint-by-overflow,,,,,,_
0x44e9EA4B8BA286b5FE591fb23D106269378f116E,owner-decrease-balance-by-mint-by-overflow,,,,,,_
0x4523f19C7618cDbfC564F445Ec92F8B8D1723c62,owner-decrease-balance-by-mint-by-overflow,,,,,,_
0x452B8B085CED1968b6faDE6C2Dcf608c5c297F31,owner-decrease-balance-by-mint-by-overflow,,,,,,_
0x4546f57059070E9a37454453606a0d61be85f018,owner-decrease-balance-by-mint-by-overflow,,,,,,_
0x45A353132143f475B355620aD9d7413D0222Ea04,owner-decrease-balance-by-mint-by-overflow,,,,,,_
0x471953078ab15e294c36286BC024fD602d9E2eCE,owner-decrease-balance-by-mint-by-overflow,,,,,,_
0x47377e14087883C27d3b442F350C7c4c381Aab93,owner-decrease-balance-by-mint-by-overflow,,,,,,_
0x4813A4BD1d5eF428eC87850CabBc09aF15922A45,owner-decrease-balance-by-mint-by-overflow,,,,,,_
0x487F8B8Bd3e477fA7c95167cdD4B7353220151cE,owner-decrease-balance-by-mint-by-overflow,,,,,,_
0x48b44a7A1EBb16feC72893Fd86BB66bdefD3F3Ef,owner-decrease-balance-by-mint-by-overflow,,,,,,_
0x4907992735804D10FA5e96C07A5d77a79543B691,owner-decrease-balance-by-mint-by-overflow,,,,,,_
0x4A792dF7795b32c77a9b35101418d9aA133d0629,owner-decrease-balance-by-mint-by-overflow,,,,,,_
0x4Bf3E4d2378a1256cbE1CD1C2a8BC9857b811282,owner-decrease-balance-by-mint-by-overflow,,,,,,_
0x4C786bB65e17f37C56f308febA9163064Faeb8F7,owner-decrease-balance-by-mint-by-overflow,,,,,,_
0x4D391B4350cA1C690eBaf00d35bfcDd5721470F8,owner-decrease-balance-by-mint-by-overflow,,,,,,_
0x4aEB15f902CEE5958d1ffa1c45fDC5c1bB5E6b64,owner-decrease-balance-by-mint-by-overflow,,,,,,_
0x4b7CA2ac56e69B9687B94b41B61A57CaD3017Ee4,owner-decrease-balance-by-mint-by-overflow,,,,,,_
0x4ba2c09A8c23aA5A1B91A97Ca1fAFA0Ee056Ed81,owner-decrease-balance-by-mint-by-overflow,,,,,,_
0x4c7f2f802CF6A51bFcF9BAc3c5D6DBB30F85b83D,owner-decrease-balance-by-mint-by-overflow,,,,,,_
0x4d9b86A39D73101a8dB6E1b4Aa8c1ecfDc3F956E,owner-decrease-balance-by-mint-by-overflow,,,,,,_
0x4efca42496eC176f1d56b21DbaD7031477ec583D,owner-decrease-balance-by-mint-by-overflow,,,,,,_
0x4f2DB9Cd7543EEa193dc54D5beA3352c66680C76,owner-decrease-balance-by-mint-by-overflow,,,,,,_
0x4f800a45631F2C74eF2d37201adf417b3B90ad3C,owner-decrease-balance-by-mint-by-overflow,,,,,,_
0x50584a9bDfAb54B82e620b8a14cC082B07886841,owner-decrease-balance-by-mint-by-overflow,,,,,,_
0x5121E348e897dAEf1Eef23959Ab290e5557CF274,owner-decrease-balance-by-mint-by-overflow,PolyAi,AI,@C-CEX@Coinexchange@ForkDelta@Mercatox@Trade Satoshi,29000000,18,_
0x51cf62dE2339682CD5905cbb32faD4403d0cab21,owner-decrease-balance-by-mint-by-overflow,,,,,,_
0x51f60f6Acb95BcC5b6EBa23f8f5c81296BA649A6,owner-decrease-balance-by-mint-by-overflow,,,,,,_
0x524A1407223446e3BAb8819ABb3fb8348C29afEc,owner-decrease-balance-by-mint-by-overflow,,,,,,_
0x5278a07e049d1B193A1c73d04dC319259D14D2F6,owner-decrease-balance-by-mint-by-overflow,,,,,,_
0x52a5E1a56A124dcE84e548Ff96122246E46D599f,owner-decrease-balance-by-mint-by-overflow,,,,,,_
0x537033D43720cD654f6F0Ee141B6acc855312d60,owner-decrease-balance-by-mint-by-overflow,,,,,,_
0x53E222554de8D71B51909060d002b35a72A4d3a6,owner-decrease-balance-by-mint-by-overflow,,,,,,_
0x54920ecbaAdb81cFCd12cF3F8D971686Fe95b269,owner-decrease-balance-by-mint-by-overflow,,,,,,_
0x5602586601E6b066780C78f1843192138D0d70Da,owner-decrease-balance-by-mint-by-overflow,,,,,,_
0x5602Fdf0DDcb973c41a2bc7F25eb2018C35036d9,owner-decrease-balance-by-mint-by-overflow,,,,,,_
0x56e997004cFf362A4C74B1a3507D10e190272402,owner-decrease-balance-by-mint-by-overflow,,,,,,_
0x574B36BceD443338875d171CC377E691f7d4F887,owner-decrease-balance-by-mint-by-overflow,,,,,,_
0x574Fab3cE9A7c0CF2D4D774370839bc86CA59787,owner-decrease-balance-by-mint-by-overflow,,,,,,_
0x57d8B41c0f22C39Ba2934CFb038f4460904E3FdA,owner-decrease-balance-by-mint-by-overflow,,,,,,_
0x580C1E3cACa14826976b5820947f7Ad486ac174d,owner-decrease-balance-by-mint-by-overflow,,,,,,_
0x581F3a9C282045ec5DEC6aa0CDFD82e8CB973Af4,owner-decrease-balance-by-mint-by-overflow,,,,,,_
0x584a0EC8A7A3fcfEd27Db5C234A9062863883778,owner-decrease-balance-by-mint-by-overflow,,,,,,_
0x58e450BE10F5659c685EC5e62703c25f3b9f5105,owner-decrease-balance-by-mint-by-overflow,,,,,,_
0x59004A80A03DC611377866317f50988a9eeFC3d7,owner-decrease-balance-by-mint-by-overflow,,,,,,_
0x59dfd53A5279dF812Ea29D78c5c3160A82A22351,owner-decrease-balance-by-mint-by-overflow,,,,,,_
0x5C4E3DBCA1DEa91D26ace342DbE9E3Ad7e5D3ccF,owner-decrease-balance-by-mint-by-overflow,,,,,,_
0x5D61eA81c6142afB4C101E55C08F938ddD7C46e8,owner-decrease-balance-by-mint-by-overflow,,,,,,_
0x5FE56BFA37217BD8a2879C15c85ed7A894edf5A6,owner-decrease-balance-by-mint-by-overflow,,,,,,_
0x5b527c8cC72Ea4b8681e44754be6248B107c5229,owner-decrease-balance-by-mint-by-overflow,,,,,,_
0x5bfd517c7b03e889204e0cF48f1Cf94D067524ea,owner-decrease-balance-by-mint-by-overflow,,,,,,_
0x5c13a9aD2601Eeec34672c655D2ca994A360c4A0,owner-decrease-balance-by-mint-by-overflow,,,,,,_
0x5c881614530dd20Cb61C4D49d2DD817b14A2e8D7,owner-decrease-balance-by-mint-by-overflow,,,,,,_
0x5e0D4C7713914d17989Ff5Bcdfa5583dD714e65F,owner-decrease-balance-by-mint-by-overflow,,,,,,_
0x5e167c121042414a02e5DE80D1f6706320F07742,owner-decrease-balance-by-mint-by-overflow,,,,,,_
0x5e7d863CcE445cfA89D297929159344e75F77017,owner-decrease-balance-by-mint-by-overflow,,,,,,_
0x60e79C69080d921f44594fb3C2B723B7dd5d3c00,owner-decrease-balance-by-mint-by-overflow,,,,,,_
0x61dc161B06088b9cbaaD53391134929A83D1EB7A,owner-decrease-balance-by-mint-by-overflow,,,,,,_
0x620d9215f577de29D20bB256259196f31b4570E6,owner-decrease-balance-by-mint-by-overflow,,,,,,_
0x62C4d0FEe81D9Ec10581FfaCa7AD976D76593fC3,owner-decrease-balance-by-mint-by-overflow,,,,,,_
0x633d4a2A8d5f498DfBB8a9f59230f0A9D1446DF4,owner-decrease-balance-by-mint-by-overflow,,,,,,_
0x63D3cdA2EBf391f633E96534e7bd6AA60F305C23,owner-decrease-balance-by-mint-by-overflow,,,,,,_
0x64ABD25c4FA5A18aBf9F2992352d9F73341aabd8,owner-decrease-balance-by-mint-by-overflow,,,,,,_
0x64b09D1A4B01DB659Fc36B72de0361F2c6c521B1,owner-decrease-balance-by-mint-by-overflow,,,,,,_
0x66B11115E070269D65400ea359A72D643804cc2F,owner-decrease-balance-by-mint-by-overflow,,,,,,_
0x6731D8379e4f9843BD4D6A05A698312B1EcBD3c7,owner-decrease-balance-by-mint-by-overflow,,,,,,_
0x678D0b382f2988d6C9654a143A5de4999CB58270,owner-decrease-balance-by-mint-by-overflow,,,,,,_
0x683E3Dfb9354f1A2e491Ad23c57304b647F8D693,owner-decrease-balance-by-mint-by-overflow,,,,,,_
0x68662FAE9167d1e3EB6fd0ed7c416826fAA20B0C,owner-decrease-balance-by-mint-by-overflow,,,,,,_
0x68E03D2DA62D026403C68601D650c877901876BF,owner-decrease-balance-by-mint-by-overflow,,,,,,_
0x692a3dcD56b60A382F769438Dc7ef46551deCE89,owner-decrease-balance-by-mint-by-overflow,,,,,,_
0x6Aa2044C7A0f9e2758EdAE97247B03a0D7e73d6c,owner-decrease-balance-by-mint-by-overflow,,,,,,_
0x6B966351E9F09ee60072c1778247B7Af817a9073,owner-decrease-balance-by-mint-by-overflow,,,,,,_
0x6F328F0A7cD638cda9feD876AbF71423cA109Fe1,owner-decrease-balance-by-mint-by-overflow,,,,,,_
0x6b17BFa6930e7490EBD2874CEF490074708F36B9,owner-decrease-balance-by-mint-by-overflow,,,,,,_
0x6b4732E8384b1D7eA4F96968fdDE37FeE22b6628,owner-decrease-balance-by-mint-by-overflow,,,,,,_
0x6bCe536E0A938Dc19DbcBB045b46b93C3D13620b,owner-decrease-balance-by-mint-by-overflow,,,,,,_
0x6bE5744e45292144D6814fFBEDcB6AAD1bB287e4,owner-decrease-balance-by-mint-by-overflow,,,,,,_
0x6c6264E3A5221288a9BD9f858ec9a1d35dC68Ae7,owner-decrease-balance-by-mint-by-overflow,,,,,,_
0x6cabf1b590eE8DAA30A1C76ff5dD21284d8681d8,owner-decrease-balance-by-mint-by-overflow,,,,,,_
0x6e0eC952e49212F2e2E2f94FEdaa84f5C044acef,owner-decrease-balance-by-mint-by-overflow,,,,,,_
0x6f539a9456A5BCb6334A1A41207c3788f5825207,owner-decrease-balance-by-mint-by-overflow,,,,,,_
0x70807Fa9343Ee3d7d6e9D8602bf3Ca867cC86479,owner-decrease-balance-by-mint-by-overflow,,,,,,_
0x70838403ecc194b73e50B70a177B2ef413a2F421,owner-decrease-balance-by-mint-by-overflow,,,,,,_
0x71d59f67bD5B7d920bf574Bda8cFFDDe00F76Dc8,owner-decrease-balance-by-mint-by-overflow,,,,,,_
0x733Dcf585e82c3dAF788Ee44e3fAF8c1e7868729,owner-decrease-balance-by-mint-by-overflow,,,,,,_
0x738A6a902ff347fB8e21DEEf824a4757235f0b8B,owner-decrease-balance-by-mint-by-overflow,,,,,,_
0x73C452b7ceB224f91955bAA97A1c3f3c2dFfFBf1,owner-decrease-balance-by-mint-by-overflow,,,,,,_
0x754A024BD98c79532E570aF47E21695a861d2Be3,owner-decrease-balance-by-mint-by-overflow,,,,,,_
0x757Df3c3cAD364Da4bBe0795f1feA5Cb7e91774e,owner-decrease-balance-by-mint-by-overflow,,,,,,_
0x759981e5Af7661836D305F71779690808c1dE51F,owner-decrease-balance-by-mint-by-overflow,,,,,,_
0x759F7db420F7f46915B35251Bc8795EBf8913e6d,owner-decrease-balance-by-mint-by-overflow,,,,,,_
0x7703C35CfFdC5CDa8D27aa3df2F9ba6964544b6e,owner-decrease-balance-by-mint-by-overflow,Pylon Token,PYLNT,@Bit-Z,633858,18,_
0x77727EF417696F95A10652cF2d02d6421DDA5048,owner-decrease-balance-by-mint-by-overflow,,,,,,_
0x77eeC19c8Ba79B1c7c79311eC810CbF88d924751,owner-decrease-balance-by-mint-by-overflow,,,,,,_
0x7835Da668Ef2f6793AA845bE2F822d5512Da2d3e,owner-decrease-balance-by-mint-by-overflow,,,,,,_
0x78C4Ce8A0f0251dA5fa9238A761cf92B23620ABa,owner-decrease-balance-by-mint-by-overflow,,,,,,_
0x78b1A22bDfB2636D734Ee8093DFC28994c6CC103,owner-decrease-balance-by-mint-by-overflow,,,,,,_
0x7B1D45b747f7E28724d4b32B40Dd07Dc3665cE69,owner-decrease-balance-by-mint-by-overflow,,,,,,_
0x7B69B78Cc7fee48202C208609ae6d1F78Ce42E13,owner-decrease-balance-by-mint-by-overflow,,,,,,_
0x7B880B6c40553eA3F1aA6f2c85453c441FEd1F7d,owner-decrease-balance-by-mint-by-overflow,,,,,,_
0x7C2Dcd52815b16e1CBDA441b45915dc03B5aB3eb,owner-decrease-balance-by-mint-by-overflow,,,,,,_
0x7DAFF44549FA2291521DaD7b2CFA816Dca71D05A,owner-decrease-balance-by-mint-by-overflow,,,,,,_
0x7E2495D14237D66251442C56b67583e9c7f80047,owner-decrease-balance-by-mint-by-overflow,,,,,,_
0x7aB873F7bDd12A2A4Ed4852378479Cc8B2F32940,owner-decrease-balance-by-mint-by-overflow,,,,,,_
0x7b3567464569eD8D6CE4955A2766eAE3AAc1Be47,owner-decrease-balance-by-mint-by-overflow,,,,,,_
0x7dFc425c0425D69CA577d76c6D53A26A6C2CC0ac,owner-decrease-balance-by-mint-by-overflow,,,,,,_
0x7e5BA6B8937dB2E6AD5381D6128773A231676009,owner-decrease-balance-by-mint-by-overflow,,,,,,_
0x7eE2724Fd59caA0B5dAf33601Ca394f1AA8c6E6B,owner-decrease-balance-by-mint-by-overflow,,,,,,_
0x7f08962d948C5c59Cac284035748BE21134ebC2B,owner-decrease-balance-by-mint-by-overflow,,,,,,_
0x801dd252e6B185c56b6e868f46a94D2896A80476,owner-decrease-balance-by-mint-by-overflow,,,,,,_
0x802216857760C60D78F34B7F7D7EC9Cc6af3BFEd,owner-decrease-balance-by-mint-by-overflow,,,,,,_
0x804127525bA898fdCa0f5FEA9Cee4eA2988D3EA7,owner-decrease-balance-by-mint-by-overflow,,,,,,_
0x80754F5833c606D6443CFA315d933ad599FC3D07,owner-decrease-balance-by-mint-by-overflow,,,,,,_
0x809946eCcFd6b3B672A1Cd683FC81778C9556bbc,owner-decrease-balance-by-mint-by-overflow,,,,,,_
0x80a9ca0bEe2A09753d27657F7Ab6d6e018e78B55,owner-decrease-balance-by-mint-by-overflow,,,,,,_
0x815a006B09BA628d6384f726231845b0C537910B,owner-decrease-balance-by-mint-by-overflow,,,,,,_
0x818CA1fa9F88F76D061cddB4169C287E7DbcC6D8,owner-decrease-balance-by-mint-by-overflow,,,,,,_
0x8190983DeEB5896BC88d506076FdF9661E8a6fDf,owner-decrease-balance-by-mint-by-overflow,,,,,,_
0x81A9eBFDCd87cd291Eb5e5260901A898dF3bdafd,owner-decrease-balance-by-mint-by-overflow,,,,,,_
0x81Ff021c38693D301Dc8b21d57A55375cf40Cb3a,owner-decrease-balance-by-mint-by-overflow,,,,,,_
0x81a50a5b598e60F26130F540Ce5D6e78627AD800,owner-decrease-balance-by-mint-by-overflow,,,,,,_
0x826020e146bE225776a433D1fa301962BE6784f5,owner-decrease-balance-by-mint-by-overflow,,,,,,_
0x82c2C4c70649B19C9F4cc5e1e8f20C8233f6CFE1,owner-decrease-balance-by-mint-by-overflow,,,,,,_
0x83b6aD8E37Ab7A4F71da533A35271484270EC6c2,owner-decrease-balance-by-mint-by-overflow,,,,,,_
0x84148e0E8332e5a965aE33aAcB84b6B1A3901Dc5,owner-decrease-balance-by-mint-by-overflow,,,,,,_
0x85BF7653d2514D1BB2c35307D9c448f4ae968EC2,owner-decrease-balance-by-mint-by-overflow,,,,,,_
0x868326eFCA6e89F75a76D141167759f1AD10854C,owner-decrease-balance-by-mint-by-overflow,,,,,,_
0x87A643e8f3258Bf222ec3CC88Ce00aB767bFB213,owner-decrease-balance-by-mint-by-overflow,,,,,,_
0x87ACee9E7CE4B36CCa9d101DD500170E06CDfB23,owner-decrease-balance-by-mint-by-overflow,,,,,,_
0x87BA7ab4AbBD9AA12Ff112224b4Ab0CBBae59395,owner-decrease-balance-by-mint-by-overflow,,,,,,_
0x880a65F76b9e11EEc7917E4447A9F65096a3e80F,owner-decrease-balance-by-mint-by-overflow,,,,,,_
0x883215B54c467865B3b3bE8b8b90FEE6D945bCC7,owner-decrease-balance-by-mint-by-overflow,,,,,,_
0x88EdED8712C5eA071C56284A2078336a551E4EdA,owner-decrease-balance-by-mint-by-overflow,,,,,,_
0x88c46a325254d19F12403643e12356C1A195c88b,owner-decrease-balance-by-mint-by-overflow,,,,,,_
0x8912358D977e123b51EcAd1fFA0cC4A7e32FF774,owner-decrease-balance-by-mint-by-overflow,,,,,,_
0x899850F5B7f34D213a01802c727E7a59a88487A1,owner-decrease-balance-by-mint-by-overflow,,,,,,_
0x8A99ED8a1b204903Ee46e733f2c1286F6d20b177,owner-decrease-balance-by-mint-by-overflow,Fujinto,NTO,@Coinexchange@HitBTC,400000000,18,_
0x8B98F64c83147E498a0f66Dc071348d3Daeee051,owner-decrease-balance-by-mint-by-overflow,,,,,,_
0x8CBe659DCF03388AD6098b0beA656b0F2e4011ba,owner-decrease-balance-by-mint-by-overflow,,,,,,_
0x8D1B194a384b70f3c7d804309Af323A383B1A291,owner-decrease-balance-by-mint-by-overflow,,,,,,_
0x8D397626b256bE03Dd718B77e217eEE82C4940B4,owner-decrease-balance-by-mint-by-overflow,,,,,,_
0x8D3B41DB8265F3f96ffC68D261A332A6b11eF06C,owner-decrease-balance-by-mint-by-overflow,,,,,,_
0x8D859f603042e1C9f60a9a07E5B219861e87556C,owner-decrease-balance-by-mint-by-overflow,,,,,,_
0x8aa9F85aE9297B4f215AC5F809D612f793f6AEF9,owner-decrease-balance-by-mint-by-overflow,,,,,,_
0x8ba49452E12449240425DE9895b1aA51f5F3b90D,owner-decrease-balance-by-mint-by-overflow,,,,,,_
0x8c114e498aF111F1E2185E34880B59880f1C36ce,owner-decrease-balance-by-mint-by-overflow,,,,,,_
0x8ce9411Df545d6b51A9bc52a89E0F6d1B54a06dd,owner-decrease-balance-by-mint-by-overflow,,,,,,_
0x8d15798FC8E90F490DAA4E4B53D30fFed2162C63,owner-decrease-balance-by-mint-by-overflow,,,,,,_
0x8e446571AE749312757567D9a781E427bF992746,owner-decrease-balance-by-mint-by-overflow,,,,,,_
0x90Aa6Fb2c2ab2C9E3fd5634C054d636C708Cd5F3,owner-decrease-balance-by-mint-by-overflow,,,,,,_
0x91c5aC34Ba7A2F204C3158Fd4614e89Cbff34063,owner-decrease-balance-by-mint-by-overflow,,,,,,_
0x926B300a5dabd994BD549257744F05892cEf8f9c,owner-decrease-balance-by-mint-by-overflow,,,,,,_
0x9289582Fe88c9665c49cB8Cf806A03a34baCF821,owner-decrease-balance-by-mint-by-overflow,,,,,,_
0x92a0b95b6926870C5F6fd5F5D8A093f539F650D4,owner-decrease-balance-by-mint-by-overflow,,,,,,_
0x9347A81186287807C1e26A78c172CEE9453932d8,owner-decrease-balance-by-mint-by-overflow,,,,,,_
0x94298F1e0Ab2DFaD6eEFfB1426846a3c29D98090,owner-decrease-balance-by-mint-by-overflow,,,,,,_
0x94Dca4f83baE48822E9Cb011f02f1ac7b8f5E1ED,owner-decrease-balance-by-mint-by-overflow,,,,,,_
0x9502ff0048Cc83b56a9C9e579d6Ff5Ac60497d18,owner-decrease-balance-by-mint-by-overflow,,,,,,_
0x954cefF97a9FdA758A9BfD935c8A356E783bA5a7,owner-decrease-balance-by-mint-by-overflow,,,,,,_
0x95B5A10ed52b84EDD61D8205Bb946323fcaEDbec,owner-decrease-balance-by-mint-by-overflow,,,,,,_
0x95C9C35678C0B54008b1E3A2B0eA1730Fa7dBd06,owner-decrease-balance-by-mint-by-overflow,,,,,,_
0x978b2918dBdCb63FF7c801e768fccc571e5c8ffb,owner-decrease-balance-by-mint-by-overflow,,,,,,_
0x97bA3d8ce6397Ce7aEa59A39E01cCd859C753387,owner-decrease-balance-by-mint-by-overflow,,,,,,_
0x990da731331aE62c3e8f3f73cB4ebeb6F082Bc7c,owner-decrease-balance-by-mint-by-overflow,,,,,,_
0x9A7069c319E0052e071fcB437c8AA3343555dadC,owner-decrease-balance-by-mint-by-overflow,,,,,,_
0x9ACcB8fE0D9DF53cE0040bc78d1294E1F55DcC88,owner-decrease-balance-by-mint-by-overflow,,,,,,_
0x9B745C272566FE29C7BAa8ae2ad77B0Fd239859e,owner-decrease-balance-by-mint-by-overflow,,,,,,_
0x9C3Ed43fdD2664D6D0e5399cFf4720106a544d0F,owner-decrease-balance-by-mint-by-overflow,,,,,,_
0x9Cacf0f744FccbEB5930Ffbf933750255a96b441,owner-decrease-balance-by-mint-by-overflow,,,,,,_
0x9Cc3AFa655fbdD796b60c171C5aBe2Be5306599D,owner-decrease-balance-by-mint-by-overflow,,,,,,_
0x9D5bd53fc23D6485A80B9879097E67a797365Ca5,owner-decrease-balance-by-mint-by-overflow,,,,,,_
0x9E037857306D5c1206754161De360b5475470009,owner-decrease-balance-by-mint-by-overflow,,,,,,_
0x9F6b043aEBf45C3BEF56900ED96CB5191A68998D,owner-decrease-balance-by-mint-by-overflow,,,,,,_
0x9a6173C1A4739662dC81A7b47F457731a3a67578,owner-decrease-balance-by-mint-by-overflow,,,,,,_
0x9ab4FD2234D75CfA894C394b367e48055b531e56,owner-decrease-balance-by-mint-by-overflow,,,,,,_
0x9e41d11EBCeF755896C717b93685E97F1a276f8e,owner-decrease-balance-by-mint-by-overflow,,,,,,_
0x9ef21a1ACFF7F9B1950d7c9b597d4cfb4C297c77,owner-decrease-balance-by-mint-by-overflow,,,,,,_
0x9f03d94bf3545153cb28014bC7D1e7177cA99034,owner-decrease-balance-by-mint-by-overflow,,,,,,_
0x9f75247D6FECd9241fF53aAD93C6b18D0e8d1455,owner-decrease-balance-by-mint-by-overflow,,,,,,_
0x9fc54a05F1870e61E00bB6D05f71B614e4e1A68A,owner-decrease-balance-by-mint-by-overflow,,,,,,_
0x9fe173573B3f3cf4AEBce5Fd5Bef957B9a6686e8,owner-decrease-balance-by-mint-by-overflow,,,,,,_
0xA0de717714178300ae3834D32aa8703212ab1829,owner-decrease-balance-by-mint-by-overflow,,,,,,_
0xA1f87895550EAc6a8e9E4318466F482612a5986D,owner-decrease-balance-by-mint-by-overflow,,,,,,_
0xA294e709489F55970c5A0A0bF4c357ACf9109546,owner-decrease-balance-by-mint-by-overflow,,,,,,_
0xA35E4a5C0C228a342c197e3440dFF1A584cc479C,owner-decrease-balance-by-mint-by-overflow,,,,,,_
0xA43Ef3Ec09C844DcCB09B4d193a7F407bD81F264,owner-decrease-balance-by-mint-by-overflow,,,,,,_
0xA5d16701261dc029061303c4b5D1Af276F815d95,owner-decrease-balance-by-mint-by-overflow,,,,,,_
0xA7586311970BB3498A10244e654830830BF0219C,owner-decrease-balance-by-mint-by-overflow,,,,,,_
0xA7A3De21f9505eaA8a4D34Ae2d5497F8D5dF35c2,owner-decrease-balance-by-mint-by-overflow,,,,,,_
0xA8Ff79ae4D596341915C93DFC26fC3B5BC96b743,owner-decrease-balance-by-mint-by-overflow,,,,,,_
0xA9673001FcB3356e013398a42D49CEC95d437547,owner-decrease-balance-by-mint-by-overflow,,,,,,_
0xAD009DDAEC78B3371F15403c9C69dA113C22f708,owner-decrease-balance-by-mint-by-overflow,,,,,,_
0xAE1193D58295bBE7A9219606E10dde41b77D73aa,owner-decrease-balance-by-mint-by-overflow,,,,,,_
0xAa4832b9D8E784ccf8B2aae438E67267828912f7,owner-decrease-balance-by-mint-by-overflow,,,,,,_
0xAb3a93b317DeF7426C8345538690036cB92A11E6,owner-decrease-balance-by-mint-by-overflow,,,,,,_
0xAba4fA934ef1c33fAB46e88827acd9cC0bD8F9eC,owner-decrease-balance-by-mint-by-overflow,,,,,,_
0xAc1ec3143B89d5b263D9194Db216EA068e0F3DC9,owner-decrease-balance-by-mint-by-overflow,,,,,,_
0xAc3Da587eac229C9896D919aBC235CA4Fd7f72c1,owner-decrease-balance-by-mint-by-overflow,Target Coin,TGT,@CoinExchange@HitBTC,2000100000,1,_
0xAe6e2aAcD4944256af994485C97713E90433D9a6,owner-decrease-balance-by-mint-by-overflow,,,,,,_
0xB066ab1CcEfbaB273Efd7AFf756157DB061F4a80,owner-decrease-balance-by-mint-by-overflow,,,,,,_
0xB09FFc23a548D34E793De4a29Ed0560ea5150117,owner-decrease-balance-by-mint-by-overflow,,,,,,_
0xB1bD9e21cCbEc1102e61e6613BDd018eAa24c77b,owner-decrease-balance-by-mint-by-overflow,,,,,,_
0xB2e6a5Cc6c24d36dc86D1AD7B950B18dcbcA3239,owner-decrease-balance-by-mint-by-overflow,,,,,,_
0xB33D73a8Aecb5a87173a27503507547752ed9310,owner-decrease-balance-by-mint-by-overflow,,,,,,_
0xB3C0C7214f4028516E2775bbf8aDf0F7CeffDC2a,owner-decrease-balance-by-mint-by-overflow,,,,,,_
0xB5bfe2803e37525aC9F16A60f208b1C33c878347,owner-decrease-balance-by-mint-by-overflow,,,,,,_
0xB743534c417f0B27Ad4f2D8C31c31B71039A23B4,owner-decrease-balance-by-mint-by-overflow,,,,,,_
0xB7ca84B8AaCA998dA5E83AE5E8Bb66F73Ca39b14,owner-decrease-balance-by-mint-by-overflow,,,,,,_
0xB7cc4f093436b966B671ad9d0C09e7a6c37B4A81,owner-decrease-balance-by-mint-by-overflow,,,,,,_
0xB939C757bdFC75E28E1ae2b8c1a4640180B6087E,owner-decrease-balance-by-mint-by-overflow,,,,,,_
0xBDC8CBc948d08B13238193b8FfD57215D33D7108,owner-decrease-balance-by-mint-by-overflow,,,,,,_
0xBa05Aff5A97C2190499FE607F3E894c79F84a8B8,owner-decrease-balance-by-mint-by-overflow,,,,,,_
0xC27675604e69C559805ACa3E2E00c533729bfB21,owner-decrease-balance-by-mint-by-overflow,,,,,,_
0xC32088Cf2E82426E29b5E623082F7793114F1259,owner-decrease-balance-by-mint-by-overflow,,,,,,_
0xC4742D73D8262D9FBfcCefB52F2007a39dEaba51,owner-decrease-balance-by-mint-by-overflow,,,,,,_
0xCCfA96A6E2B6409b2E2E36c20754e1A54cB3f4a3,owner-decrease-balance-by-mint-by-overflow,,,,,,_
0xCD170dd71d7df25d17a8e48a17db41Eb7c720Cce,owner-decrease-balance-by-mint-by-overflow,,,,,,_
0xCE3E1aCB55E54B6324A5852AB1848bCdE645e8E2,owner-decrease-balance-by-mint-by-overflow,,,,,,_
0xCF26e90169F00bDBC7018eA203b55f0ec8bA426C,owner-decrease-balance-by-mint-by-overflow,,,,,,_
0xD198Ae437005AbFaD5a115ff01d52786167def29,owner-decrease-balance-by-mint-by-overflow,,,,,,_
0xD1F0740eA97aab8430d69D12D00443A5a84F5d87,owner-decrease-balance-by-mint-by-overflow,,,,,,_
0xD2Fcf24fA0034B655e308770DD0F615d8E3bA27E,owner-decrease-balance-by-mint-by-overflow,,,,,,_
0xD317fF47DC7e1423e5e050870A66332833E5fD88,owner-decrease-balance-by-mint-by-overflow,,,,,,_
0xD389c08bb987dd7DAeB31f51fcE1B5b73710B38E,owner-decrease-balance-by-mint-by-overflow,,,,,,_
0xD69371Ecd5E8e7dD09582cE88Bd6BDe81526f3c2,owner-decrease-balance-by-mint-by-overflow,,,,,,_
0xD6CaB260D719B1691982f7620ACf0cA0708cB2Fc,owner-decrease-balance-by-mint-by-overflow,,,,,,_
0xD810650Bd094A2Eba59912ECFc07Ee108699116C,owner-decrease-balance-by-mint-by-overflow,,,,,,_
0xD8a2e9d14165e4f1EAa7af6482c01d308b36B118,owner-decrease-balance-by-mint-by-overflow,,,,,,_
0xD9BaBaf28e492F90dC900506B28834316eDed9e6,owner-decrease-balance-by-mint-by-overflow,,,,,,_
0xDC926b36B7FAAdAa1DaA1C8bFb60B6e7a88faDAe,owner-decrease-balance-by-mint-by-overflow,,,,,,_
0xDe0df6633389e6bA997c6Db843c5d4dD3F378B6f,owner-decrease-balance-by-mint-by-overflow,,,,,,_
0xDeF363bA0eff3a770A6C21CCC12f363D84f826A2,owner-decrease-balance-by-mint-by-overflow,,,,,,_
0xDf07Fa1b102c00124E96F18Ea612bbbe553f50e1,owner-decrease-balance-by-mint-by-overflow,,,,,,_
0xDfCCdbD82b578CFD862a9F9741b2dDCD2C9B1E22,owner-decrease-balance-by-mint-by-overflow,,,,,,_
0xE0D7E20c495f6bE6B69CC77c6AfdB02E00a2beAf,owner-decrease-balance-by-mint-by-overflow,,,,,,_
0xE1869B441fBb9aA1F3B80607bc54AcFF1693F7B6,owner-decrease-balance-by-mint-by-overflow,,,,,,_
0xE2fA3d7B292c216390AbAd4c625d5f2524B85A1f,owner-decrease-balance-by-mint-by-overflow,,,,,,_
0xE30c76C611456F09F95d8354a6Cd14aA3677D26A,owner-decrease-balance-by-mint-by-overflow,,,,,,_
0xE3418614Cbd19D20a6884042754d7E5Ff3648Ab5,owner-decrease-balance-by-mint-by-overflow,,,,,,_
0xE42Ba5558b00d2E6109CC60412d5D4c9473FE998,owner-decrease-balance-by-mint-by-overflow,,,,,,_
0xE43c2d2814d77174Ac5EB21FD1bCE3a674b14888,owner-decrease-balance-by-mint-by-overflow,,,,,,_
0xE51601f59A610DAc06868aa711A05e9a4e291256,owner-decrease-balance-by-mint-by-overflow,,,,,,_
0xE9a79ebfD3406a7F05A8Dd01291E9ba921a83753,owner-decrease-balance-by-mint-by-overflow,,,,,,_
0xE9e03497fBF8f9463b2124fe2c8CeB8C3C92d8CD,owner-decrease-balance-by-mint-by-overflow,,,,,,_
0xEB48AFc1f0BcD8a3fe723DADD48A7b61e11691c8,owner-decrease-balance-by-mint-by-overflow,,,,,,_
0xEE477b54bcB99Ad2F5F7DeCe17069188e3bB69f4,owner-decrease-balance-by-mint-by-overflow,,,,,,_
0xEFFD52cB65a43F27Da10004B0b43e0FE4457D8B9,owner-decrease-balance-by-mint-by-overflow,,,,,,_
0xEea2DA79d41b2161f48d93e579Ae6835dCF0e7E6,owner-decrease-balance-by-mint-by-overflow,,,,,,_
0xF265b27C698f9687eD04876e2f99D8BE45ECDC57,owner-decrease-balance-by-mint-by-overflow,,,,,,_
0xF26a3792Ac7Bc158f9c2Df197BE569d4842C24be,owner-decrease-balance-by-mint-by-overflow,,,,,,_
0xF2b4020938D1DdFDAd4ab50230675066dd711A1e,owner-decrease-balance-by-mint-by-overflow,,,,,,_
0xF3836bC7415dfB67B4Bf8427E37705b1a81e1173,owner-decrease-balance-by-mint-by-overflow,,,,,,_
0xF3b1110C90Fe991310A26742ec6c9cEEbBc6bDD6,owner-decrease-balance-by-mint-by-overflow,,,,,,_
0xF4555cCf9f069366B0a9b847E4F23F978CFe74C0,owner-decrease-balance-by-mint-by-overflow,,,,,,_
0xF4f5E4c5d5DFD01a3604016BC861ac3654A0c2E2,owner-decrease-balance-by-mint-by-overflow,,,,,,_
0xF5797eF01Af8B94B6396020eC817FC3C6a2B737a,owner-decrease-balance-by-mint-by-overflow,,,,,,_
0xF6e83FED8C4B636aAa057fc087200044BF010038,owner-decrease-balance-by-mint-by-overflow,,,,,,_
0xF8DFaC6CAe56736FD2a05e45108490C6Cb40147D,owner-decrease-balance-by-mint-by-overflow,,,,,,_
0xFD6D57b5eBDcC70B3196592B33cBE0b7149E5a27,owner-decrease-balance-by-mint-by-overflow,,,,,,_
0xFb07Cd636d26b660c8599e5778B6A2BfbB5f0EE9,owner-decrease-balance-by-mint-by-overflow,,,,,,_
0xFdF475788c31C57E85f2C48aDd16164FB5AC84e3,owner-decrease-balance-by-mint-by-overflow,,,,,,_
0xFf1642F2ED00D802cc305BE21E6dc1D1e4F19a67,owner-decrease-balance-by-mint-by-overflow,,,,,,_
0xa25d9E3C177A45265349D4BD37B23ec2669DeA5B,owner-decrease-balance-by-mint-by-overflow,,,,,,_
0xa33e729bf4fdeb868B534e1f20523463D9C46bEe,owner-decrease-balance-by-mint-by-overflow,,,,,,_
0xa47178Da1119218Bc2A8dd9e3251ee89b7c7E7f0,owner-decrease-balance-by-mint-by-overflow,,,,,,_
0xa48B17989eBD60F670D65b41f9Cfb83eC02FCC33,owner-decrease-balance-by-mint-by-overflow,,,,,,_
0xa64c3956D55592fa20762D8e62eB5B8E6f8AaAd0,owner-decrease-balance-by-mint-by-overflow,,,,,,_
0xa6768Ab9252e71cA6bBaDA32B21B91a1cB703C63,owner-decrease-balance-by-mint-by-overflow,,,,,,_
0xa6B0412276B2484cfB370890B9d07e0c8F1F7684,owner-decrease-balance-by-mint-by-overflow,,,,,,_
0xa716a3b1C469dC3183F8105497ee053d0532F8E1,owner-decrease-balance-by-mint-by-overflow,,,,,,_
0xaD5De4De1A10353126460Ead7dfE52E836f4B64d,owner-decrease-balance-by-mint-by-overflow,,,,,,_
0xaaabD58B6D94b21859F9Fc2B4E829f532283Cf69,owner-decrease-balance-by-mint-by-overflow,,,,,,_
0xad12B1CCBb2079789dC0F49787b2aaACE4AB40DF,owner-decrease-balance-by-mint-by-overflow,,,,,,_
0xadf9CDE5c929ACA0D94A3C90ee31B2A10bA2d35E,owner-decrease-balance-by-mint-by-overflow,,,,,,_
0xae6d996aA4cf10db1c3a1027b75e7e3bF34a39D2,owner-decrease-balance-by-mint-by-overflow,,,,,,_
0xb0DC7fdB068aBA78Cd79e1BF9006196fF3299C8f,owner-decrease-balance-by-mint-by-overflow,,,,,,_
0xb160cfb609C5200a906Af8C7bFfB16bBD74f299C,owner-decrease-balance-by-mint-by-overflow,,,,,,_
0xb2723a0A68D9068d673a42Ea314729a721251d02,owner-decrease-balance-by-mint-by-overflow,,,,,,_
0xb301471F0e34517baaBa28344a03A0e21a43141e,owner-decrease-balance-by-mint-by-overflow,,,,,,_
0xb4494785c9507fef536ccb3755407BD708585A53,owner-decrease-balance-by-mint-by-overflow,,,,,,_
0xb4cA4689805AeA93BE2907a95e1DCC4bFD12420b,owner-decrease-balance-by-mint-by-overflow,,,,,,_
0xb57E2EC276460a993393cA1bB2BdAe6c8170c73A,owner-decrease-balance-by-mint-by-overflow,,,,,,_
0xb57bB80bc676Bc1134432860bd27A9D048ABe0B0,owner-decrease-balance-by-mint-by-overflow,,,,,,_
0xb679aFD97bCBc7448C1B327795c3eF226b39f0E9,owner-decrease-balance-by-mint-by-overflow,,,,,,_
0xb680123B24cb58B353075e8d5226d4c5ff41Fb9f,owner-decrease-balance-by-mint-by-overflow,,,,,,_
0xb68454C8E9979053558Dd688C99Fc5cd71cB26ea,owner-decrease-balance-by-mint-by-overflow,,,,,,_
0xb697a802A93C9EF958ec93ddF4D5800C5a01F7d4,owner-decrease-balance-by-mint-by-overflow,,,,,,_
0xb7FE7B2B723020Cf668Db4F78992d10F81990fc4,owner-decrease-balance-by-mint-by-overflow,,,,,,_
0xb7d25b738cC48A0b721b5A3f2fDce9cCbb121e1f,owner-decrease-balance-by-mint-by-overflow,,,,,,_
0xb847E25e3095Fc80a2608C46Efd745696452B91c,owner-decrease-balance-by-mint-by-overflow,,,,,,_
0xbAf9d121D6447B19e95f48FAd834a0dff1a92691,owner-decrease-balance-by-mint-by-overflow,,,,,,_
0xbBf10d6547453bBd3117C2Bb5dA4Ea2ADdCd5b33,owner-decrease-balance-by-mint-by-overflow,,,,,,_
0xbE180Bde908aAaCE965545e86Ea0dB5208A02314,owner-decrease-balance-by-mint-by-overflow,,,,,,_
0xbbd021F65e0B26149EAd8BC042F343c402d84495,owner-decrease-balance-by-mint-by-overflow,,,,,,_
0xbf4A123C8124F995784f8aF11F284A86b36b3a8C,owner-decrease-balance-by-mint-by-overflow,,,,,,_
0xc00F7746c5C3cE7616d0aA35607658E547306Dc0,owner-decrease-balance-by-mint-by-overflow,,,,,,_
0xc0d6B253124C7718965f755e832C5418112cF28d,owner-decrease-balance-by-mint-by-overflow,,,,,,_
0xc139824910B6bf2678b2D15EbBC8D35E899Ad80f,owner-decrease-balance-by-mint-by-overflow,,,,,,_
0xc2c74F6eA632A6beB1F55b4171CCD608e0575C3B,owner-decrease-balance-by-mint-by-overflow,,,,,,_
0xc2f76A1D2e9FB4DBDf36283A7F1208C366d268c2,owner-decrease-balance-by-mint-by-overflow,,,,,,_
0xc310755f88145cabcAA06c714cD668b5465DceaA,owner-decrease-balance-by-mint-by-overflow,,,,,,_
0xc45589DdaE88E55D128CA2F18A73303C553170A3,owner-decrease-balance-by-mint-by-overflow,,,,,,_
0xc52694E7832594F2AaF2536c777024fb5C1AE9Da,owner-decrease-balance-by-mint-by-overflow,,,,,,_
0xc96c626588e62D059c87A8FDdf851641bC69aE6e,owner-decrease-balance-by-mint-by-overflow,,,,,,_
0xcc70B973a47DC7305b6d1145f32C58Bbb0587F6F,owner-decrease-balance-by-mint-by-overflow,,,,,,_
0xcdA36122909F77bCa1cC45371335627E4e488e6E,owner-decrease-balance-by-mint-by-overflow,,,,,,_
0xce58D27Fd266E63C4055Ce1B77c6fd6E0a74190b,owner-decrease-balance-by-mint-by-overflow,,,,,,_
0xceee9674D46387d61a5B55b30Fc3cC67a7d0416C,owner-decrease-balance-by-mint-by-overflow,,,,,,_
0xd244fF971A90e3d44593E0DfCe3C67a8dF0a1eb9,owner-decrease-balance-by-mint-by-overflow,,,,,,_
0xd542e410dF1D87361805832261826D65562c2438,owner-decrease-balance-by-mint-by-overflow,,,,,,_
0xd59B961D5Be7aE59486CF4431cBd5534C9EF4F0d,owner-decrease-balance-by-mint-by-overflow,,,,,,_
0xd71e21055F4b0ff413f5fA826B79c511A10baE6C,owner-decrease-balance-by-mint-by-overflow,,,,,,_
0xd7Cf04472739Aaa2565Af739E2e1d08f99eC8981,owner-decrease-balance-by-mint-by-overflow,,,,,,_
0xdA908DCf358351d79e5051A7118c9318F67fCfC9,owner-decrease-balance-by-mint-by-overflow,,,,,,_
0xdC448E8A2a92a5CE799b197E982d773C605318a4,owner-decrease-balance-by-mint-by-overflow,,,,,,_
0xdDAAF8C81A16719A9637a2e110AF4C25612587c4,owner-decrease-balance-by-mint-by-overflow,,,,,,_
0xdE305be24CD8089D02fFDb82422D767907634F0f,owner-decrease-balance-by-mint-by-overflow,,,,,,_
0xdFF8e7f5496D1e1A4Af3497Cb4712017a9C65442,owner-decrease-balance-by-mint-by-overflow,,,,,,_
0xdaa7b48567Fa36d00d2d1213DE4621A3F769B155,owner-decrease-balance-by-mint-by-overflow,,,,,,_
0xdaecaC3bF07B2170341b5a5B20e0edf35DAA4D50,owner-decrease-balance-by-mint-by-overflow,,,,,,_
0xdd007278B667F6bef52fD0a4c23604aA1f96039a,owner-decrease-balance-by-mint-by-overflow,,,,,,_
0xe3EeB1BE813f81C04979f8d0B5D2012DA78DA0C8,owner-decrease-balance-by-mint-by-overflow,,,,,,_
0xe5C9F94F94fdA66F1A0704942Ee2a3A827773beA,owner-decrease-balance-by-mint-by-overflow,,,,,,_
0xe649E289bc2A29E3C7bEEBD187BA3ee2B0cDC759,owner-decrease-balance-by-mint-by-overflow,,,,,,_
0xe6923E9b56Db1EeD1c9f430Ea761DA7565e260Fe,owner-decrease-balance-by-mint-by-overflow,,,,,,_
0xe887d4FCeD09cb2904dbA4f7Db1cC46e29d39579,owner-decrease-balance-by-mint-by-overflow,,,,,,_
0xe8d5a2Fc2ff2d5de90C98DAA6aaED8b250D7965B,owner-decrease-balance-by-mint-by-overflow,,,,,,_
0xeC80c5BfDdE9ffd66547A80986403F5ae2831888,owner-decrease-balance-by-mint-by-overflow,,,,,,_
0xeCf5fCEE50e96F8d894E0c1303Cff19CE16961b8,owner-decrease-balance-by-mint-by-overflow,,,,,,_
0xeDcBFdF37c11aA36dAaA6944386E494aE00e2D42,owner-decrease-balance-by-mint-by-overflow,,,,,,_
0xec8E116d8840EdCD78F9F6Cd108d187FD6ceA7FB,owner-decrease-balance-by-mint-by-overflow,,,,,,_
0xecA830118a8cA1D50dDbAC719760405e403947a6,owner-decrease-balance-by-mint-by-overflow,,,,,,_
0xf1D4BD7419820A565B7d12ba1EFFF8b8DF3CE14b,owner-decrease-balance-by-mint-by-overflow,,,,,,_
0xf310D06a54EdA5D5AE204b0aa9B5E207972d80b9,owner-decrease-balance-by-mint-by-overflow,,,,,,_
0xf3EDd86EdA24922d6178737E834c78368c36EC8E,owner-decrease-balance-by-mint-by-overflow,,,,,,_
0xf4194a1046aaaB13f43Cc08f2a91157a2e065b02,owner-decrease-balance-by-mint-by-overflow,,,,,,_
0xf5004f3cfdfFa92d8b6012038506aF9180A653ba,owner-decrease-balance-by-mint-by-overflow,,,,,,_
0xf556eB074274b572a9e863C29840507afFC9EbA2,owner-decrease-balance-by-mint-by-overflow,,,,,,_
0xf8b1153Fb2FA0B505F7b0616Da4Ce59E872569C6,owner-decrease-balance-by-mint-by-overflow,,,,,,_
0xfA1d63b87f40C92D27bFb255419C1Ea8C49086de,owner-decrease-balance-by-mint-by-overflow,,,,,,_
0xfb9Ec6aF1705B4d93213E32CB245eb08E931Eeb8,owner-decrease-balance-by-mint-by-overflow,,,,,,_
