addr,category,name,symbol,exchanges,totalSupply,decimals,info
0x01982364172d4C429372F37ACE5d47FE4f71F862,verify-reverse-in-transferFrom,,,,,,_
0x066420fF2aF331b3F7c1a5925121e068c69614dF,verify-reverse-in-transferFrom,,,,,,_
0x0B4cE72A70e87BEe66e0f43E9c861366e9D7DE19,verify-reverse-in-transferFrom,,,,,,_
0x129AcF3033AdF867E186141Ed182EAfD39596436,verify-reverse-in-transferFrom,,,,,,_
0x12CCA3373658D7D9a6d92403065377723ceB7B9b,verify-reverse-in-transferFrom,,,,,,_
0x130282173B796f75E0EB65eAF9F4d10835E1287a,verify-reverse-in-transferFrom,,,,,,_
0x1443616b940AEA9fD52ADd2EbDc6966a4ac5F27d,verify-reverse-in-transferFrom,,,,,,_
0x14c7a2cE7482C3c66897dcAe3EEd5d62985f5E86,verify-reverse-in-transferFrom,,,,,,_
0x173905A75a0244fcb20DB32DbaCfAdD3996CC702,verify-reverse-in-transferFrom,,,,,,_
0x17E4cc902015958839e693f179F49C75696381CE,verify-reverse-in-transferFrom,,,,,,_
0x19e6cA4150156c3A5281bb7F5BD8574618865C22,verify-reverse-in-transferFrom,,,,,,_
0x1Da1BcfBE6c073d1b5f77F5fA57375D79D6a0Ff3,verify-reverse-in-transferFrom,,,,,,_
0x1b5ED05690A6B04533F09185AFE03Ff2371835C2,verify-reverse-in-transferFrom,,,,,,_
0x2046f6C27E93a3c9D7780c834A067deE572EFa20,verify-reverse-in-transferFrom,,,,,,_
0x2160E6c0aE8cA7D62fE1F57fC049F8363283Ff5f,verify-reverse-in-transferFrom,,,,,,_
0x22C84BA1f050f4ED6EED40D8A982340D1A5832B4,verify-reverse-in-transferFrom,,,,,,_
0x2636E24D8c1c820eE786aA16Df2085f852b677f5,verify-reverse-in-transferFrom,,,,,,_
0x27f706edde3aD952EF647Dd67E24e38CD0803DD6,verify-reverse-in-transferFrom,Useless Ethereum Token,UET,@HitBTC,3965716,18,_
0x33100e018d138676631542d7c6577953f721c57b,verify-reverse-in-transferFrom,,,,,,_
0x3686986e559f257CfAccB44F17af5b245E45814F,verify-reverse-in-transferFrom,,,,,,_
0x3DF0c635946FDe2785528FD32803Ea1bd59C9d80,verify-reverse-in-transferFrom,,,,,,_
0x3F17Af8d4e950eCCE6f24bFaf0E43a56d8FB3491,verify-reverse-in-transferFrom,,,,,,_
0x3a4087FC4309DCBf04770506Ea45788BB0BFDa65,verify-reverse-in-transferFrom,,,,,,_
0x42718620862272dC629979a2DB3E7EFE69876EB0,verify-reverse-in-transferFrom,,,,,,_
0x441398b701809C617004A93EbA2c9c701D439375,verify-reverse-in-transferFrom,,,,,,_
0x48a6c4E778017D05916F56A227d5797c12652C21,verify-reverse-in-transferFrom,,,,,,_
0x49488350B4B2Ed2Fd164dd0d50B00E7E3F531651,verify-reverse-in-transferFrom,,,,,,_
0x511c1343c41900DbD64dDBAc04635f4Ef25177c8,verify-reverse-in-transferFrom,,,,,,_
0x59b8d11d50Ab6615F9cd430743BaF646Fb8966c6,verify-reverse-in-transferFrom,,,,,,_
0x628a0BBC7425420a6Ba8835458ca6380730F1742,verify-reverse-in-transferFrom,,,,,,_
0x636740E327726fa05f720B10eC2D71e0cd4Ae2A4,verify-reverse-in-transferFrom,,,,,,_
0x6940c3a2f57b2867d18f2A160B5736cBC172F0dE,verify-reverse-in-transferFrom,,,,,,_
0x6Da1aC2756bbf05faCc9A863fbe2E1a887D0D092,verify-reverse-in-transferFrom,,,,,,_
0x6E372de677945D2cf60896f027AF35AA6b6FF45B,verify-reverse-in-transferFrom,,,,,,_
0x723035B0A191bb440dAd962bd0B6fD544c0126f7,verify-reverse-in-transferFrom,,,,,,_
0x732e28b4A2FAE96461F6b4CFAE8165d8A0d464D6,verify-reverse-in-transferFrom,,,,,,_
0x73bd8F8e0beec2b9cb55deccb4Ea72B26Fed3359,verify-reverse-in-transferFrom,,,,,,_
0x7aB1ab85fD3b4aaEC73866C0BD646C301a1a6825,verify-reverse-in-transferFrom,,,,,,_
0x817FBb2936F5E2E972C91b8787957FcD45cad13C,verify-reverse-in-transferFrom,,,,,,_
0x823c431Dec478103a3fD637D2B60F948b810Ca86,verify-reverse-in-transferFrom,,,,,,_
0x8Aa7Fb11ed6893c8FEA046a7F847fB834D9A9133,verify-reverse-in-transferFrom,,,,,,_
0x8b9C35C79AF5319C70dd9A3E3850F368822ED64E,verify-reverse-in-transferFrom,,,,,,_
0x91126CFA7dB2983527B0B749CC8a61fdeFFeDC28,verify-reverse-in-transferFrom,,,,,,_
0x96114F9b22060E203dFB327c36bD3c1378590ef5,verify-reverse-in-transferFrom,,,,,,_
0x9653cFd0865ad8313BEA2f0C2EC0584BFd05115B,verify-reverse-in-transferFrom,FuturXE,FXE,@CoinExchange,84000000,8,_
0x97244c7640c8A7d525E056E1b020204D9e0742c6,verify-reverse-in-transferFrom,,,,,,_
0x9d1E27d75622cc16e35EfB482cfbFA987DA331a9,verify-reverse-in-transferFrom,,,,,,_
0xA3479736e9d2BeD529F14d787B4d16F4d0748256,verify-reverse-in-transferFrom,,,,,,_
0xA8015120379D11602999d9caf162B7D507cA650A,verify-reverse-in-transferFrom,,,,,,_
0xAAfcDA1721CD51eD7dFC4DD23029dB4C02e04Eca,verify-reverse-in-transferFrom,,,,,,_
0xAFAbe4280633530a015150f6aCF2993112Db6817,verify-reverse-in-transferFrom,,,,,,_
0xB6346b0CF3925b8758b5D98CD19703d2c5239e99,verify-reverse-in-transferFrom,,,,,,_
0xB9bdF88704B957b4B8df79fBFC602F50089CC2b1,verify-reverse-in-transferFrom,,,,,,_
0xC599523f90Dc823b9c9dBb3859e22774B46BF6ba,verify-reverse-in-transferFrom,,,,,,_
0xCDA0f7d68eB1398D459458FA3B31751a65030e6e,verify-reverse-in-transferFrom,,,,,,_
0xCc9CceAeff5fFcf4c3657F78B11Ad59a46dA0B55,verify-reverse-in-transferFrom,,,,,,_
0xD65960FAcb8E4a2dFcb2C2212cb2e44a02e2a57E,verify-reverse-in-transferFrom,Soarcoin,Soar,@Livecoin,5000000000,6,_
0xD7a51e8e9114849eAe481E5887C831248a691Acb,verify-reverse-in-transferFrom,,,,,,_
0xD8905661e00c730e1917C099D79026F7ca53D105,verify-reverse-in-transferFrom,,,,,,_
0xDbe46C0E6526e9068DA1626acfDdfF2386635045,verify-reverse-in-transferFrom,,,,,,_
0xE13c798fcB949C5b9cA1FD818F5F04FB73Dc343f,verify-reverse-in-transferFrom,,,,,,_
0xE147416564f94232e9111A5b71f5EAC58Aaea02a,verify-reverse-in-transferFrom,,,,,,_
0xE17264F0cb214E9B3CE820636B1243110C7Ae7e9,verify-reverse-in-transferFrom,,,,,,_
0xE9c021D1C14f28bdF0016260B552661B9e84AAC4,verify-reverse-in-transferFrom,,,,,,_
0xF6d300C651E892E48718689b426757fbF01FAb2b,verify-reverse-in-transferFrom,,,,,,_
0xF9eE6ac0e603b4D8F8A3d23C29b9Bb5bE84469F6,verify-reverse-in-transferFrom,,,,,,_
0xaA5725375313Fd8c002D1eEa04AFD04D99156Ea0,verify-reverse-in-transferFrom,,,,,,_
0xb50c7dAEF9EC0F8B38fb742b5C5D4697318Fd223,verify-reverse-in-transferFrom,,,,,,_
0xb826E285eb1998181E11Aed83B6617484d5CCCAf,verify-reverse-in-transferFrom,,,,,,_
0xbe5c1C298D0088886146A906CDfD83539a8cc0Ad,verify-reverse-in-transferFrom,,,,,,_
0xcc4BB7948Ac97b0dd8857552a69893cd0F03ee17,verify-reverse-in-transferFrom,,,,,,_
0xce46F8562eae3b1D7632Be1e6dA0553A2796a404,verify-reverse-in-transferFrom,,,,,,_
0xdA017D3417d7FCdd4Db134E2491f30292EC647c7,verify-reverse-in-transferFrom,,,,,,_
0xdab0C31BF34C897Fb0Fe90D12EC9401caf5c36Ec,verify-reverse-in-transferFrom,,,,,,_
0xe34Cf351b3D64e7C7762e928E69cb87770e203C6,verify-reverse-in-transferFrom,,,,,,_
0xf084d5BC3e35e3D903260267EbD545c49c6013D0,verify-reverse-in-transferFrom,,,,,,_
0xf0D20Ae17804be1E5Fd400F04991AeB0FFed5a03,verify-reverse-in-transferFrom,,,,,,_
0xf67462B1d032f51646C09196C2bD30aD0cFbad8D,verify-reverse-in-transferFrom,,,,,,_
0xf8B89Bf6121792455C8604FcA6e43B8fa5E15E69,verify-reverse-in-transferFrom,,,,,,_
