{
  "vendorListVersion": 5,
  "lastUpdated": "2018-04-20T16:22:32Z",
  "purposes": [
	{
	  "id": 1,
	  "name": "Storage and access of information",
	  "description": "The storage of information, or access to information that is already stored, on your device such as accessing advertising identifiers and/or other device identifiers, and/or using cookies or similar technologies."
	},
	{
	  "id": 2,
	  "name": "Personalisation",
	  "description": "The collection and processing of information about your use of this site to subsequently personalize advertising for you in other contexts, i.e. on other sites or apps, over time. Typically, the content of the site or app is used to make inferences about your interests which inform future selections."
	},
	{
	  "id": 3,
	  "name": "Ad selection, delivery, reporting",
	  "description": "The collection of information, and combination with previously collected information, to select and deliver advertisements for you, and to measure the delivery and effectiveness of such advertisements. This includes using previously collected information about your interests to select ads, processing data about what advertisements were shown, how often they were shown, when and where they were shown, and whether you took any action related to the advertisement, including for example clicking an ad or making a purchase. "
	},
	{
	  "id": 4,
	  "name": "Content selection, delivery, reporting",
	  "description": "The collection of information, and combination with previously collected information, to select and deliver content for you, and to measure the delivery and effectiveness of such content. This includes using previously collected information about your interests to select content, processing data about what content was shown, how often or how long it was shown, when and where it was shown, and whether the you took any action related to the content, including for example clicking on content. "
	},
	{
	  "id": 5,
	  "name": "Measurement",
	  "description": "The collection of information about your use of the content, and combination with previously collected information, used to measure, understand, and report on your usage of the content."
	}
  ],
  "features": [
	{
	  "id": 1,
	  "name": "Matching Data to Offline Sources",
	  "description": "Combining data from offline sources that were initially collected in other contexts."
	},
	{
	  "id": 2,
	  "name": "Linking Devices",
	  "description": "Allow processing of a user's data to connect such user across multiple devices."
	},
	{
	  "id": 3,
	  "name": "Precise Geographic Location Data",
	  "description": "Allow processing of a user's precise geographic location data in support of a purpose for which that certain third party has consent."
	}
  ],
  "vendors": [
	{
	  "id": 8,
	  "name": "Emerse Sverige AB",
	  "policyUrl": "https://www.emerse.com/privacy-policy/",
	  "purposeIds": [
		1,
		2,
		4
	  ],
	  "legIntPurposeIds": [
		3,
		5
	  ],
	  "featureIds": [
		1,
		2
	  ]
	},
	{
	  "id": 12,
	  "name": "BeeswaxIO Corporation",
	  "policyUrl": "https://www.beeswax.com/privacy.html",
	  "purposeIds": [
		1,
		3,
		5
	  ],
	  "legIntPurposeIds": [],
	  "featureIds": [
		3
	  ]
	},
	{
	  "id": 28,
	  "name": "TripleLift, Inc.",
	  "policyUrl": "https://triplelift.com/privacy/",
	  "purposeIds": [
		1,
		3
	  ],
	  "legIntPurposeIds": [],
	  "featureIds": [
		3
	  ]
	},
	{
	  "id": 9,
	  "name": "AdMaxim Inc.",
	  "policyUrl": "http://www.admaxim.com/privacy/",
	  "purposeIds": [
		1,
		2,
		3,
		4,
		5
	  ],
	  "legIntPurposeIds": [],
	  "featureIds": [
		1,
		2,
		3
	  ]
	},
	{
	  "id": 27,
	  "name": "ADventori SAS",
	  "policyUrl": "https://www.adventori.com/with-us/legal-notice/",
	  "purposeIds": [
		2
	  ],
	  "legIntPurposeIds": [
		1,
		3,
		4,
		5
	  ],
	  "featureIds": []
	},
	{
	  "id": 25,
	  "name": "Oath (EMEA) Limited",
	  "policyUrl": "https://policies.oath.com/ie/en/oath/privacy/index.html",
	  "purposeIds": [
		1,
		2
	  ],
	  "legIntPurposeIds": [
		3,
		5
	  ],
	  "featureIds": [
		1,
		2,
		3
	  ]
	},
	{
	  "id": 26,
	  "name": "Venatus Media Limited",
	  "policyUrl": "https://www.venatusmedia.com/privacy/",
	  "purposeIds": [
		1,
		2,
		3,
		4,
		5
	  ],
	  "legIntPurposeIds": [],
	  "featureIds": []
	},
	{
	  "id": 1,
	  "name": "Exponential Interactive, Inc",
	  "policyUrl": "http://exponential.com/privacy",
	  "purposeIds": [
		1,
		2,
		3,
		4,
		5
	  ],
	  "legIntPurposeIds": [],
	  "featureIds": []
	},
	{
	  "id": 6,
	  "name": "AdSpirit GmbH",
	  "policyUrl": "http://www.adspirit.de/privacy",
	  "purposeIds": [
		1,
		2,
		3,
		4,
		5
	  ],
	  "legIntPurposeIds": [],
	  "featureIds": []
	},
	{
	  "id": 30,
	  "name": "BidTheatre AB",
	  "policyUrl": "https://www.bidtheatre.com/privacy-policy",
	  "purposeIds": [
		1,
		2,
		3
	  ],
	  "legIntPurposeIds": [],
	  "featureIds": [
		2,
		3
	  ]
	},
	{
	  "id": 24,
	  "name": "Conversant Europe Ltd.",
	  "policyUrl": "https://www.conversantmedia.eu/legal/privacy-policy",
	  "purposeIds": [
		1
	  ],
	  "legIntPurposeIds": [
		2,
		3,
		4,
		5
	  ],
	  "featureIds": [
		1,
		2,
		3
	  ]
	},
	{
	  "id": 29,
	  "name": "Etarget SE",
	  "policyUrl": "https://www.etarget.sk/privacy.php",
	  "purposeIds": [
		1,
		2,
		3,
		4,
		5
	  ],
	  "legIntPurposeIds": [],
	  "featureIds": [
		1
	  ]
	},
	{
	  "id": 39,
	  "name": "ADITION technologies AG",
	  "policyUrl": "adition.com/datenschutz",
	  "purposeIds": [],
	  "legIntPurposeIds": [
		1,
		2,
		3,
		4,
		5
	  ],
	  "featureIds": [
		1,
		2,
		3
	  ]
	},
	{
	  "id": 11,
	  "name": "Quantcast International Limited",
	  "policyUrl": "https://www.quantcast.com/privacy/",
	  "purposeIds": [
		1
	  ],
	  "legIntPurposeIds": [
		2,
		3,
		4,
		5
	  ],
	  "featureIds": [
		1
	  ]
	}
  ]
}
