{
  "template": "cloudify-metrics-*",
    "settings": {
      "index": {
        "refresh_interval": "60s",
        "number_of_shards": "1",
        "number_of_replicas": "1",
        "routing": {
          "allocation": {
            "total_shards_per_node": "1"
          }
        },
        "merge": {
          "policy": {
            "floor_segment": "2mb",
            "segments_per_tier": "8",
            "max_merge_at_once": "4",
            "max_merged_segment": "512mb"
          }
        },
        "translog": {
          "durability": "async"
        }
      }
    },
    "mappings": {
      "_default_": {
        "dynamic_templates": [
          {
            "strings": {
              "match_mapping_type": "string",
              "match": "*",
              "mapping": {
                "index": false,
                "type": "keyword"
              }
            }
          },
          {
            "integers": {
              "match_mapping_type": "integer",
              "match": "*",
              "mapping": {
                "index": false,
                "type": "float"
              }
            }
          },
          {
            "remaining": {
              "match_mapping_type": "*",
              "match": "*",
              "mapping": {
                "index": false,
                "type": "{dynamic_type}"
              }
            }
          }
        ],
        "_source": {
          "enabled": true
        },
        "_all": {
          "enabled": false
        },
        "properties": {
          "@version": {
            "index": false,
            "type": "keyword"
          },
          "@timestamp": {
            "format": "strict_date_optional_time||epoch_millis",
            "index": true,
            "type": "date"
          },
          "time": {
            "index": false,
            "type": "float"
          },
          "owner_id": {
            "index": true,
            "type": "keyword"
          },
          "resource_id": {
            "index": true,
            "type": "keyword"
          },
          "deployment_id": {
            "index": true,
            "type": "keyword"
          },
          "node_id": {
            "index": true,
            "type": "keyword"
          },
          "host": {
            "index": true,
            "type": "keyword"
          },
          "name": {
            "index": true,
            "type": "keyword"
          },
          "node_name": {
            "index": true,
            "type": "keyword"
          },
          "metric": {
            "index": true,
            "type": "float"
          },
          "service": {
            "index": true,
            "type": "keyword"
          },
          "path": {
            "index": true,
            "type": "keyword"
          },
          "unit": {
            "index": false,
            "type": "keyword"
          },
          "type": {
            "index": false,
            "type": "keyword"
          },
          "tags": {
            "index": false,
            "type": "keyword"
          }
        }
      }
    },
    "aliases": {}
}
