{
    "version" : "0",
    "language" : "en",
    "assets" : [
        {
            "id" : "009BA758-7060-4479-8EE8-FB9B40C8FB97",
            "name" : "Korea and Japan Night"
        },
        {
            "id" : "B1B5DDC5-73C8-4920-8133-BACCE38A08DE",
            "name" : "Mexico City to New York"
        },
        {
            "id" : "7719B48A-2005-4011-9280-2F64EEC6FD91",
            "name" : "Northern California to Baja"  
        },
        {
            "id" : "B876B645-3955-420E-99DF-60139E451CF3",
            "name" : "Wulingyuan National Park 1"
        },
        {
            "id" : "9CCB8297-E9F5-4699-AE1F-890CFBD5E29C",
            "name" : "Longji Rice Terraces"
        },
        {
            "id" : "D5E76230-81A3-4F65-A1BA-51B8CADED625",
            "name" : "Wulingyuan National Park 2"
        },
        {
            "id" : "F0236EC5-EE72-4058-A6CE-1F7D2E8253BF",
            "name" : "Great Wall 1"
        },
        {
            "id" : "22162A9B-DB90-4517-867C-C676BC3E8E95",
            "name" : "Great Wall 2"
        },
        {
            "id" : "b5-1",
            "name" : "Great Wall 3"
        },
        {
            "id" : "AC9C09DD-1D97-4013-A09F-B0F5259E64C3",
            "name" : "Sheikh Zayed Road"
        },
        {
            "id" : "E991AC0C-F272-44D8-88F3-05F44EDFE3AE",
            "name" : "Marina 1"
        },
        {
            "id" : "00BA71CD-2C54-415A-A68A-8358E677D750",
            "name" : "Downtown"
        },
        {
            "id" : "3FFA2A97-7D28-49EA-AA39-5BC9051B2745",
            "name" : "Marina 2" 
        },
        {
            "id" : "9680B8EB-CE2A-4395-AF41-402801F4D6A6",
            "name" : "Approaching Burj Khalifa"
        },
        {
            "id" : "2F11E857-4F77-4476-8033-4A1E4610AFCC",
            "name" : "Sheikh Zayed Road",
            "pointsOfInterest" : {
                "0" : "Traveling along Sheikh Zayed Road in Dubai, United Arab Emirates"
            }
        },
        {
            "id" : "B8F204CE-6024-49AB-85F9-7CA2F6DCD226",
            "name" : "Nuussuaq Peninsula"
        },
        {
            "id" : "30047FDA-3AE3-4E74-9575-3520AD77865B",
            "name" : "Ilulissat Icefjord" 
        },

        {
            "id" : "EE01F02D-1413-436C-AB05-410F224A5B7B",
            "name" : "Ilulissat Icefjord"
        },

        {
            "id" : "b7-1",
            "name" : "Laupāhoehoe Nui"
        },
        {
            "id" : "b1-1",
            "name" : "Waimanu Valley"
        },
        {
            "id" : "b2-2",
            "name" : "Honopū Valley"
        },
        {
            "id" : "b4-1",
            "name" : "Pu‘u O ‘Umi"
        },

        {
            "id" : "b6-2",
            "name" : "Kohala coastline"
        },
        {
            "id" : "b8-1",
            "name" : "Pu‘u O ‘Umi"
        },        

        {
            "id" : "FE8E1F9D-59BA-4207-B626-28E34D810D0A",
            "name" : "Victoria Harbour 1"
        },
        {
            "id" : "560E09E8-E89D-4ADB-8EEA-4754415383D4",
            "name" : "Victoria Peak"
        },
        {
            "id" : "024891DE-B7F6-4187-BFE0-E6D237702EF0",
            "name" : "Wan Chai"
        },
        {
            "id" : "64EA30BD-C4B5-4CDD-86D7-DFE47E9CB9AA",
            "name" : "Victoria Harbour 2"
        },

        {
            "id" : "E99FA658-A59A-4A2D-9F3B-58E7BDC71A9A",
            "name" : "Victoria Harbour"
        },
        {
            "id" : "001C94AE-2BA4-4E77-A202-F7DE60E8B1C8",
            "name" : "Liwa Oasis 1"
        },
        {
            "id" : "AFA22C08-A486-4CE8-9A13-E355B6C38559",
            "name" : "Liwa Oasis 2"
        },
        {
            "id" : "b6-3",
            "name" : "River Thames",
            "pointsOfInterest" : {
                "0" : "Passing the Gherkin in the City of London, on the right",
                "15" : "Approaching Tower Bridge on the River Thames, with City Hall behind and the Tower of London to the right",
                "40" : "Approaching HMS Belfast in the River Thames, passing the Walkie-Talkie on the right",
                "75" : "Traveling west up the River Thames, with The Shard on the left and Saint Paul’s Cathedral on the right",
                "95" : "Passing over Southwark Cathedral, with Saint Paul’s Cathedral on the right",
                "130" : "Passing Shakespeare’s Globe in Southwark (right foreground)",
                "195" : "Passing Waterloo Station on the left, with the Palace of Westminster (Houses of Parliament) across the Thames behind",
                "210" : "Heading towards Westminster over the River Thames"
            }
        },
        {
            "id" : "b5-2",
            "name" :"Buckingham Palace",
            "pointsOfInterest" : {
                "0" : "Flying over Buckingham Palace and the Victoria Memorial, London",
                "25" : "Passing Wellington Barracks on the right, following Birdcage Walk along Saint James’s Park",
                "65" : "Passing over the Foreign & Commonwealth Office in Whitehall, with Horse Guards Parade on the left and Her Majesty’s Treasury on the right",
                "75" : "Passing over the Cenotaph, with the Ministry of Defence on the left and Big Ben and the Palace of Westminster (Houses of Parliament) on the right",
                "95" : "Crossing the River Thames, flying over the London Eye",
                "130" : "Passing over Waterloo Station in South London",
                "242" : "Passing Southwark Cathedral on the left",
                "255" : "Passing The Shard on the right",
                "275" : "Passing the cruiser HMS Belfast in the River Thames",
                "300" : "Crossing the River Thames at Tower Bridge, with City Hall on the right and the Tower of London on the left"
            }
        },

        {
            "id" : "b1-2",
            "name" : "River Thames near Sunset",
            "pointsOfInterest" : {
                "0" : "Heading up the River Thames towards Tower Bridge, with the Tower of London to the right",
                "25" : "Crossing the River Thames and passing over City Hall",
                "35" : "Passing the cruiser HMS Belfast in the River Thames",
                "60" : "Approaching The Shard",
                "92" : "Flying west over Southwark towards Lambeth in South London",
                "200" : "Passing Lambeth Palace on the left and Waterloo Station on the right",
                "225" : "Crossing the River Thames towards the Palace of Westminster (Houses of Parliament)"
            }
        },
        {
            "id" : "b3-1",
            "name" : "River Thames at Dusk",
            "pointsOfInterest" : {
                "0": "Heading up the River Thames towards Tower Bridge, with the Tower of London to the right",
                "28" : "Traveling west up the River Thames, past City Hall on the left",
                "40" : "Passing HMS Belfast in the River Thames, with The Shard on the left and the Walkie-Talkie on the right",
                "75" : "Passing Southwark Cathedral on the left",
                "110" : "Passing Saint Paul’s Cathedral on the right",
                "130" : "Passing Shakespeare’s Globe in the left foreground",
                "210" : "Continuing up the River Thames towards Westminster",
                "310" : "Passing the London Eye on the River Thames",
                "325" : "Passing Big Ben and the Houses of Parliament, with Westminster Abbey on the right"
            }
        },        

        {
            "id" : "CE279831-1CA7-4A83-A97B-FF1E20234396",
            "name" : "Los Angeles Int’l Airport",
            "pointsOfInterest" : {
                "0" : "Heading west over Los Angeles International Airport",
                "80" : "Passing over the Theme Building",
                "210" : "Passing over the Tom Bradley International Terminal"
            }
        },
        {
            "id" : "35693AEA-F8C4-4A80-B77D-C94B20A68956",
            "name" : "Harbor Freeway",
            "pointsOfInterest" : {
                "0" :"Following the Harbor Freeway (Interstate 110) north through South Los Angeles",
                "50" : "Crossing the Century Freeway (Interstate 105)",
                "65" : "Passing over the Harbor Freeway Station on the Metro Green Line, which runs along the Century Freeway",
                "170" : "Crossing Imperial Highway"
            }
        },
        {
            "id" : "92E48DE9-13A1-4172-B560-29B4668A87EE",
            "name" : "Santa Monica Beach"
        },

        {
            "id" : "89B1643B-06DD-4DEC-B1B0-774493B0F7B7",
            "name" : "Griffith Observatory"
        },
        {
            "id" : "EC67726A-8212-4C5E-83CF-8412932740D2",
            "name" : "Hollywood Hills",
            "pointsOfInterest" : {
                "0" : "Traveling north along Beachwood Drive through the Hollywood Hills in Los Angeles",
                "60" : "Continuing north through Beachwood Canyon",
                "250" : "Passing the Mount Lee Communications Center, heading towards Burbank, California"
            }
        },
        {
            "id" : "A284F0BF-E690-4C13-92E2-4672D93E8DE5",
            "name" : "Downtown",
            "pointsOfInterest" : {
                "0" : "Approaching Downtown Los Angeles, with the MTA Building (in yellow) and Union Station (in pink) in the left mid-ground",
                "60": "Passing the Cathedral of Our Lady of the Angels (in the center)",
                "80": "Passing the Los Angeles County Music Center (in the center)",
                "95": "Crossing the Hollywood Freeway, traveling south through Downtown along the Harbor Freeway",
                "140": "Passing Disney Hall (in the center)",
                "155": "Passing City Hall (in pale green, in the left mid-ground)",
                "215": "Passing the Library Tower (in the center)",
                "235": "Passing the Bonaventure Hotel (in the center)",
                "265": "The Los Angeles Central Library, brightly lit, appears from behind the Bonaventure Hotel",
                "310": "Passing the Wilshire Grand Center (under construction)",
                "400": "Passing L.A. Live",
                "435": "Passing the Ritz-Carlton Hotel and Staples Center",
                "465": "Passing the Los Angeles Convention Center",
                "520": "Approaching the Santa Monica Freeway"
            }
        },

        {
            "id" : "b7-2",
            "name" : "Central Park"
        },
        {
            "id" : "b1-3",
            "name" : "Lower Manhattan"
        },
        {
            "id" : "b3-2",
            "name" : "Upper East Side"
        },

        {
            "id" : "b2-3",
            "name" : "Seventh Avenue"
        },
        {
            "id" : "b4-2",
            "name" : "Lower Manhattan"
        },

        {
            "id" : "b8-2",
            "name" : "Marin Headlands"
        },
        {
            "id" : "EE533FBD-90AE-419A-AD13-D7A60E2015D6",
            "name" : "Marin Headlands in Fog",
            "pointsOfInterest" : {
                "0" : "Moving over the Marin Headlands along Highway 101 towards the Golden Gate Bridge",
                "20" : "Horseshoe Cove appearing on the left",
                "105" : "Passing Battery Spencer on the right",
                "155" : "Crossing the Golden Gate Bridge towards San Francisco"
            }
        },
        {
            "id" : "DE851E6D-C2BE-4D9F-AB54-0F9CE994DC51",
            "name" : "Bay and Golden Gate"
        },
        {
            "id" : "b8-3",
            "name" : "Alamo Square",
            "pointsOfInterest" : {
                "0" : "Painted Ladies across from Alamo Square in San Francisco",
                "35" : "Saint Mary’s Cathedral in the left mid-ground, with downtown SF in the background",
                "70" : "The dome of City Hall appearing in the right mid-ground",
                "210" : "The dome of City Hall clear in the right mid-ground"
            }
        },
        {
            "id" : "b3-3",
            "name" : "Embarcadero, Market Street",
            "pointsOfInterest" : {
                "0" : "Heading southwest over San Francisco Bay to the San Francisco Ferry Building",
                "110" : "Approaching the Port of San Francisco Ferry Building and the Embarcadero",
                "160" : "Heading southwest along Market Street in downtown San Francisco"
            }
        },
        {
            "id" : "b4-3",
            "name" : "Presidio to Golden Gate",
            "pointsOfInterest" : {
                "0" : "Moving along the Presidio of San Francisco towards the Golden Gate Bridge",
                "190" : "Crossing the Golden Gate Bridge towards the Marin Headlands"
            }
        },
        {
            "id" : "72B4390D-DF1D-4D51-B179-229BBAEFFF2C",
            "name" : "Golden Gate from SF"
        },
        {
            "id" : "b6-4",
            "name" : "Downtown and Coit Tower",
            "pointsOfInterest" : {
                "0" : "Downtown San Francisco with the Transamerica Pyramid in the center",
                "100" : "Downtown San Francisco with Coit Tower coming into view"
            }
        },
        {
            "id" : "29BDF297-EB43-403A-8719-A78DA11A2948",
            "name" : "Fisherman’s Wharf",
            "pointsOfInterest" : {
                "0" : "Heading southeast over Fisherman’s Wharf in San Francisco",
                "27" : "Passing the Liberty ship SS Jeremiah O’Brien",
                "47" : "Passing over the submarine USS Pampanito",
                "80" : "Passing over North Beach in San Francisco",
                "115" : "Approaching Coit Tower on Telegraph Hill, with the Bay Bridge and downtown SF in the background",
                "135" : "Approaching Coit Tower on Telegraph Hill, with Saints Peter and Paul Church in the right mid-ground" 
            }
        },
        {
            "id" : "b5-3",
            "name" : "Embarcadero, Market Street",
            "pointsOfInterest" : {
                "0" : "Heading southwest over San Francisco Bay to the San Francisco Ferry Building",
                "150" : "Approaching the Port of San Francisco Ferry Building and the Embarcadero",
                "210" : "Heading southwest along Market Street in San Francisco"
            }
        },
        {
            "id" : "3E94AE98-EAF2-4B09-96E3-452F46BC114E",
            "name" : "Bay Bridge"
        },
        {
            "id" : "b2-4",
            "name" : "Downtown and Sutro Tower",
            "pointsOfInterest" : {
                "0" : "Heading into San Francisco’s Financial District, with Sutro Tower in the background",
                "10" : "Passing the Transamerica Pyramid",
                "50" : "Former Bank of America headquarters blotting out the sun"
            }
        }
    ]
}


