<?xml version="1.0"?>
<ruleset name="wrench">
    <file>./lib</file>
    <file>./test</file>

    <arg value="sp"/>

    <rule ref="PSR2"/>

    <rule ref="Generic.PHP.ForbiddenFunctions">
        <properties>
            <property name="forbiddenFunctions" type="array"
                      value="sizeof=>count,delete=>unset,print=>echo,is_null=>null,create_function=>null,setcookie=>null,header=>null"/>
        </properties>
    </rule>

    <rule ref="Generic.Files.LineLength">
        <properties>
            <property name="lineLimit" value="140"/>
        </properties>
    </rule>
</ruleset>
