{
    "0x014B50466590340D41307Cc54DCee990c8D58aa8": {
        "decimals": 6,
        "exchanges": [
            "HitBTC",
            "Tidex"
        ],
        "info": "_",
        "issues": {
            "no-symbol": true
        },
        "name": "ICOS",
        "rank": 316,
        "symbol": "ICOS",
        "totalSupply": 560417
    },
    "0x093e5C256Ff8B32c7F1377f4C20e331674C77F00": {
        "decimals": 8,
        "exchanges": [
            "Livecoin"
        ],
        "info": "_",
        "issues": {
            "totalsupply-overflow": true
        },
        "name": "Dignity",
        "rank": 613,
        "symbol": "DIG",
        "totalSupply": 3000000000
    },
    "0x0aeF06DcCCC531e581f0440059E6FfCC206039EE": {
        "decimals": 8,
        "exchanges": [
            "COSS",
            "IDEX",
            "Mercatox"
        ],
        "info": "_",
        "issues": {
            "no-Approval": true,
            "transfer-no-return": true
        },
        "name": "Intelligent Trading Technologies",
        "rank": 551,
        "symbol": "ITT",
        "totalSupply": 11500000
    },
    "0x0b76544F6C413a555F309Bf76260d1E02377c02A": {
        "decimals": 6,
        "exchanges": [
            "CoinEgg",
            "ForkDelta",
            "OKEx"
        ],
        "info": "_",
        "issues": {
            "no-Approval": true,
            "owner-control-sell-price-for-overflow": true,
            "owner-decrease-balance-by-mint-by-overflow": true,
            "totalsupply-overflow": true,
            "transfer-no-return": true
        },
        "name": "Internet Node Token",
        "rank": 168,
        "symbol": "INT",
        "totalSupply": 1000000000
    },
    "0x0bb217E40F8a5Cb79Adf04E1aAb60E5abd0dfC1e": {
        "decimals": 8,
        "exchanges": [
            "CoinBene",
            "HitBTC",
            "Huobi",
            "OEX",
            "OKEx",
            "OTCBTC"
        ],
        "info": "_",
        "issues": {
            "no-Approval": true,
            "owner-decrease-balance-by-mint-by-overflow": true,
            "totalsupply-overflow": true,
            "transfer-no-return": true
        },
        "name": "SwftCoin",
        "rank": 147,
        "symbol": "SWFTC",
        "totalSupply": 10000000000
    },
    "0x123aB195DD38B1b40510d467a6a359b201af056f": {
        "decimals": 8,
        "exchanges": [
            "Bibox",
            "ForkDelta",
            "Idex",
            "Octaex"
        ],
        "info": "_",
        "issues": {
            "excess-allocation-by-overflow": true
        },
        "name": "LGO Token",
        "rank": 149,
        "symbol": "LGO",
        "totalSupply": 217698062
    },
    "0x13f25cd52b21650caa8225C9942337d914C9B030": {
        "decimals": 18,
        "exchanges": [
            "CoinBene",
            "ForkDelta",
            "Idex",
            "OKEx"
        ],
        "info": "_",
        "issues": {
            "no-Approval": true,
            "transfer-no-return": true
        },
        "name": "realchain token",
        "rank": 594,
        "symbol": "RCT",
        "totalSupply": 1000000000
    },
    "0x177d39AC676ED1C67A2b268AD7F1E58826E5B0af": {
        "decimals": 18,
        "exchanges": [
            "BigONE",
            "Binance",
            "Gate.io",
            "Gatecoin",
            "HitBTC",
            "Mercatox"
        ],
        "info": "_",
        "issues": {
            "approve-no-return": true,
            "transfer-no-return": true,
            "transferFrom-no-return": true
        },
        "name": "CoinDash Token",
        "rank": 188,
        "symbol": "CDT",
        "totalSupply": 1000000000
    },
    "0x17fD666fa0784885fa1AFEc8AC624d9b7e72B752": {
        "decimals": 14,
        "exchanges": [
            "CoinExchange"
        ],
        "info": "_",
        "issues": {
            "no-Approval": true,
            "transfer-no-return": true
        },
        "name": "FLiK",
        "rank": 546,
        "symbol": "FLIK",
        "totalSupply": 600000000
    },
    "0x1844b21593262668B7248d0f57a220CaaBA46ab9": {
        "decimals": 18,
        "exchanges": [
            "CoinExchange",
            "Cryptopia",
            "IDEX",
            "Kucoin"
        ],
        "info": "_",
        "issues": {
            "transfer-no-return": true
        },
        "name": "Oyster Pearl",
        "rank": 183,
        "symbol": "PRL",
        "totalSupply": 98592692
    },
    "0x1e797Ce986C3CFF4472F7D38d5C4aba55DfEFE40": {
        "decimals": 15,
        "exchanges": [
            "BigONE",
            "Gate.io"
        ],
        "info": "_",
        "issues": {
            "totalsupply-overflow": true
        },
        "name": "BCDN",
        "rank": 639,
        "symbol": "BCDN",
        "totalSupply": 1000000000
    },
    "0x219218f117DC9348b358b8471c55A073E5e0dA0b": {
        "decimals": 18,
        "exchanges": [
            "Coinexchange",
            "ForkDelta",
            "Idex",
            "Livecoin"
        ],
        "info": "_",
        "issues": {
            "no-Approval": true,
            "totalsupply-overflow": true,
            "transfer-no-return": true
        },
        "name": "Gold Reward Token",
        "rank": 657,
        "symbol": "GRX",
        "totalSupply": 20000000
    },
    "0x24A77c1F17C547105E14813e517be06b0040aa76": {
        "decimals": 18,
        "exchanges": [
            "Cryptopia",
            "DDEX",
            "ForkDelta",
            "OpenLedger DEX"
        ],
        "info": "_",
        "issues": {
            "approve-no-return": true,
            "transfer-no-return": true,
            "transferFrom-no-return": true
        },
        "name": "Live Stars Token",
        "rank": 480,
        "symbol": "LIVE",
        "totalSupply": 200000000
    },
    "0x2567c677473d110D75a8360C35309e63B1d52429": {
        "decimals": 8,
        "exchanges": [
            "Bit-Z",
            "EXX"
        ],
        "info": "_",
        "issues": {
            "no-Approval": true,
            "transfer-no-return": true
        },
        "name": "ShareX",
        "rank": 301,
        "symbol": "SEXC",
        "totalSupply": 1000000000
    },
    "0x2604FA406Be957E542BEb89E6754fCdE6815e83f": {
        "decimals": 18,
        "exchanges": [
            "CoinExchange",
            "HitBTC",
            "Mercatox"
        ],
        "info": "_",
        "issues": {
            "excess-mint-token-by-overflow": true
        },
        "name": "Playkey Token",
        "rank": 341,
        "symbol": "PKT",
        "totalSupply": 19893267
    },
    "0x26D5Bd2dfEDa983ECD6c39899e69DAE6431Dffbb": {
        "decimals": 18,
        "exchanges": [
            "ForkDelta",
            "Idex"
        ],
        "info": "_",
        "issues": {
            "no-Approval": true,
            "transfer-no-return": true
        },
        "name": "ERC20",
        "rank": 527,
        "symbol": "ERC",
        "totalSupply": 12079766396
    },
    "0x27f706edde3aD952EF647Dd67E24e38CD0803DD6": {
        "decimals": 18,
        "exchanges": [
            "HitBTC"
        ],
        "info": "_",
        "issues": {
            "verify-reverse-in-transferFrom": true
        },
        "name": "Useless Ethereum Token",
        "rank": 569,
        "symbol": "UET",
        "totalSupply": 3965716
    },
    "0x28c8d01FF633eA9Cd8fc6a451D7457889E698de6": {
        "decimals": 0,
        "exchanges": [
            "Coinexchange",
            "ForkDelta",
            "Stocks.Exchange"
        ],
        "info": "_",
        "issues": {
            "no-name": true
        },
        "name": "ethereum-gold",
        "rank": 518,
        "symbol": "ETG",
        "totalSupply": 24000000
    },
    "0x2A05d22DB079BC40C2f77a1d1fF703a56E631cc1": {
        "decimals": 8,
        "exchanges": [
            "ForkDelta",
            "HitBTC"
        ],
        "info": "_",
        "issues": {
            "no-Approval": true,
            "owner-decrease-balance-by-mint-by-overflow": true,
            "totalsupply-overflow": true,
            "transfer-no-return": true
        },
        "name": "BitAsean",
        "rank": 523,
        "symbol": "BAS",
        "totalSupply": 30000000
    },
    "0x2Ef27BF41236bD859a95209e17a43Fbd26851f92": {
        "decimals": 4,
        "exchanges": [
            "Bancor Network",
            "Cfinex",
            "DDEX",
            "HitBTC",
            "Idex",
            "LATOKEN",
            "Livecoin"
        ],
        "info": "_",
        "issues": {
            "constructor-case-insensitive": true
        },
        "name": "MORPH",
        "rank": 267,
        "symbol": "MORPH",
        "totalSupply": 151065818
    },
    "0x2bDC0D42996017fCe214b21607a515DA41A9E0C5": {
        "decimals": 6,
        "exchanges": [
            "Cryptopia",
            "ForkDelta",
            "HitBTC",
            "Idex",
            "Mercatox"
        ],
        "info": "_",
        "issues": {
            "approve-no-return": true,
            "transfer-no-return": true,
            "transferFrom-no-return": true
        },
        "name": "SkinCoin",
        "rank": 475,
        "symbol": "SKIN",
        "totalSupply": 388183000
    },
    "0x2f85E502a988AF76f7ee6D83b7db8d6c0A823bf9": {
        "decimals": 8,
        "exchanges": [
            "ForkDelta",
            "HitBTC",
            "Livecoin",
            "YoBit"
        ],
        "info": "_",
        "issues": {
            "transfer-no-return": true
        },
        "name": "LatiumX",
        "rank": 336,
        "symbol": "LATX",
        "totalSupply": 300000000
    },
    "0x336F646F87D9f6bC6Ed42Dd46E8b3fD9DbD15C22": {
        "decimals": 18,
        "exchanges": [
            "ForkDelta",
            "HitBTC",
            "YoBit"
        ],
        "info": "_",
        "issues": {
            "approve-no-return": true,
            "transfer-no-return": true,
            "transferFrom-no-return": true
        },
        "name": "Crystal Clear Token",
        "rank": 557,
        "symbol": "CCT",
        "totalSupply": 6924060
    },
    "0x3543638eD4a9006E4840B105944271Bcea15605D": {
        "decimals": 18,
        "exchanges": [
            "Bibox",
            "DDEX",
            "Hadax",
            "HitBTC"
        ],
        "info": "_",
        "issues": {
            "no-Approval": true,
            "transfer-no-return": true
        },
        "name": "UNetworkToken",
        "rank": 204,
        "symbol": "UUU",
        "totalSupply": 10000000000
    },
    "0x355a458d555151D3B27F94227960Ade1504E526a": {
        "decimals": 18,
        "exchanges": [
            "DDEX",
            "HitBTC"
        ],
        "info": "_",
        "issues": {
            "transfer-no-return": true
        },
        "name": "StockChain Coin",
        "rank": 614,
        "symbol": "SCC",
        "totalSupply": 10000000000
    },
    "0x3893b9422Cd5D70a81eDeFfe3d5A1c6A978310BB": {
        "decimals": 18,
        "exchanges": [
            "Bithumb",
            "Coinexchange",
            "Ethfinex",
            "Gate.io",
            "HitBTC",
            "Idex",
            "Lbank",
            "OKEx",
            "ZB"
        ],
        "info": "_",
        "issues": {
            "approve-no-return": true,
            "transfer-no-return": true
        },
        "name": "Mithril Token",
        "rank": 38,
        "symbol": "MITH",
        "totalSupply": 1000000000
    },
    "0x38c6A68304cdEfb9BEc48BbFaABA5C5B47818bb2": {
        "decimals": 18,
        "exchanges": [
            "Bibox",
            "Bit-Z",
            "Idex",
            "KKEX",
            "KuCoin"
        ],
        "info": "_",
        "issues": {
            "approve-no-return": true,
            "no-decimals": true,
            "no-name": true,
            "no-symbol": true,
            "transfer-no-return": true,
            "transferFrom-no-return": true
        },
        "name": "high-performance-blockchain",
        "rank": 63,
        "symbol": "HPB",
        "totalSupply": 100000000
    },
    "0x422866a8F0b032c5cf1DfBDEf31A20F4509562b0": {
        "decimals": 0,
        "exchanges": [
            "Coinexchange",
            "Cryptopia",
            "ForkDelta",
            "Idex",
            "Mercatox"
        ],
        "info": "_",
        "issues": {
            "approve-no-return": true,
            "transfer-no-return": true,
            "transferFrom-no-return": true
        },
        "name": "Adshares Token",
        "rank": 364,
        "symbol": "ADST",
        "totalSupply": 19379103
    },
    "0x4270bb238f6DD8B1c3ca01f96CA65b2647c06D3C": {
        "decimals": 18,
        "exchanges": [
            "ForkDelta",
            "HitBTC",
            "Idex",
            "KuCoin",
            "TopBTC"
        ],
        "info": "_",
        "issues": {
            "transfer-no-return": true
        },
        "name": "FOTA",
        "rank": 229,
        "symbol": "FOTA",
        "totalSupply": 1000000000
    },
    "0x4355fC160f74328f9b383dF2EC589bB3dFd82Ba0": {
        "decimals": 18,
        "exchanges": [
            "ForkDelta",
            "HitBTC",
            "Idex"
        ],
        "info": "_",
        "issues": {
            "approve-no-return": true,
            "transfer-no-return": true,
            "transferFrom-no-return": true
        },
        "name": "Opus Token",
        "rank": 422,
        "symbol": "OPT",
        "totalSupply": 249308531
    },
    "0x449574C69f3A658794829eD81639A7A9ECe041E1": {
        "decimals": 0,
        "exchanges": [
            "Mercatox"
        ],
        "info": "_",
        "issues": {
            "no-name": true
        },
        "name": "neo-gold",
        "rank": 663,
        "symbol": "NEOG",
        "totalSupply": 100000000
    },
    "0x461733c17b0755CA5649B6DB08B3E213FCf22546": {
        "decimals": 18,
        "exchanges": [
            "Allcoin",
            "BigONE",
            "Hotbit",
            "RightBTC"
        ],
        "info": "_",
        "issues": {
            "custom-call-abuse": true,
            "custom-fallback-bypass-ds-auth": true
        },
        "name": "atn",
        "rank": 157,
        "symbol": "ATN",
        "totalSupply": 210000000
    },
    "0x46b9Ad944d1059450Da1163511069C718F699D31": {
        "decimals": 6,
        "exchanges": [
            "COSS",
            "CoinBene",
            "DDEX",
            "ForkDelta",
            "Gate.io",
            "Idex",
            "KKCoin",
            "KuCoin",
            "Lbank",
            "Mercatox",
            "Simex",
            "Tidex"
        ],
        "info": "_",
        "issues": {
            "transfer-no-return": true
        },
        "name": "CREDITS",
        "rank": 108,
        "symbol": "CS",
        "totalSupply": 249471071
    },
    "0x48DF4E0296f908CEAb0428A5182D19B31fC037d6": {
        "decimals": 8,
        "exchanges": [
            "Bancor Network",
            "COSS",
            "Coinexchange",
            "Sistemkoin"
        ],
        "info": "_",
        "issues": {
            "no-Approval": true,
            "transfer-no-return": true
        },
        "name": "Fitrova",
        "rank": 503,
        "symbol": "FRV",
        "totalSupply": 7588648240
    },
    "0x4DC3643DbC642b72C158E7F3d2ff232df61cb6CE": {
        "decimals": 18,
        "exchanges": [
            "Binance",
            "Coinrail",
            "ForkDelta",
            "Gatecoin",
            "HitBTC",
            "Idex",
            "KuCoin",
            "Livecoin",
            "Mercatox"
        ],
        "info": "_",
        "issues": {
            "totalsupply-overflow": true
        },
        "name": "Amber Token",
        "rank": 110,
        "symbol": "AMB",
        "totalSupply": 361477437
    },
    "0x4DF47B4969B2911C966506E3592c41389493953b": {
        "decimals": 18,
        "exchanges": [
            "CoinBene",
            "ForkDelta",
            "Idex"
        ],
        "info": "_",
        "issues": {
            "no-Approval": true
        },
        "name": "FundRequest",
        "rank": 409,
        "symbol": "FND",
        "totalSupply": 98611463
    },
    "0x4aF328C52921706dCB739F25786210499169AFe6": {
        "decimals": 8,
        "exchanges": [
            "Neraex",
            "Stocks.Exchange"
        ],
        "info": "_",
        "issues": {
            "no-Approval": true,
            "transfer-no-return": true
        },
        "name": "Sakura Bloom",
        "rank": 255,
        "symbol": "SKB",
        "totalSupply": 6000000000
    },
    "0x4f3AfEC4E5a3F2A6a1A411DEF7D7dFe50eE057bF": {
        "decimals": 9,
        "exchanges": [
            "Kyber Network"
        ],
        "info": "_",
        "issues": {
            "no-Approval": true
        },
        "name": "Digix Gold Token",
        "rank": 642,
        "symbol": "DGX",
        "totalSupply": 50300
    },
    "0x5046E860ff274fb8c66106B0Ffb8155849fB0787": {
        "decimals": 8,
        "exchanges": [
            "SouthXchange"
        ],
        "info": "_",
        "issues": {
            "excess-mint-token-by-overflow": true
        },
        "name": "JavaScript",
        "rank": 571,
        "symbol": "JS",
        "totalSupply": 7991996
    },
    "0x5121E348e897dAEf1Eef23959Ab290e5557CF274": {
        "decimals": 18,
        "exchanges": [
            "C-CEX",
            "Coinexchange",
            "ForkDelta",
            "Mercatox",
            "Trade Satoshi"
        ],
        "info": "_",
        "issues": {
            "no-Approval": true,
            "owner-decrease-balance-by-mint-by-overflow": true,
            "transfer-no-return": true
        },
        "name": "PolyAi",
        "rank": 574,
        "symbol": "AI",
        "totalSupply": 29000000
    },
    "0x5136C98A80811C3f46bDda8B5c4555CFd9f812F0": {
        "decimals": 6,
        "exchanges": [
            "Cryptopia",
            "Exrates",
            "HitBTC",
            "Idex",
            "Livecoin",
            "Qryptos",
            "Simex",
            "Tidex"
        ],
        "info": "_",
        "issues": {
            "approve-with-balance-verify": true
        },
        "name": "indaHash Coin",
        "rank": 271,
        "symbol": "IDH",
        "totalSupply": 399999999
    },
    "0x52DB8ebF894036ec997Da693C5fa237A4fb69d10": {
        "decimals": 18,
        "exchanges": [
            "HitBTC"
        ],
        "info": "_",
        "issues": {
            "no-Approval": true,
            "transfer-no-return": true
        },
        "name": "Curriculum Vitae",
        "rank": 643,
        "symbol": "CVH",
        "totalSupply": 1900000000
    },
    "0x55296f69f40Ea6d20E478533C15A6B08B654E758": {
        "decimals": 18,
        "exchanges": [
            "DDEX",
            "ForkDelta",
            "Idex"
        ],
        "info": "_",
        "issues": {
            "transfer-no-return": true
        },
        "name": "XY Oracle",
        "rank": 638,
        "symbol": "XYO",
        "totalSupply": 14198877959
    },
    "0x55F93985431Fc9304077687a35A1BA103dC1e081": {
        "decimals": 18,
        "exchanges": [
            "Gate.io",
            "HitBTC",
            "Huobi",
            "OKEx",
            "YoBit"
        ],
        "info": "_",
        "issues": {
            "approveProxy-keccak256": true,
            "custom-call-abuse": true,
            "transferProxy-keccak256": true,
            "verify-invalid-by-overflow": true
        },
        "name": "SmartMesh Token",
        "rank": 102,
        "symbol": "SMT",
        "totalSupply": 3141592653
    },
    "0x56ba2Ee7890461f463F7be02aAC3099f6d5811A8": {
        "decimals": 18,
        "exchanges": [
            "Cryptopia",
            "ForkDelta",
            "Idex",
            "Radar Relay"
        ],
        "info": "_",
        "issues": {
            "approve-no-return": true,
            "transfer-no-return": true,
            "transferFrom-no-return": true
        },
        "name": "BlockCAT Token",
        "rank": 427,
        "symbol": "CAT",
        "totalSupply": 9200151
    },
    "0x59061b6f26BB4A9cE5828A19d35CFD5A4B80F056": {
        "decimals": 8,
        "exchanges": [
            "Bittrex"
        ],
        "info": "_",
        "issues": {
            "approve-no-return": true,
            "totalsupply-overflow": true
        },
        "name": "Legends",
        "rank": 498,
        "symbol": "LGD",
        "totalSupply": 30000000
    },
    "0x5E6b6d9aBAd9093fdc861Ea1600eBa1b355Cd940": {
        "decimals": 18,
        "exchanges": [
            "Bibox",
            "CoinBene",
            "Coinrail",
            "DDEX",
            "Huobi",
            "Idex",
            "KuCoin",
            "OKEx"
        ],
        "info": "_",
        "issues": {
            "no-Approval": true,
            "transfer-no-return": true
        },
        "name": "IOT on Chain",
        "rank": 130,
        "symbol": "ITC",
        "totalSupply": 100000000
    },
    "0x622dFfCc4e83C64ba959530A5a5580687a57581b": {
        "decimals": 18,
        "exchanges": [
            "HitBTC",
            "Idex",
            "OKEx"
        ],
        "info": "_",
        "issues": {
            "no-Approval": true,
            "transfer-no-return": true,
            "transferFrom-no-return": true
        },
        "name": "CUBE",
        "rank": 127,
        "symbol": "AUTO",
        "totalSupply": 7200000000
    },
    "0x62a56a4A2Ef4D355D34D10fBF837e747504d38d4": {
        "decimals": 2,
        "exchanges": [
            "Token Store"
        ],
        "info": "_",
        "issues": {
            "no-name": true
        },
        "name": "paypex",
        "rank": 68,
        "symbol": "PAYX",
        "totalSupply": 150000000
    },
    "0x679BADc551626e01B23CeecEFBc9B877EA18fc46": {
        "decimals": 18,
        "exchanges": [
            "ForkDelta",
            "Idex",
            "Mercatox"
        ],
        "info": "_",
        "issues": {
            "no-Approval": true,
            "transfer-no-return": true
        },
        "name": "Ccore Token",
        "rank": 562,
        "symbol": "CCO",
        "totalSupply": 10000000
    },
    "0x6Aac8CB9861E42bf8259F5AbDC6aE3Ae89909E11": {
        "decimals": 8,
        "exchanges": [
            "Coinexchange",
            "ForkDelta",
            "YoBit"
        ],
        "info": "_",
        "issues": {
            "owner-overweight-token-by-overflow": true
        },
        "name": "Bitcoin Red",
        "rank": 560,
        "symbol": "BTCR",
        "totalSupply": 21000000
    },
    "0x6aEB95F06CDA84cA345c2dE0F3B7f96923a44f4c": {
        "decimals": 14,
        "exchanges": [
            "DDEX",
            "ForkDelta",
            "HitBTC",
            "Idex"
        ],
        "info": "_",
        "issues": {
            "custom-call-abuse": true
        },
        "name": "Berry",
        "rank": 318,
        "symbol": "BERRY",
        "totalSupply": 301473027
    },
    "0x6cCB56947eA1d6eFdc81ACfbAcd8263DDFa9b202": {
        "decimals": 18,
        "exchanges": [
            "Cryptopia"
        ],
        "info": "_",
        "issues": {
            "approve-no-return": true,
            "transfer-no-return": true,
            "transferFrom-no-return": true
        },
        "name": "Royal Kingdom Coin",
        "rank": 572,
        "symbol": "RKC",
        "totalSupply": 0
    },
    "0x6ea6531b603F270d23d9EDd2d8279135DC5D6773": {
        "decimals": 18,
        "exchanges": [
            "HitBTC",
            "OKEx"
        ],
        "info": "_",
        "issues": {
            "no-Approval": true
        },
        "name": "InsurChain Coin",
        "rank": 605,
        "symbol": "INSUR",
        "totalSupply": 20000000000
    },
    "0x7703C35CfFdC5CDa8D27aa3df2F9ba6964544b6e": {
        "decimals": 18,
        "exchanges": [
            "Bit-Z"
        ],
        "info": "_",
        "issues": {
            "owner-decrease-balance-by-mint-by-overflow": true,
            "totalsupply-overflow": true,
            "transfer-no-return": true
        },
        "name": "Pylon Token",
        "rank": 449,
        "symbol": "PYLNT",
        "totalSupply": 633858
    },
    "0x78B7FADA55A64dD895D8c8c35779DD8b67fA8a05": {
        "decimals": 18,
        "exchanges": [
            "Exrates",
            "ForkDelta",
            "HitBTC",
            "Idex",
            "Mercatox",
            "OKEx",
            "YoBit"
        ],
        "info": "_",
        "issues": {
            "approve-no-return": true,
            "transfer-no-return": true,
            "transferFrom-no-return": true
        },
        "name": "ATLANT Token",
        "rank": 407,
        "symbol": "ATL",
        "totalSupply": 54175040
    },
    "0x79650799e7899A802cB96C0Bc33a6a8d4CE4936C": {
        "decimals": 18,
        "exchanges": [
            "BCEX",
            "BigONE"
        ],
        "info": "_",
        "issues": {
            "no-Approval": true,
            "transfer-no-return": true
        },
        "name": "AIT",
        "rank": 232,
        "symbol": "AIT",
        "totalSupply": 2100000000
    },
    "0x7C5A0CE9267ED19B22F8cae653F198e3E8daf098": {
        "decimals": 18,
        "exchanges": [
            "BitForex",
            "Ethfinex",
            "HitBTC",
            "IDEX",
            "LATOKEN",
            "Liqui",
            "OKEx"
        ],
        "info": "_",
        "issues": {
            "totalsupply-overflow": true
        },
        "name": "SANtiment network token",
        "rank": 88,
        "symbol": "SAN",
        "totalSupply": 83336999
    },
    "0x80fB784B7eD66730e8b1DBd9820aFD29931aab03": {
        "decimals": 18,
        "exchanges": [
            "ABCC",
            "Bibox",
            "Binance",
            "BiteBTC",
            "CoinBene",
            "ExtStock",
            "ForkDelta",
            "Gate.io",
            "HitBTC",
            "Idex",
            "KuCoin",
            "OKEx",
            "Radar Relay",
            "bleutrade"
        ],
        "info": "_",
        "issues": {
            "excess-buy-token-by-overflow": true
        },
        "name": "EthLend Token",
        "rank": 128,
        "symbol": "LEND",
        "totalSupply": 1299999941
    },
    "0x81b4D08645DA11374a03749AB170836E4e539767": {
        "decimals": 9,
        "exchanges": [
            "HitBTC",
            "Idex"
        ],
        "info": "_",
        "issues": {
            "approve-no-return": true,
            "transfer-no-return": true,
            "transferFrom-no-return": true
        },
        "name": "Paymon Token",
        "rank": 636,
        "symbol": "PMNT",
        "totalSupply": 1000000000
    },
    "0x82b0E50478eeaFde392D45D1259Ed1071B6fDa81": {
        "decimals": 18,
        "exchanges": [
            "Cryptopia",
            "ForkDelta",
            "Idex",
            "KuCoin",
            "OKEx"
        ],
        "info": "_",
        "issues": {
            "approve-no-return": true,
            "transfer-no-return": true,
            "transferFrom-no-return": true
        },
        "name": "DNA Token",
        "rank": 342,
        "symbol": "DNA",
        "totalSupply": 100000000
    },
    "0x8542325B72C6D9fC0aD2Ca965A78435413a915A0": {
        "decimals": 18,
        "exchanges": [
            "Idex",
            "KuCoin"
        ],
        "info": "_",
        "issues": {
            "transfer-no-return": true
        },
        "name": "Oyster Shell",
        "rank": 399,
        "symbol": "SHL",
        "totalSupply": 98592692
    },
    "0x86949Dc8043A5fD7619A1289d65964aD5ec3D25c": {
        "decimals": 8,
        "exchanges": [
            "BigONE",
            "OTCBTC"
        ],
        "info": "_",
        "issues": {
            "no-Approval": true,
            "transfer-no-return": true
        },
        "name": "Gamechain System",
        "rank": 668,
        "symbol": "GCS",
        "totalSupply": 2100000000
    },
    "0x8727c112C712c4a03371AC87a74dD6aB104Af768": {
        "decimals": 18,
        "exchanges": [
            "COSS",
            "Coinexchange",
            "ForkDelta",
            "Idex",
            "Mercatox"
        ],
        "info": "_",
        "issues": {
            "approve-no-return": true,
            "transfer-no-return": true,
            "transferFrom-no-return": true
        },
        "name": "Jetcoin",
        "rank": 510,
        "symbol": "JET",
        "totalSupply": 80000000
    },
    "0x88d50B466BE55222019D71F9E8fAe17f5f45FCA1": {
        "decimals": 8,
        "exchanges": [
            "HitBTC",
            "LATOKEN"
        ],
        "info": "_",
        "issues": {
            "approve-no-return": true,
            "totalsupply-overflow": true,
            "transfer-no-return": true,
            "transferFrom-no-return": true
        },
        "name": "Cryptaur",
        "rank": 145,
        "symbol": "CPT",
        "totalSupply": 27662180148
    },
    "0x8A99ED8a1b204903Ee46e733f2c1286F6d20b177": {
        "decimals": 18,
        "exchanges": [
            "Coinexchange",
            "HitBTC"
        ],
        "info": "_",
        "issues": {
            "no-Approval": true,
            "owner-decrease-balance-by-mint-by-overflow": true,
            "transfer-no-return": true
        },
        "name": "Fujinto",
        "rank": 520,
        "symbol": "NTO",
        "totalSupply": 400000000
    },
    "0x8eFFd494eB698cc399AF6231fCcd39E08fd20B15": {
        "decimals": 0,
        "exchanges": [
            "Bancor Network",
            "BigONE",
            "Bit-Z",
            "COSS",
            "Coinexchange",
            "ForkDelta",
            "Gatecoin",
            "HitBTC",
            "Idex",
            "Tidex"
        ],
        "info": "_",
        "issues": {
            "no-decimals": true
        },
        "name": "PIX Token",
        "rank": 437,
        "symbol": "PIX",
        "totalSupply": 327154880
    },
    "0x8f3470A7388c05eE4e7AF3d01D8C722b0FF52374": {
        "decimals": 18,
        "exchanges": [
            "EtherDelta (ForkDelta)",
            "HitBTC",
            "LATOKEN",
            "Mercatox"
        ],
        "info": "_",
        "issues": {
            "no-name": true,
            "no-symbol": true
        },
        "name": "Veritaseum",
        "rank": 30,
        "symbol": "VERI",
        "totalSupply": 100000000
    },
    "0x93E682107d1E9defB0b5ee701C71707a4B2E46Bc": {
        "decimals": 8,
        "exchanges": [
            "C-CEX",
            "ForkDelta",
            "HitBTC",
            "Idex",
            "Mercatox"
        ],
        "info": "_",
        "issues": {
            "no-Approval": true,
            "transfer-no-return": true
        },
        "name": "MCAP",
        "rank": 501,
        "symbol": "MCAP",
        "totalSupply": 100000000
    },
    "0x9653cFd0865ad8313BEA2f0C2EC0584BFd05115B": {
        "decimals": 8,
        "exchanges": [
            "CoinExchange"
        ],
        "info": "_",
        "issues": {
            "totalsupply-overflow": true,
            "verify-reverse-in-transferFrom": true
        },
        "name": "FuturXE",
        "rank": 575,
        "symbol": "FXE",
        "totalSupply": 84000000
    },
    "0x96c833E43488C986676e9F6B3b8781812629bbb5": {
        "decimals": 16,
        "exchanges": [],
        "info": "_",
        "issues": {
            "batchTransfer-overflow": true
        },
        "name": "AMMBR",
        "symbol": "AMR",
        "totalSupply": 2000000000
    },
    "0x9720b467a710382A232a32F540bDCed7d662a10B": {
        "decimals": 18,
        "exchanges": [
            "COSS",
            "ForkDelta",
            "Idex",
            "Qryptos"
        ],
        "info": "_",
        "issues": {
            "no-Approval": true,
            "transfer-no-return": true
        },
        "name": "Vezt",
        "rank": 535,
        "symbol": "VZT",
        "totalSupply": 125000000
    },
    "0x9E77D5a1251b6F7D456722A6eaC6D2d5980bd891": {
        "decimals": 8,
        "exchanges": [
            "CoinExchange",
            "YoBit"
        ],
        "info": "_",
        "issues": {
            "no-Approval": true,
            "transfer-no-return": true
        },
        "name": "BRAT RED",
        "rank": 566,
        "symbol": "BRAT",
        "totalSupply": 1000000000
    },
    "0x9af2c6B1A28D3d6BC084bd267F70e90d49741D5B": {
        "decimals": 8,
        "exchanges": [
            "ForkDelta",
            "HitBTC",
            "Idex",
            "KuCoin"
        ],
        "info": "_",
        "issues": {
            "custom-call-abuse": true
        },
        "name": "aXpire Token",
        "rank": 300,
        "symbol": "AXP",
        "totalSupply": 350000000
    },
    "0xAc3Da587eac229C9896D919aBC235CA4Fd7f72c1": {
        "decimals": 1,
        "exchanges": [
            "CoinExchange",
            "HitBTC"
        ],
        "info": "_",
        "issues": {
            "no-Approval": true,
            "owner-decrease-balance-by-mint-by-overflow": true,
            "totalsupply-overflow": true,
            "transfer-no-return": true
        },
        "name": "Target Coin",
        "rank": 354,
        "symbol": "TGT",
        "totalSupply": 2000100000
    },
    "0xAef38fBFBF932D1AeF3B808Bc8fBd8Cd8E1f8BC5": {
        "decimals": 8,
        "exchanges": [
            "Bittrex"
        ],
        "info": "_",
        "issues": {
            "totalsupply-overflow": true
        },
        "name": "CreditBIT",
        "rank": 460,
        "symbol": "CRB",
        "totalSupply": 16690934
    },
    "0xB45a50545bEEAB73F38F31E5973768C421805E5E": {
        "decimals": 18,
        "exchanges": [
            "EtherDelta (ForkDelta)",
            "HitBTC",
            "IDEX"
        ],
        "info": "_",
        "issues": {
            "approve-no-return": true,
            "transfer-no-return": true,
            "transferFrom-no-return": true
        },
        "name": "TKRToken",
        "rank": 555,
        "symbol": "TKR",
        "totalSupply": 12529746
    },
    "0xB8c77482e45F1F44dE1745F52C74426C631bDD52": {
        "decimals": 18,
        "exchanges": [
            "Abucoins",
            "Bancor Network",
            "Binance",
            "Braziliex",
            "Cryptobulls",
            "Exrates",
            "ForkDelta",
            "Gate.io",
            "Idex"
        ],
        "info": "_",
        "issues": {
            "no-Approval": true,
            "transfer-no-return": true
        },
        "name": "BNB",
        "rank": 3,
        "symbol": "BNB",
        "totalSupply": 194972068
    },
    "0xB97048628DB6B661D4C2aA833e95Dbe1A905B280": {
        "decimals": 18,
        "exchanges": [
            "BigONE",
            "Bit-Z",
            "Bithumb",
            "Bittrex",
            "BuyUcoin",
            "COSS",
            "Cobinhood",
            "Coinrail",
            "Cryptopia",
            "Cybex DEX",
            "ForkDelta",
            "Gate.io",
            "HitBTC",
            "Huobi",
            "Idex",
            "KuCoin",
            "LATOKEN",
            "Liqui",
            "Livecoin",
            "Neraex",
            "OKEx",
            "Upbit"
        ],
        "info": "_",
        "issues": {
            "approve-no-return": true,
            "transfer-no-return": true,
            "transferFrom-no-return": true
        },
        "name": "TenX Pay Token",
        "rank": 70,
        "symbol": "PAY",
        "totalSupply": 205218255
    },
    "0xBA5F11b16B155792Cf3B2E6880E8706859A8AEB6": {
        "decimals": 8,
        "exchanges": [
            "Binance",
            "Bit-Z",
            "Bitpaction",
            "Coinrail",
            "ForkDelta",
            "Gate.io",
            "HitBTC",
            "Idex",
            "KUNA",
            "KuCoin",
            "Mercatox",
            "Octaex",
            "Radar Relay",
            "Tidex"
        ],
        "info": "_",
        "issues": {
            "no-Approval": true,
            "transfer-no-return": true
        },
        "name": "Aeron",
        "rank": 250,
        "symbol": "ARN",
        "totalSupply": 20000000
    },
    "0xC27C95350eCD634C80dF89db0f10cd5c24B7B11f": {
        "decimals": 2,
        "exchanges": [
            "Bit-Z"
        ],
        "info": "_",
        "issues": {
            "no-Approval": true,
            "transfer-no-return": true
        },
        "name": "PixieCoin",
        "rank": 617,
        "symbol": "PXC",
        "totalSupply": 10000000000
    },
    "0xC5d105E63711398aF9bbff092d4B6769C82F793D": {
        "decimals": 18,
        "exchanges": [],
        "info": "_",
        "issues": {
            "batchTransfer-overflow": true
        },
        "name": "BeautyChain",
        "symbol": "BEC",
        "totalSupply": 7000000000
    },
    "0xCc13Fc627EFfd6E35D2D2706Ea3C4D7396c610ea": {
        "decimals": 8,
        "exchanges": [
            "ForkDelta",
            "Idex"
        ],
        "info": "_",
        "issues": {
            "setowner-anyone": true
        },
        "name": "idex-membership",
        "rank": 340,
        "symbol": "IDXM",
        "totalSupply": 2000
    },
    "0xCc34366E3842cA1BD36c1f324d15257960fCC801": {
        "decimals": 18,
        "exchanges": [
            "C-CEX",
            "Coinexchange",
            "Cryptopia",
            "ForkDelta",
            "Mercatox",
            "Novaexchange"
        ],
        "info": "_",
        "issues": {
            "approve-no-return": true,
            "transfer-no-return": true,
            "transferFrom-no-return": true
        },
        "name": "Bonpay Token",
        "rank": 438,
        "symbol": "BON",
        "totalSupply": 21745688
    },
    "0xCdCFc0f66c522Fd086A1b725ea3c0Eeb9F9e8814": {
        "decimals": 18,
        "exchanges": [
            "ForkDelta",
            "Idex"
        ],
        "info": "_",
        "issues": {
            "no-Approval": true,
            "setowner-anyone": true
        },
        "name": "Aurora DAO",
        "rank": 215,
        "symbol": "AURA",
        "totalSupply": 1000000000
    },
    "0xD65960FAcb8E4a2dFcb2C2212cb2e44a02e2a57E": {
        "decimals": 6,
        "exchanges": [
            "Livecoin"
        ],
        "info": "_",
        "issues": {
            "centralAccount-transfer-anyone": true,
            "verify-reverse-in-transferFrom": true
        },
        "name": "Soarcoin",
        "rank": 189,
        "symbol": "Soar",
        "totalSupply": 5000000000
    },
    "0xE5F166c0D8872B68790061317BB6CcA04582C912": {
        "decimals": 18,
        "exchanges": [
            "DDEX",
            "Gate.io",
            "Idex",
            "KuCoin"
        ],
        "info": "_",
        "issues": {
            "custom-call-abuse": true
        },
        "name": "TE-FOOD",
        "rank": 296,
        "symbol": "TFD",
        "totalSupply": 567917832
    },
    "0xEa1f346faF023F974Eb5adaf088BbCdf02d761F4": {
        "decimals": 18,
        "exchanges": [
            "Bittrex",
            "Cryptopia",
            "ForkDelta",
            "HitBTC",
            "Radar Relay",
            "Upbit"
        ],
        "info": "_",
        "issues": {
            "approve-no-return": true,
            "transfer-no-return": true,
            "transferFrom-no-return": true
        },
        "name": "Blocktix Token",
        "rank": 270,
        "symbol": "TIX",
        "totalSupply": 62500000
    },
    "0xF0f8B0B8DBB1124261FC8d778E2287e3Fd2Cf4f5": {
        "decimals": 3,
        "exchanges": [
            "BTCAlpha",
            "C-CEX",
            "Coinexchange",
            "ForkDelta"
        ],
        "info": "_",
        "issues": {
            "no-Approval": true
        },
        "name": "bitqy",
        "rank": 240,
        "symbol": "BQ",
        "totalSupply": 10000000000
    },
    "0xF433089366899D83a9f26A773D59ec7eCF30355e": {
        "decimals": 8,
        "exchanges": [
            "Abucoins",
            "Binance",
            "Cryptopia",
            "ForkDelta",
            "Huobi",
            "Idex",
            "Livecoin",
            "OKEx",
            "Radar Relay",
            "Tidex",
            "Upbit",
            "ZB"
        ],
        "info": "_",
        "issues": {
            "approve-no-return": true,
            "transfer-no-return": true,
            "transferFrom-no-return": true
        },
        "name": "Metal",
        "rank": 101,
        "symbol": "MTL",
        "totalSupply": 66588888
    },
    "0xFFE02ee4C69eDf1b340fCaD64fbd6b37a7b9e265": {
        "decimals": 8,
        "exchanges": [
            "Coinexchange",
            "HitBTC",
            "Mercatox",
            "Stocks.Exchange"
        ],
        "info": "_",
        "issues": {
            "custom-call-abuse": true
        },
        "name": "NANJCOIN",
        "rank": 159,
        "symbol": "NANJ",
        "totalSupply": 30000000000
    },
    "0xa0872eE815B8dd0F6937386Fd77134720d953581": {
        "decimals": 18,
        "exchanges": [],
        "info": "_",
        "issues": {
            "allowAnyone": true
        },
        "name": "EduCoinToken",
        "symbol": "EDU",
        "totalSupply": 15000000000
    },
    "0xaE616e72D3d89e847f74E8ace41Ca68bbF56af79": {
        "decimals": 6,
        "exchanges": [
            "Coinexchange",
            "ForkDelta",
            "Idex"
        ],
        "info": "_",
        "issues": {
            "no-Approval": true,
            "transfer-no-return": true
        },
        "name": "Good Karma",
        "rank": 531,
        "symbol": "\u221e",
        "totalSupply": 888000000
    },
    "0xaF4DcE16Da2877f8c9e00544c93B62Ac40631F16": {
        "decimals": 5,
        "exchanges": [
            "Binance",
            "Coinexchange",
            "ForkDelta",
            "HitBTC",
            "Idex",
            "KuCoin",
            "Mercatox",
            "OKEx",
            "Simex",
            "Tidex",
            "YoBit"
        ],
        "info": "_",
        "issues": {
            "no-Approval": true
        },
        "name": "Monetha",
        "rank": 253,
        "symbol": "MTH",
        "totalSupply": 402400000
    },
    "0xaeC2E87E0A235266D9C5ADc9DEb4b2E29b54D009": {
        "decimals": 0,
        "exchanges": [
            "BigONE",
            "Binance",
            "Braziliex",
            "Ethfinex",
            "ForkDelta",
            "HitBTC",
            "Idex",
            "Liqui",
            "Livecoin",
            "OKEx",
            "Upbit"
        ],
        "info": "_",
        "issues": {
            "totalsupply-overflow": true
        },
        "name": "SingularDTV",
        "rank": 155,
        "symbol": "SNGLS",
        "totalSupply": 1000000000
    },
    "0xb3203DB25a01fa7950a860B42b899Ad7Da52DDD6": {
        "decimals": 8,
        "exchanges": [
            "Coinexchange",
            "Cryptopia"
        ],
        "info": "_",
        "issues": {
            "no-Approval": true,
            "transfer-no-return": true
        },
        "name": "PlexCoin",
        "rank": 667,
        "symbol": "PLX",
        "totalSupply": 1000000000
    },
    "0xb5A5F22694352C15B00323844aD545ABb2B11028": {
        "decimals": 18,
        "exchanges": [
            "Binance",
            "Bithumb",
            "COSS",
            "CREX24",
            "Cryptobulls",
            "Cybex DEX",
            "ForkDelta",
            "Gate.io",
            "HitBTC",
            "Huobi",
            "Idex",
            "Koinok",
            "LATOKEN",
            "OKEx",
            "OOOBTC",
            "Radar Relay",
            "Upbit",
            "ZB"
        ],
        "info": "_",
        "issues": {
            "no-decimals": true,
            "no-name": true,
            "no-symbol": true,
            "pauseTransfer-anyone": true
        },
        "name": "icon",
        "rank": 6,
        "symbol": "ICX",
        "totalSupply": 400228739
    },
    "0xb6F43025B29196Af2dddd69b0a58AFBa079cD600": {
        "decimals": 18,
        "exchanges": [
            "BCEX",
            "Hadax",
            "Lbank"
        ],
        "info": "_",
        "issues": {
            "no-Approval": true,
            "transfer-no-return": true
        },
        "name": "\u667a\u6295\u94fe",
        "rank": 600,
        "symbol": "IIC",
        "totalSupply": 21000000000
    },
    "0xbbFF862d906E348E9946Bfb2132ecB157Da3D4b4": {
        "decimals": 18,
        "exchanges": [
            "DDEX",
            "Hotbit",
            "IDEX",
            "OTCBTC"
        ],
        "info": "_",
        "issues": {
            "transfer-no-return": true
        },
        "name": "Sharder",
        "rank": 308,
        "symbol": "SS",
        "totalSupply": 350000000
    },
    "0xc72fe8e3Dd5BeF0F9f31f259399F301272eF2a2D": {
        "decimals": 18,
        "exchanges": [
            "Bancor Network",
            "Bibox",
            "Gate.io",
            "Idex",
            "KKCoin"
        ],
        "info": "_",
        "issues": {
            "totalsupply-overflow": true
        },
        "name": "Insights Network",
        "rank": 396,
        "symbol": "INSTAR",
        "totalSupply": 214155386
    },
    "0xd26114cd6EE289AccF82350c8d8487fedB8A0C07": {
        "decimals": 18,
        "exchanges": [
            "ABCC",
            "Abucoins",
            "BX Thailand",
            "Bancor Network",
            "BigONE",
            "Binance",
            "Bit-Z",
            "Bithumb",
            "Bitpaction",
            "Bittrex",
            "Braziliex",
            "BuyUcoin",
            "COSS",
            "CREX24",
            "Cfinex",
            "Cobinhood",
            "CoinBene",
            "CoinEx",
            "CoinNest",
            "Coinexchange",
            "Coinone",
            "Coinrail",
            "Coinsuper",
            "Cryptobulls",
            "Cryptopia",
            "Cybex DEX",
            "DDEX",
            "EXX",
            "Ethfinex",
            "Exrates",
            "ForkDelta",
            "Gate.io",
            "GoPax",
            "HitBTC",
            "Huobi",
            "IDCM",
            "Idex",
            "Koinex",
            "Koinok",
            "KuCoin",
            "Kyber Network",
            "Liqui",
            "LiteBit",
            "Livecoin",
            "Mercatox",
            "Neraex",
            "OKEx",
            "OpenLedger DEX",
            "Poloniex",
            "Qryptos",
            "Radar Relay",
            "Simex",
            "Stocks.Exchange",
            "Tidex",
            "TopBTC",
            "Upbit",
            "ZB",
            "Zebpay"
        ],
        "info": "_",
        "issues": {
            "approve-no-return": true,
            "transfer-no-return": true,
            "transferFrom-no-return": true
        },
        "name": "OMGToken",
        "rank": 5,
        "symbol": "OMG",
        "totalSupply": 140245398
    },
    "0xd7631787B4dCc87b1254cfd1e5cE48e96823dEe8": {
        "decimals": 8,
        "exchanges": [
            "Bancor Network",
            "Coinexchange",
            "Cryptopia",
            "ForkDelta",
            "HitBTC",
            "Idex",
            "Mercatox",
            "YoBit"
        ],
        "info": "_",
        "issues": {
            "totalsupply-overflow": true
        },
        "name": "SOCIAL",
        "rank": 424,
        "symbol": "SCL",
        "totalSupply": 16714019
    },
    "0xd97579Cea3fE2473682a4C42648134BB982433B9": {
        "decimals": 8,
        "exchanges": [
            "OKEx"
        ],
        "info": "_",
        "issues": {
            "check-effect-inconsistency": true
        },
        "name": "Lightcoin",
        "rank": 625,
        "symbol": "Light",
        "totalSupply": 210000000000
    },
    "0xe120c1ECBfdFeA7F0A8f0Ee30063491E8c26fedf": {
        "decimals": 8,
        "exchanges": [
            "HitBTC",
            "Tidex",
            "Waves Platform"
        ],
        "info": "_",
        "issues": {
            "no-Approval": true,
            "transfer-no-return": true
        },
        "name": "Suretly",
        "rank": 504,
        "symbol": "SUR",
        "totalSupply": 237614
    },
    "0xe3818504c1B32bF1557b16C238B2E01Fd3149C17": {
        "decimals": 18,
        "exchanges": [
            "Bancor Network",
            "Cryptopia",
            "ForkDelta",
            "HitBTC",
            "Idex"
        ],
        "info": "_",
        "issues": {
            "approve-no-return": true,
            "transfer-no-return": true,
            "transferFrom-no-return": true
        },
        "name": "PILLAR",
        "rank": 117,
        "symbol": "PLR",
        "totalSupply": 800000000
    },
    "0xf05a9382A4C3F29E2784502754293D88b835109C": {
        "decimals": 18,
        "exchanges": [
            "CoinExchange",
            "IDEX"
        ],
        "info": "_",
        "issues": {
            "approve-no-return": true,
            "transfer-no-return": true,
            "transferFrom-no-return": true
        },
        "name": "REX - Real Estate tokens",
        "rank": 538,
        "symbol": "REX",
        "totalSupply": 24042947
    },
    "0xfAE4Ee59CDd86e3Be9e8b90b53AA866327D7c090": {
        "decimals": 18,
        "exchanges": [
            "Bibox",
            "ForkDelta",
            "Idex"
        ],
        "info": "_",
        "issues": {
            "no-Approval": true,
            "transfer-no-return": true
        },
        "name": "CPChain",
        "rank": 170,
        "symbol": "CPC",
        "totalSupply": 999999999
    }
}