addr,category,name,symbol,exchanges,totalSupply,decimals,info
0x014B50466590340D41307Cc54DCee990c8D58aa8,[B6],ICOS,ICOS,@HitBTC@Tidex,560417,6,_
0x093e5C256Ff8B32c7F1377f4C20e331674C77F00,[A2],Dignity,DIG,@Livecoin,3000000000,8,_
0x0aeF06DcCCC531e581f0440059E6FfCC206039EE,[B1][B7],Intelligent Trading Technologies,ITT,@COSS@IDEX@Mercatox,11500000,8,_
0x0b76544F6C413a555F309Bf76260d1E02377c02A,[A2][A4][A6][B1][B7],Internet Node Token,INT,@CoinEgg@ForkDelta@OKEx,1000000000,6,_
0x0bb217E40F8a5Cb79Adf04E1aAb60E5abd0dfC1e,[A2][A6][B1][B7],SwftCoin,SWFTC,@CoinBene@HitBTC@Huobi@OEX@OKEx@OTCBTC,10000000000,8,_
0x123aB195DD38B1b40510d467a6a359b201af056f,[A7],LGO Token,LGO,@Bibox@ForkDelta@Idex@Octaex,217698062,8,_
0x13f25cd52b21650caa8225C9942337d914C9B030,[B1][B7],realchain token,RCT,@CoinBene@ForkDelta@Idex@OKEx,1000000000,18,_
0x177d39AC676ED1C67A2b268AD7F1E58826E5B0af,[B1][B2][B3],CoinDash Token,CDT,@BigONE@Binance@Gate.io@Gatecoin@HitBTC@Mercatox,1000000000,18,_
0x17fD666fa0784885fa1AFEc8AC624d9b7e72B752,[B1][B7],FLiK,FLIK,@CoinExchange,600000000,14,_
0x1844b21593262668B7248d0f57a220CaaBA46ab9,[B1],Oyster Pearl,PRL,@CoinExchange@Cryptopia@IDEX@Kucoin,98592692,18,_
0x1e797Ce986C3CFF4472F7D38d5C4aba55DfEFE40,[A2],BCDN,BCDN,@BigONE@Gate.io,1000000000,15,_
0x219218f117DC9348b358b8471c55A073E5e0dA0b,[A2][B1][B7],Gold Reward Token,GRX,@Coinexchange@ForkDelta@Idex@Livecoin,20000000,18,_
0x24A77c1F17C547105E14813e517be06b0040aa76,[B1][B2][B3],Live Stars Token,LIVE,@Cryptopia@DDEX@ForkDelta@OpenLedger DEX,200000000,18,_
0x2567c677473d110D75a8360C35309e63B1d52429,[B1][B7],ShareX,SEXC,@Bit-Z@EXX,1000000000,8,_
0x2604FA406Be957E542BEb89E6754fCdE6815e83f,[A8],Playkey Token,PKT,@CoinExchange@HitBTC@Mercatox,19893267,18,_
0x26D5Bd2dfEDa983ECD6c39899e69DAE6431Dffbb,[B1][B7],ERC20,ERC,@ForkDelta@Idex,12079766396,18,_
0x27f706edde3aD952EF647Dd67E24e38CD0803DD6,[A10],Useless Ethereum Token,UET,@HitBTC,3965716,18,_
0x28c8d01FF633eA9Cd8fc6a451D7457889E698de6,[B5],ethereum-gold,ETG,@Coinexchange@ForkDelta@Stocks.Exchange,24000000,0,_
0x2A05d22DB079BC40C2f77a1d1fF703a56E631cc1,[A2][A6][B1][B7],BitAsean,BAS,@ForkDelta@HitBTC,30000000,8,_
0x2Ef27BF41236bD859a95209e17a43Fbd26851f92,[A14],MORPH,MORPH,@Bancor Network@Cfinex@DDEX@HitBTC@Idex@LATOKEN@Livecoin,151065818,4,_
0x2bDC0D42996017fCe214b21607a515DA41A9E0C5,[B1][B2][B3],SkinCoin,SKIN,@Cryptopia@ForkDelta@HitBTC@Idex@Mercatox,388183000,6,_
0x2f85E502a988AF76f7ee6D83b7db8d6c0A823bf9,[B1],LatiumX,LATX,@ForkDelta@HitBTC@Livecoin@YoBit,300000000,8,_
0x336F646F87D9f6bC6Ed42Dd46E8b3fD9DbD15C22,[B1][B2][B3],Crystal Clear Token,CCT,@ForkDelta@HitBTC@YoBit,6924060,18,_
0x3543638eD4a9006E4840B105944271Bcea15605D,[B1][B7],UNetworkToken,UUU,@Bibox@DDEX@Hadax@HitBTC,10000000000,18,_
0x355a458d555151D3B27F94227960Ade1504E526a,[B1],StockChain Coin,SCC,@DDEX@HitBTC,10000000000,18,_
0x3893b9422Cd5D70a81eDeFfe3d5A1c6A978310BB,[B1][B2],Mithril Token,MITH,@Bithumb@Coinexchange@Ethfinex@Gate.io@HitBTC@Idex@Lbank@OKEx@ZB,1000000000,18,_
0x38c6A68304cdEfb9BEc48BbFaABA5C5B47818bb2,[B1][B2][B3][B4][B5][B6],high-performance-blockchain,HPB,@Bibox@Bit-Z@Idex@KKEX@KuCoin,100000000,18,_
0x422866a8F0b032c5cf1DfBDEf31A20F4509562b0,[B1][B2][B3],Adshares Token,ADST,@Coinexchange@Cryptopia@ForkDelta@Idex@Mercatox,19379103,0,_
0x4270bb238f6DD8B1c3ca01f96CA65b2647c06D3C,[B1],FOTA,FOTA,@ForkDelta@HitBTC@Idex@KuCoin@TopBTC,1000000000,18,_
0x4355fC160f74328f9b383dF2EC589bB3dFd82Ba0,[B1][B2][B3],Opus Token,OPT,@ForkDelta@HitBTC@Idex,249308531,18,_
0x449574C69f3A658794829eD81639A7A9ECe041E1,[B5],neo-gold,NEOG,@Mercatox,100000000,0,_
0x461733c17b0755CA5649B6DB08B3E213FCf22546,[A15][A16],atn,ATN,@Allcoin@BigONE@Hotbit@RightBTC,210000000,18,_
0x46b9Ad944d1059450Da1163511069C718F699D31,[B1],CREDITS,CS,@COSS@CoinBene@DDEX@ForkDelta@Gate.io@Idex@KKCoin@KuCoin@Lbank@Mercatox@Simex@Tidex,249471071,6,_
0x48DF4E0296f908CEAb0428A5182D19B31fC037d6,[B1][B7],Fitrova,FRV,@Bancor Network@COSS@Coinexchange@Sistemkoin,7588648240,8,_
0x4DC3643DbC642b72C158E7F3d2ff232df61cb6CE,[A2],Amber Token,AMB,@Binance@Coinrail@ForkDelta@Gatecoin@HitBTC@Idex@KuCoin@Livecoin@Mercatox,361477437,18,_
0x4DF47B4969B2911C966506E3592c41389493953b,[B7],FundRequest,FND,@CoinBene@ForkDelta@Idex,98611463,18,_
0x4aF328C52921706dCB739F25786210499169AFe6,[B1][B7],Sakura Bloom,SKB,@Neraex@Stocks.Exchange,6000000000,8,_
0x4f3AfEC4E5a3F2A6a1A411DEF7D7dFe50eE057bF,[B7],Digix Gold Token,DGX,@Kyber Network,50300,9,_
0x5046E860ff274fb8c66106B0Ffb8155849fB0787,[A8],JavaScript,JS,@SouthXchange,7991996,8,_
0x5121E348e897dAEf1Eef23959Ab290e5557CF274,[A6][B1][B7],PolyAi,AI,@C-CEX@Coinexchange@ForkDelta@Mercatox@Trade Satoshi,29000000,18,_
0x5136C98A80811C3f46bDda8B5c4555CFd9f812F0,[A19],indaHash Coin,IDH,@Cryptopia@Exrates@HitBTC@Idex@Livecoin@Qryptos@Simex@Tidex,399999999,6,_
0x52DB8ebF894036ec997Da693C5fa237A4fb69d10,[B1][B7],Curriculum Vitae,CVH,@HitBTC,1900000000,18,_
0x55296f69f40Ea6d20E478533C15A6B08B654E758,[B1],XY Oracle,XYO,@DDEX@ForkDelta@Idex,14198877959,18,_
0x55F93985431Fc9304077687a35A1BA103dC1e081,[A12][A13][A16][A3],SmartMesh Token,SMT,@Gate.io@HitBTC@Huobi@OKEx@YoBit,3141592653,18,_
0x56ba2Ee7890461f463F7be02aAC3099f6d5811A8,[B1][B2][B3],BlockCAT Token,CAT,@Cryptopia@ForkDelta@Idex@Radar Relay,9200151,18,_
0x59061b6f26BB4A9cE5828A19d35CFD5A4B80F056,[A2][B2],Legends,LGD,@Bittrex,30000000,8,_
0x5E6b6d9aBAd9093fdc861Ea1600eBa1b355Cd940,[B1][B7],IOT on Chain,ITC,@Bibox@CoinBene@Coinrail@DDEX@Huobi@Idex@KuCoin@OKEx,100000000,18,_
0x622dFfCc4e83C64ba959530A5a5580687a57581b,[B1][B3][B7],CUBE,AUTO,@HitBTC@Idex@OKEx,7200000000,18,_
0x62a56a4A2Ef4D355D34D10fBF837e747504d38d4,[B5],paypex,PAYX,@Token Store,150000000,2,_
0x679BADc551626e01B23CeecEFBc9B877EA18fc46,[B1][B7],Ccore Token,CCO,@ForkDelta@Idex@Mercatox,10000000,18,_
0x6Aac8CB9861E42bf8259F5AbDC6aE3Ae89909E11,[A5],Bitcoin Red,BTCR,@Coinexchange@ForkDelta@YoBit,21000000,8,_
0x6aEB95F06CDA84cA345c2dE0F3B7f96923a44f4c,[A16],Berry,BERRY,@DDEX@ForkDelta@HitBTC@Idex,301473027,14,_
0x6cCB56947eA1d6eFdc81ACfbAcd8263DDFa9b202,[B1][B2][B3],Royal Kingdom Coin,RKC,@Cryptopia,0,18,_
0x6ea6531b603F270d23d9EDd2d8279135DC5D6773,[B7],InsurChain Coin,INSUR,@HitBTC@OKEx,20000000000,18,_
0x7703C35CfFdC5CDa8D27aa3df2F9ba6964544b6e,[A2][A6][B1],Pylon Token,PYLNT,@Bit-Z,633858,18,_
0x78B7FADA55A64dD895D8c8c35779DD8b67fA8a05,[B1][B2][B3],ATLANT Token,ATL,@Exrates@ForkDelta@HitBTC@Idex@Mercatox@OKEx@YoBit,54175040,18,_
0x79650799e7899A802cB96C0Bc33a6a8d4CE4936C,[B1][B7],AIT,AIT,@BCEX@BigONE,2100000000,18,_
0x7C5A0CE9267ED19B22F8cae653F198e3E8daf098,[A2],SANtiment network token,SAN,@BitForex@Ethfinex@HitBTC@IDEX@LATOKEN@Liqui@OKEx,83336999,18,_
0x80fB784B7eD66730e8b1DBd9820aFD29931aab03,[A9],EthLend Token,LEND,@ABCC@Bibox@Binance@BiteBTC@CoinBene@ExtStock@ForkDelta@Gate.io@HitBTC@Idex@KuCoin@OKEx@Radar Relay@bleutrade,1299999941,18,_
0x81b4D08645DA11374a03749AB170836E4e539767,[B1][B2][B3],Paymon Token,PMNT,@HitBTC@Idex,1000000000,9,_
0x82b0E50478eeaFde392D45D1259Ed1071B6fDa81,[B1][B2][B3],DNA Token,DNA,@Cryptopia@ForkDelta@Idex@KuCoin@OKEx,100000000,18,_
0x8542325B72C6D9fC0aD2Ca965A78435413a915A0,[B1],Oyster Shell,SHL,@Idex@KuCoin,98592692,18,_
0x86949Dc8043A5fD7619A1289d65964aD5ec3D25c,[B1][B7],Gamechain System,GCS,@BigONE@OTCBTC,2100000000,8,_
0x8727c112C712c4a03371AC87a74dD6aB104Af768,[B1][B2][B3],Jetcoin,JET,@COSS@Coinexchange@ForkDelta@Idex@Mercatox,80000000,18,_
0x88d50B466BE55222019D71F9E8fAe17f5f45FCA1,[A2][B1][B2][B3],Cryptaur,CPT,@HitBTC@LATOKEN,27662180148,8,_
0x8A99ED8a1b204903Ee46e733f2c1286F6d20b177,[A6][B1][B7],Fujinto,NTO,@Coinexchange@HitBTC,400000000,18,_
0x8eFFd494eB698cc399AF6231fCcd39E08fd20B15,[B4],PIX Token,PIX,@Bancor Network@BigONE@Bit-Z@COSS@Coinexchange@ForkDelta@Gatecoin@HitBTC@Idex@Tidex,327154880,0,_
0x8f3470A7388c05eE4e7AF3d01D8C722b0FF52374,[B5][B6],Veritaseum,VERI,@EtherDelta (ForkDelta)@HitBTC@LATOKEN@Mercatox,100000000,18,_
0x93E682107d1E9defB0b5ee701C71707a4B2E46Bc,[B1][B7],MCAP,MCAP,@C-CEX@ForkDelta@HitBTC@Idex@Mercatox,100000000,8,_
0x9653cFd0865ad8313BEA2f0C2EC0584BFd05115B,[A10][A2],FuturXE,FXE,@CoinExchange,84000000,8,_
0x96c833E43488C986676e9F6B3b8781812629bbb5,[A1],AMMBR,AMR,,2000000000,16,_
0x9720b467a710382A232a32F540bDCed7d662a10B,[B1][B7],Vezt,VZT,@COSS@ForkDelta@Idex@Qryptos,125000000,18,_
0x9E77D5a1251b6F7D456722A6eaC6D2d5980bd891,[B1][B7],BRAT RED,BRAT,@CoinExchange@YoBit,1000000000,8,_
0x9af2c6B1A28D3d6BC084bd267F70e90d49741D5B,[A16],aXpire Token,AXP,@ForkDelta@HitBTC@Idex@KuCoin,350000000,8,_
0xAc3Da587eac229C9896D919aBC235CA4Fd7f72c1,[A2][A6][B1][B7],Target Coin,TGT,@CoinExchange@HitBTC,2000100000,1,_
0xAef38fBFBF932D1AeF3B808Bc8fBd8Cd8E1f8BC5,[A2],CreditBIT,CRB,@Bittrex,16690934,8,_
0xB45a50545bEEAB73F38F31E5973768C421805E5E,[B1][B2][B3],TKRToken,TKR,@EtherDelta (ForkDelta)@HitBTC@IDEX,12529746,18,_
0xB8c77482e45F1F44dE1745F52C74426C631bDD52,[B1][B7],BNB,BNB,@Abucoins@Bancor Network@Binance@Braziliex@Cryptobulls@Exrates@ForkDelta@Gate.io@Idex,194972068,18,_
0xB97048628DB6B661D4C2aA833e95Dbe1A905B280,[B1][B2][B3],TenX Pay Token,PAY,@BigONE@Bit-Z@Bithumb@Bittrex@BuyUcoin@COSS@Cobinhood@Coinrail@Cryptopia@Cybex DEX@ForkDelta@Gate.io@HitBTC@Huobi@Idex@KuCoin@LATOKEN@Liqui@Livecoin@Neraex@OKEx@Upbit,205218255,18,_
0xBA5F11b16B155792Cf3B2E6880E8706859A8AEB6,[B1][B7],Aeron,ARN,@Binance@Bit-Z@Bitpaction@Coinrail@ForkDelta@Gate.io@HitBTC@Idex@KUNA@KuCoin@Mercatox@Octaex@Radar Relay@Tidex,20000000,8,_
0xC27C95350eCD634C80dF89db0f10cd5c24B7B11f,[B1][B7],PixieCoin,PXC,@Bit-Z,10000000000,2,_
0xC5d105E63711398aF9bbff092d4B6769C82F793D,[A1],BeautyChain,BEC,,7000000000,18,_
0xCc13Fc627EFfd6E35D2D2706Ea3C4D7396c610ea,[A17],idex-membership,IDXM,@ForkDelta@Idex,2000,8,_
0xCc34366E3842cA1BD36c1f324d15257960fCC801,[B1][B2][B3],Bonpay Token,BON,@C-CEX@Coinexchange@Cryptopia@ForkDelta@Mercatox@Novaexchange,21745688,18,_
0xCdCFc0f66c522Fd086A1b725ea3c0Eeb9F9e8814,[A17][B7],Aurora DAO,AURA,@ForkDelta@Idex,1000000000,18,_
0xD65960FAcb8E4a2dFcb2C2212cb2e44a02e2a57E,[A10][C1],Soarcoin,Soar,@Livecoin,5000000000,6,_
0xE5F166c0D8872B68790061317BB6CcA04582C912,[A16],TE-FOOD,TFD,@DDEX@Gate.io@Idex@KuCoin,567917832,18,_
0xEa1f346faF023F974Eb5adaf088BbCdf02d761F4,[B1][B2][B3],Blocktix Token,TIX,@Bittrex@Cryptopia@ForkDelta@HitBTC@Radar Relay@Upbit,62500000,18,_
0xF0f8B0B8DBB1124261FC8d778E2287e3Fd2Cf4f5,[B7],bitqy,BQ,@BTCAlpha@C-CEX@Coinexchange@ForkDelta,10000000000,3,_
0xF433089366899D83a9f26A773D59ec7eCF30355e,[B1][B2][B3],Metal,MTL,@Abucoins@Binance@Cryptopia@ForkDelta@Huobi@Idex@Livecoin@OKEx@Radar Relay@Tidex@Upbit@ZB,66588888,8,_
0xFFE02ee4C69eDf1b340fCaD64fbd6b37a7b9e265,[A16],NANJCOIN,NANJ,@Coinexchange@HitBTC@Mercatox@Stocks.Exchange,30000000000,8,_
0xa0872eE815B8dd0F6937386Fd77134720d953581,[A18],EduCoinToken,EDU,,15000000000,18,_
0xaE616e72D3d89e847f74E8ace41Ca68bbF56af79,[B1][B7],Good Karma,∞,@Coinexchange@ForkDelta@Idex,888000000,6,_
0xaF4DcE16Da2877f8c9e00544c93B62Ac40631F16,[B7],Monetha,MTH,@Binance@Coinexchange@ForkDelta@HitBTC@Idex@KuCoin@Mercatox@OKEx@Simex@Tidex@YoBit,402400000,5,_
0xaeC2E87E0A235266D9C5ADc9DEb4b2E29b54D009,[A2],SingularDTV,SNGLS,@BigONE@Binance@Braziliex@Ethfinex@ForkDelta@HitBTC@Idex@Liqui@Livecoin@OKEx@Upbit,1000000000,0,_
0xb3203DB25a01fa7950a860B42b899Ad7Da52DDD6,[B1][B7],PlexCoin,PLX,@Coinexchange@Cryptopia,1000000000,8,_
0xb5A5F22694352C15B00323844aD545ABb2B11028,[A11][B4][B5][B6],icon,ICX,@Binance@Bithumb@COSS@CREX24@Cryptobulls@Cybex DEX@ForkDelta@Gate.io@HitBTC@Huobi@Idex@Koinok@LATOKEN@OKEx@OOOBTC@Radar Relay@Upbit@ZB,400228739,18,_
0xb6F43025B29196Af2dddd69b0a58AFBa079cD600,[B1][B7],智投链,IIC,@BCEX@Hadax@Lbank,21000000000,18,_
0xbbFF862d906E348E9946Bfb2132ecB157Da3D4b4,[B1],Sharder,SS,@DDEX@Hotbit@IDEX@OTCBTC,350000000,18,_
0xc72fe8e3Dd5BeF0F9f31f259399F301272eF2a2D,[A2],Insights Network,INSTAR,@Bancor Network@Bibox@Gate.io@Idex@KKCoin,214155386,18,_
0xd26114cd6EE289AccF82350c8d8487fedB8A0C07,[B1][B2][B3],OMGToken,OMG,@ABCC@Abucoins@BX Thailand@Bancor Network@BigONE@Binance@Bit-Z@Bithumb@Bitpaction@Bittrex@Braziliex@BuyUcoin@COSS@CREX24@Cfinex@Cobinhood@CoinBene@CoinEx@CoinNest@Coinexchange@Coinone@Coinrail@Coinsuper@Cryptobulls@Cryptopia@Cybex DEX@DDEX@EXX@Ethfinex@Exrates@ForkDelta@Gate.io@GoPax@HitBTC@Huobi@IDCM@Idex@Koinex@Koinok@KuCoin@Kyber Network@Liqui@LiteBit@Livecoin@Mercatox@Neraex@OKEx@OpenLedger DEX@Poloniex@Qryptos@Radar Relay@Simex@Stocks.Exchange@Tidex@TopBTC@Upbit@ZB@Zebpay,140245398,18,_
0xd7631787B4dCc87b1254cfd1e5cE48e96823dEe8,[A2],SOCIAL,SCL,@Bancor Network@Coinexchange@Cryptopia@ForkDelta@HitBTC@Idex@Mercatox@YoBit,16714019,8,_
0xd97579Cea3fE2473682a4C42648134BB982433B9,[A21],Lightcoin,Light,@OKEx,210000000000,8,_
0xe120c1ECBfdFeA7F0A8f0Ee30063491E8c26fedf,[B1][B7],Suretly,SUR,@HitBTC@Tidex@Waves Platform,237614,8,_
0xe3818504c1B32bF1557b16C238B2E01Fd3149C17,[B1][B2][B3],PILLAR,PLR,@Bancor Network@Cryptopia@ForkDelta@HitBTC@Idex,800000000,18,_
0xf05a9382A4C3F29E2784502754293D88b835109C,[B1][B2][B3],REX - Real Estate tokens,REX,@CoinExchange@IDEX,24042947,18,_
0xfAE4Ee59CDd86e3Be9e8b90b53AA866327D7c090,[B1][B7],CPChain,CPC,@Bibox@ForkDelta@Idex,999999999,18,_
