{
    "batchTransfer-overflow": "A1",
    "totalsupply-overflow": "A2",
    "verify-invalid-by-overflow":"A3",
    "owner-control-sell-price-for-overflow":"A4",
    "owner-overweight-token-by-overflow":"A5",
    "owner-decrease-balance-by-mint-by-overflow":"A6",
    "excess-allocation-by-overflow":"A7",
    "excess-mint-token-by-overflow":"A8",
    "excess-buy-token-by-overflow":"A9",
    "verify-reverse-in-transferFrom": "A10", 
    "pauseTransfer-anyone": "A11",
    "transferProxy-keccak256": "A12",
    "approveProxy-keccak256": "A13",
    "constructor-case-insensitive":"A14",
    "custom-fallback-bypass-ds-auth":"A15",
    "custom-call-abuse":"A16",
    "setowner-anyone": "A17",
    "allowAnyone": "A18",
    "approve-with-balance-verify":"A19",
    "re-approve":"A20",
    "check-effect-inconsistency":"A21",
    "constructor-mistyping":"A22",
    "fake-burn":"A23",
    "getToken-anyone":"A24",
    "constructor-naming-error":"A25",
    "transfer-no-return": "B1",
    "approve-no-return": "B2",
    "transferFrom-no-return": "B3",
    "no-decimals":"B4",
    "no-name":"B5",
    "no-symbol":"B6",
    "no-Approval":"B7",
    "centralAccount-transfer-anyone":"C1"
}
