{
    "0x86Fa049857E0209aa7D9e616F7eb3b3B78ECfdb0": {
        "name": "eos",
        "cmcName": "eos"
    },
    "0xf230b790E05390FC8295F4d3F60332c93BEd42e2": {
        "name": "Tronix",
        "cmcName": "tron"
    },
    "0xB8c77482e45F1F44dE1745F52C74426C631bDD52": {
        "name": "BNB",
        "cmcName": "binance-coin"
    },
    "0xD850942eF8811f2A866692A623011bDE52a462C1": {
        "name": "VeChain Token",
        "cmcName": "vechain"
    },
    "0xd26114cd6EE289AccF82350c8d8487fedB8A0C07": {
        "name": "OMGToken",
        "cmcName": "omisego"
    },
    "0xb5A5F22694352C15B00323844aD545ABb2B11028": {
        "name": "icon",
        "cmcName": "icon"
    },
    "0x05f4a42e251f2d52b8ed15E9FEdAacFcEF1FAD27": {
        "name": "Zilliqa",
        "cmcName": "zilliqa"
    },
    "0x5CA9a71B1d01849C0a95490Cc00559717fCF0D1d": {
        "name": "Aeternity",
        "cmcName": "aeternity"
    },
    "0xcB97e65F07DA24D46BcDD078EBebd7C6E6E3d750": {
        "name": "Bytom",
        "cmcName": "bytom"
    },
    "0xE41d2489571d322189246DaFA5ebDe1F4699F498": {
        "name": "0x Protocol Token",
        "cmcName": "0x"
    },
    "0x168296bb09e24A88805CB9c33356536B980D3fC5": {
        "name": "RHOC",
        "cmcName": "rchain"
    },
    "0x9f8F72aA9304c8B593d555F12eF6589cC3A579A2": {
        "name": "maker",
        "cmcName": "maker"
    },
    "0xE94327D07Fc17907b4DB788E5aDf2ed424adDff6": {
        "name": "Reputation",
        "cmcName": "augur"
    },
    "0xd4fa1460F537bb9085d22C7bcCB5DD450Ef28e3a": {
        "name": "Populous Platform",
        "cmcName": "populous"
    },
    "0xa74476443119A942dE498590Fe1f2454d7D4aC0d": {
        "name": "Golem Network Token",
        "cmcName": "golem-network-tokens"
    },
    "0xb7cB1C96dB6B22b0D3d9536E0108d062BD488F74": {
        "name": "Walton Token",
        "cmcName": "waltonchain"
    },
    "0x744d70FDBE2Ba4CF95131626614a1763DF805B9E": {
        "name": "Status Network Token",
        "cmcName": "status"
    },
    "0x4CEdA7906a5Ed2179785Cd3A40A69ee8bc99C466": {
        "name": "AION",
        "cmcName": "aion"
    },
    "0x5d65D971895Edc438f465c17DB6992698a52318D": {
        "name": "Nebulas Token",
        "cmcName": "nebulas-token"
    },
    "0x039B5649A59967e3e936D7471f9c3700100Ee1ab": {
        "name": "Kucoin Shares",
        "cmcName": "kucoin-shares"
    },
    "0xE0B7927c4aF23765Cb51314A0E0521A9645F0E2A": {
        "name": "digixdao",
        "cmcName": "digixdao"
    },
    "0xFA1a856Cfa3409CFa145Fa4e20Eb270dF3EB21ab": {
        "name": "IOSToken",
        "cmcName": "iostoken"
    },
    "0x0D8775F648430679A709E98d2b0Cb6250d2887EF": {
        "name": "Basic Attention Token",
        "cmcName": "basic-attention-token"
    },
    "0x1F573D6Fb3F13d689FF844B4cE37794d79a7FF1C": {
        "name": "Bancor Network Token",
        "cmcName": "bancor"
    },
    "0xbf2179859fc6D5BEE9Bf9158632Dc51678a4100e": {
        "name": "ELF Token",
        "cmcName": "aelf"
    },
    "0xf85fEea2FdD81d51177F6b8F35F0e6734Ce45F5F": {
        "name": "CyberMiles Token",
        "cmcName": "cybermiles"
    },
    "0xb3104b4B9Da82025E8b9F8Fb28b3553ce2f67069": {
        "name": "BIX Token",
        "cmcName": "bibox-token"
    },
    "0x08d32b0da63e2C3bcF8019c9c5d849d7a9d791e6": {
        "name": "Dentacoin",
        "cmcName": "dentacoin"
    },
    "0x8f3470A7388c05eE4e7AF3d01D8C722b0FF52374": {
        "name": "Veritaseum",
        "cmcName": "veritaseum"
    },
    "0xA4e8C3Ec456107eA67d3075bF9e3DF3A75823DB0": {
        "name": "LoomToken",
        "cmcName": "loom-network"
    },
    "0x5Af2Be193a6ABCa9c8817001F45744777Db30756": {
        "name": "Ethos",
        "cmcName": "ethos"
    },
    "0xdd974D5C2e2928deA5F71b9825b8b646686BD200": {
        "name": "Kyber Network Crystal",
        "cmcName": "kyber-network"
    },
    "0xD0352a019e9AB9d757776F532377aAEbd36Fd541": {
        "name": "Fusion Token",
        "cmcName": "fusion"
    },
    "0x419D0d8BdD9aF5e606Ae2232ed285Aff190E711b": {
        "name": "FunFair",
        "cmcName": "funfair"
    },
    "0x618E75Ac90b12c6049Ba3b27f5d5F8651b0037F6": {
        "name": "QASH",
        "cmcName": "qash"
    },
    "0x818Fc6C2Ec5986bc6E2CBf00939d90556aB12ce5": {
        "name": "Kin",
        "cmcName": "kin"
    },
    "0x3893b9422Cd5D70a81eDeFfe3d5A1c6A978310BB": {
        "name": "Mithril Token",
        "cmcName": "mithril"
    },
    "0xEa11755Ae41D889CeEc39A63E6FF75a02Bc1C00d": {
        "name": "Cortex Coin",
        "cmcName": "cortex"
    },
    "0x4672bAD527107471cB5067a887f4656D585a8A31": {
        "name": "Dropil",
        "cmcName": "dropil"
    },
    "0x2d0E95bd4795D7aCe0da3C0Ff7b706a5970eb9D3": {
        "name": "All Sports Coin",
        "cmcName": "all-sports"
    },
    "0x9992eC3cF6A55b00978cdDF2b27BC6882d88D1eC": {
        "name": "Polymath",
        "cmcName": "polymath-network"
    },
    "0x9F5F3CFD7a32700C93F971637407ff17b91c7342": {
        "name": "ScryDddToken",
        "cmcName": "scryinfo"
    },
    "0x3883f5e181fccaF8410FA61e12b59BAd963fb645": {
        "name": "Theta Token",
        "cmcName": "theta-token"
    },
    "0x12480E24eb5bec1a9D4369CaB6a80caD3c0A377A": {
        "name": "Substratum",
        "cmcName": "substratum"
    },
    "0xB91318F35Bdb262E9423Bc7c7c2A3A93DD93C92C": {
        "name": "Nuls",
        "cmcName": "nuls"
    },
    "0xf0Ee6b27b759C9893Ce4f094b49ad28fd15A23e4": {
        "name": "Enigma",
        "cmcName": "enigma-project"
    },
    "0x0F5D2fB29fb7d3CFeE444a200298f468908cC942": {
        "name": "Decentraland MANA",
        "cmcName": "decentraland"
    },
    "0x419c4dB4B9e25d6Db2AD9691ccb832C8D9fDA05E": {
        "name": "Dragon",
        "cmcName": "dragonchain"
    },
    "0x1122B6a0E00DCe0563082b6e2953f3A943855c1F": {
        "name": "Centrality Token",
        "cmcName": "centrality"
    },
    "0xD0a4b8946Cb52f0661273bfbC6fD0E0C75Fc6433": {
        "name": "Storm Token",
        "cmcName": "storm"
    },
    "0x595832F8FC6BF59c85C527fEC3740A1b7a361269": {
        "name": "PowerLedger",
        "cmcName": "power-ledger"
    },
    "0x7e9e431a0B8c4D532C745B1043c7FA29a48D4fBa": {
        "name": "eosDAC Community Owned EOS Block Producer ERC20 Tokens",
        "cmcName": "eosdac"
    },
    "0x6c6EE5e31d828De241282B9606C8e98Ea48526E2": {
        "name": "HoloToken",
        "cmcName": "holo"
    },
    "0x01fF50f8b7f74E4f00580d9596cd3D0d6d6E326f": {
        "name": "BF Token",
        "cmcName": "bnktothefuture"
    },
    "0x607F4C5BB672230e8672085532f7e901544a7375": {
        "name": "iEx.ec Network Token",
        "cmcName": "rlc"
    },
    "0xC5bBaE50781Be1669306b9e001EFF57a2957b09d": {
        "name": "Gifto",
        "cmcName": "gifto"
    },
    "0x514910771AF9Ca656af840dff83E8264EcF986CA": {
        "name": "ChainLink Token",
        "cmcName": "chainlink"
    },
    "0xe25bCec5D3801cE3a794079BF94adF1B8cCD802D": {
        "name": "MATRIX AI Network",
        "cmcName": "matrix-ai-network"
    },
    "0xB63B606Ac810a52cCa15e44bB630fd42D8d1d83d": {
        "name": "Monaco",
        "cmcName": "monaco"
    },
    "0xB64ef51C888972c908CFacf59B47C1AfBC0Ab8aC": {
        "name": "StorjToken",
        "cmcName": "storj"
    },
    "0x39Bb259F66E1C59d5ABEF88375979b4D20D98022": {
        "name": "Wax Token",
        "cmcName": "wax"
    },
    "0x38c6A68304cdEfb9BEc48BbFaABA5C5B47818bb2": {
        "name": "high-performance-blockchain",
        "cmcName": "high-performance-blockchain"
    },
    "0x4156D3342D5c385a87D264F90653733592000581": {
        "name": "Salt",
        "cmcName": "salt"
    },
    "0xB62132e35a6c13ee1EE0f84dC5d40bad8d815206": {
        "name": "Nexo",
        "cmcName": "nexo"
    },
    "0x888666CA69E0f178DED6D75b5726Cee99A87D698": {
        "name": "ICONOMI",
        "cmcName": "iconomi"
    },
    "0x41e5560054824eA6B0732E656E3Ad64E20e94E45": {
        "name": "Civic",
        "cmcName": "civic"
    },
    "0x62a56a4A2Ef4D355D34D10fBF837e747504d38d4": {
        "name": "paypex",
        "cmcName": "paypex"
    },
    "0xA4d17AB1eE0efDD23edc2869E7BA96B89eEcf9AB": {
        "name": "TRUE Token",
        "cmcName": "true-chain"
    },
    "0xB97048628DB6B661D4C2aA833e95Dbe1A905B280": {
        "name": "TenX Pay Token",
        "cmcName": "tenx"
    },
    "0x809826cceAb68c387726af962713b64Cb5Cb3CCA": {
        "name": "NucleusVision",
        "cmcName": "nucleus-vision"
    },
    "0x48f775EFBE4F5EcE6e0DF2f7b5932dF56823B990": {
        "name": "R token",
        "cmcName": "revain"
    },
    "0x8f8221aFbB33998d8584A2B05749bA73c37a938a": {
        "name": "Request Token",
        "cmcName": "request-network"
    },
    "0xF7920B0768Ecb20A123fAc32311d07D193381d6f": {
        "name": "Time New Bank",
        "cmcName": "time-new-bank"
    },
    "0xd4c435F5B09F855C3317c8524Cb1F586E42795fa": {
        "name": "Cindicator Token",
        "cmcName": "cindicator"
    },
    "0x3597bfD533a99c9aa083587B074434E61Eb0A258": {
        "name": "DENT",
        "cmcName": "dent"
    },
    "0x8eB24319393716668D768dCEC29356ae9CfFe285": {
        "name": "SingularityNET Token",
        "cmcName": "singularitynet"
    },
    "0x960b236A07cf122663c4303350609A66A7B288C0": {
        "name": "Aragon Network Token",
        "cmcName": "aragon"
    },
    "0x99ea4dB9EE77ACD40B119BD1dC4E33e1C070b80d": {
        "name": "Quantstamp Token",
        "cmcName": "quantstamp"
    },
    "0xB70835D7822eBB9426B56543E391846C107bd32C": {
        "name": "Game.com Token",
        "cmcName": "game"
    },
    "0x5c3a228510D246b78a3765C20221Cbf3082b44a4": {
        "name": "Storiqa Token",
        "cmcName": "storiqa"
    },
    "0xf278c1CA969095ffddDED020290cf8B5C424AcE2": {
        "name": "RUFF",
        "cmcName": "ruff"
    },
    "0xF629cBd94d3791C9250152BD8dfBDF380E2a3B9c": {
        "name": "Enjin Coin",
        "cmcName": "enjin-coin"
    },
    "0x57aD67aCf9bF015E4820Fbd66EA1A21BED8852eC": {
        "name": "Lympo tokens",
        "cmcName": "lympo"
    },
    "0x6810e776880C02933D47DB1b9fc05908e5386b96": {
        "name": "Gnosis Token",
        "cmcName": "gnosis-gno"
    },
    "0xB98d4C97425d9908E66E53A6fDf673ACcA0BE986": {
        "name": "ArcBlock",
        "cmcName": "arcblock"
    },
    "0x36905Fc93280f52362A1CBAB151F25DC46742Fb5": {
        "name": "BTOCoin",
        "cmcName": "bottos"
    },
    "0x7C5A0CE9267ED19B22F8cae653F198e3E8daf098": {
        "name": "SANtiment network token",
        "cmcName": "santiment"
    },
    "0x66186008C1050627F979d464eABb258860563dbE": {
        "name": "MediShares Token",
        "cmcName": "medishares"
    },
    "0x5732046A883704404F284Ce41FfADd5b007FD668": {
        "name": "Bluzelle Token",
        "cmcName": "bluzelle"
    },
    "0x6C2adC2073994fb2CCC5032cC2906Fa221e9B391": {
        "name": "Delphy Token",
        "cmcName": "delphy"
    },
    "0x905E337c6c8645263D3521205Aa37bf4d034e745": {
        "name": "Medical Token Currency",
        "cmcName": "docademic"
    },
    "0x4092678e4E78230F46A1534C0fbc8fA39780892B": {
        "name": "OCoin",
        "cmcName": "odyssey"
    },
    "0xEA26c4aC16D4a5A106820BC8AEE85fd0b7b2b664": {
        "name": "QuarkChain Token",
        "cmcName": "quarkchain"
    },
    "0xBe428c3867F05deA2A89Fc76a102b544eaC7f772": {
        "name": "CyberVeinToken",
        "cmcName": "cybervein"
    },
    "0x6EC8a24CaBdc339A06a172F8223ea557055aDAa5": {
        "name": "Genaro X",
        "cmcName": "genaro-network"
    },
    "0x255Aa6DF07540Cb5d3d297f0D0D4D84cb52bc8e6": {
        "name": "Raiden Token",
        "cmcName": "raiden-network-token"
    },
    "0xEda8B016efA8b1161208Cf041cD86972eeE0F31E": {
        "name": "I HOUSE TOKEN",
        "cmcName": "iht-real-estate-protocol"
    },
    "0x983F6d60db79ea8cA4eB9968C6aFf8cfA04B3c63": {
        "name": "SONM Token",
        "cmcName": "sonm"
    },
    "0xd234BF2410a0009dF9c3C63b610c09738f18ccD7": {
        "name": "Dynamic Trading Rights",
        "cmcName": "dynamic-trading-rights"
    },
    "0xF433089366899D83a9f26A773D59ec7eCF30355e": {
        "name": "Metal",
        "cmcName": "metal"
    },
    "0x55F93985431Fc9304077687a35A1BA103dC1e081": {
        "name": "SmartMesh Token",
        "cmcName": "smartmesh"
    },
    "0x8dd5fbCe2F6a956C3022bA3663759011Dd51e73E": {
        "name": "TrueUSD",
        "cmcName": "trueusd"
    },
    "0x80A7E048F37A50500351C204Cb407766fA3baE7f": {
        "name": "CrypteriumToken",
        "cmcName": "crypterium"
    },
    "0x0Cf0Ee63788A0849fE5297F3407f701E122cC023": {
        "name": "Streamr DATAcoin",
        "cmcName": "streamr-datacoin"
    },
    "0x68d57c9a1C35f63E2c83eE8e49A64e9d70528D25": {
        "name": "SIRIN",
        "cmcName": "sirin-labs-token"
    },
    "0x26E75307Fc0C021472fEb8F727839531F112f317": {
        "name": "Crypto20",
        "cmcName": "c20"
    },
    "0x46b9Ad944d1059450Da1163511069C718F699D31": {
        "name": "CREDITS",
        "cmcName": "credits"
    },
    "0x340D2bdE5Eb28c1eed91B2f790723E3B160613B7": {
        "name": "BLOCKv Token",
        "cmcName": "blockv"
    },
    "0x4DC3643DbC642b72C158E7F3d2ff232df61cb6CE": {
        "name": "Amber Token",
        "cmcName": "amber"
    },
    "0x103c3A209da59d3E7C4A89307e66521e081CFDF0": {
        "name": "Genesis Vision Token",
        "cmcName": "genesis-vision"
    },
    "0x408e41876cCCDC0F92210600ef50372656052a38": {
        "name": "Republic Token",
        "cmcName": "republic-protocol"
    },
    "0x0e0989b1f9B8A38983c2BA8053269Ca62Ec9B195": {
        "name": "Po.et",
        "cmcName": "poet"
    },
    "0x9e88613418cF03dCa54D6a2cf6Ad934A78C7A17A": {
        "name": "Swarm Fund Token",
        "cmcName": "swarm-fund"
    },
    "0x89d24A6b4CcB1B6fAA2625fE562bDD9a23260359": {
        "name": "dai",
        "cmcName": "dai"
    },
    "0x6fB3e0A217407EFFf7Ca062D46c26E5d60a14d69": {
        "name": "IoTeX Network",
        "cmcName": "iotex"
    },
    "0xe3818504c1B32bF1557b16C238B2E01Fd3149C17": {
        "name": "PILLAR",
        "cmcName": "pillar"
    },
    "0xBAb165dF9455AA0F2AeD1f2565520B91DDadB4c8": {
        "name": "EDUCare",
        "cmcName": "educare"
    },
    "0x80BC5512561c7f85A3A9508c7df7901b370Fa1DF": {
        "name": "TradeToken",
        "cmcName": "trade-token"
    },
    "0x3833ddA0AEB6947b98cE454d89366cBA8Cc55528": {
        "name": "SPHTX",
        "cmcName": "sophiatx"
    },
    "0x00c4B398500645eb5dA00a1a379a88B11683ba01": {
        "name": "Eximchain Token",
        "cmcName": "eximchain"
    },
    "0xaA7a9CA87d3694B5755f213B5D04094b8d0F0A6F": {
        "name": "Trace Token",
        "cmcName": "origintrail"
    },
    "0xa5Fd1A791C4dfcaacC963D4F73c6Ae5824149eA7": {
        "name": "Jibrel Network Token",
        "cmcName": "jibrel-network"
    },
    "0x558EC3152e2eb2174905cd19AeA4e34A23DE9aD6": {
        "name": "Bread Token",
        "cmcName": "bread"
    },
    "0x69b148395Ce0015C13e36BFfBAd63f49EF874E03": {
        "name": "Data Token",
        "cmcName": "data"
    },
    "0x85e076361cc813A908Ff672F9BAd1541474402b2": {
        "name": "Telcoin",
        "cmcName": "telcoin"
    },
    "0x622dFfCc4e83C64ba959530A5a5580687a57581b": {
        "name": "CUBE",
        "cmcName": "cube"
    },
    "0x80fB784B7eD66730e8b1DBd9820aFD29931aab03": {
        "name": "EthLend Token",
        "cmcName": "ethlend"
    },
    "0xbf52F2ab39e26E0951d2a02b49B7702aBe30406a": {
        "name": "ODEM Token",
        "cmcName": "odem"
    },
    "0x5E6b6d9aBAd9093fdc861Ea1600eBa1b355Cd940": {
        "name": "IOT on Chain",
        "cmcName": "iot-chain"
    },
    "0x08711D3B02C8758F2FB3ab4e80228418a7F8e39c": {
        "name": "Edgeless",
        "cmcName": "edgeless"
    },
    "0x106Aa49295B525fcf959aA75eC3f7dCbF5352f1C": {
        "name": "Rock Token",
        "cmcName": "rock"
    },
    "0xDD16eC0F66E54d453e6756713E533355989040E4": {
        "name": "Tokenomy",
        "cmcName": "tokenomy"
    },
    "0x4C0fBE1BB46612915E7967d2C3213cd4d87257AD": {
        "name": "APIS",
        "cmcName": "apis"
    },
    "0xCeD4E93198734dDaFf8492d525Bd258D49eb388E": {
        "name": "Eidoo Token",
        "cmcName": "eidoo"
    },
    "0x0B4BdC478791897274652DC15eF5C135cae61E60": {
        "name": "DAEX Token",
        "cmcName": "daex"
    },
    "0x42d6622deCe394b54999Fbd73D108123806f6a18": {
        "name": "SPANK",
        "cmcName": "spankchain"
    },
    "0xc42209aCcC14029c1012fB5680D95fBd6036E2a0": {
        "name": "PayPie",
        "cmcName": "paypie"
    },
    "0x9a0242b7a33DAcbe40eDb927834F96eB39f8fBCB": {
        "name": "BAX",
        "cmcName": "babb"
    },
    "0x2C4e8f2D746113d0696cE89B35F0d8bF88E0AEcA": {
        "name": "Simple Token",
        "cmcName": "ost"
    },
    "0x8b353021189375591723E7384262F45709A3C3dC": {
        "name": "Tomocoin",
        "cmcName": "tomochain"
    },
    "0xF970b8E36e23F7fC3FD752EeA86f8Be8D83375A6": {
        "name": "Ripio Credit Network Token",
        "cmcName": "ripio-credit-network"
    },
    "0x4470BB87d77b963A013DB939BE332f927f2b992e": {
        "name": "AdEx",
        "cmcName": "adx-net"
    },
    "0x697beac28B09E122C4332D163985e8a73121b97F": {
        "name": "QRL",
        "cmcName": "quantum-resistant-ledger"
    },
    "0x88d50B466BE55222019D71F9E8fAe17f5f45FCA1": {
        "name": "Cryptaur",
        "cmcName": "cryptaur"
    },
    "0xaAAf91D9b90dF800Df4F55c205fd6989c977E73a": {
        "name": "Monolith TKN",
        "cmcName": "tokencard"
    },
    "0x0bb217E40F8a5Cb79Adf04E1aAb60E5abd0dfC1e": {
        "name": "SwftCoin",
        "cmcName": "swftcoin"
    },
    "0x27054b13b1B798B345b591a4d22e6562d47eA75a": {
        "name": "AirSwap Token",
        "cmcName": "airswap"
    },
    "0x123aB195DD38B1b40510d467a6a359b201af056f": {
        "name": "LGO Token",
        "cmcName": "legolas-exchange"
    },
    "0xaBbBB6447B68ffD6141DA77C18c7B5876eD6c5ab": {
        "name": "DATx",
        "cmcName": "datx"
    },
    "0x9AF839687F6C94542ac5ece2e317dAAE355493A1": {
        "name": "Hydro Protocol Token",
        "cmcName": "hydro-protocol"
    },
    "0x1FE70bE734e473e5721ea57C8B5B01e6Caa52686": {
        "name": "RNTB Token",
        "cmcName": "bitrent"
    },
    "0x1829aA045E21E0D59580024A951DB48096e01782": {
        "name": "FuzeX Token",
        "cmcName": "fuzex"
    },
    "0x4824A7b64E3966B0133f4f4FFB1b9D6bEb75FFF7": {
        "name": "TokenClub Token",
        "cmcName": "tokenclub"
    },
    "0xaeC2E87E0A235266D9C5ADc9DEb4b2E29b54D009": {
        "name": "SingularDTV",
        "cmcName": "singulardtv"
    },
    "0x2008e3057BD734e10AD13c9EAe45Ff132aBc1722": {
        "name": "Zebi Coin",
        "cmcName": "zebi"
    },
    "0x461733c17b0755CA5649B6DB08B3E213FCf22546": {
        "name": "atn",
        "cmcName": "atn"
    },
    "0xC011A72400E58ecD99Ee497CF89E3775d4bd732F": {
        "name": "Havven",
        "cmcName": "havven"
    },
    "0xFFE02ee4C69eDf1b340fCaD64fbd6b37a7b9e265": {
        "name": "NANJCOIN",
        "cmcName": "nanjcoin"
    },
    "0x0AbdAce70D3790235af448C88547603b945604ea": {
        "name": "district0x Network Token",
        "cmcName": "district0x"
    },
    "0x667088b212ce3d06a1b553a7221E1fD19000d9aF": {
        "name": "WINGS",
        "cmcName": "wings"
    },
    "0x70a72833d6bF7F508C8224CE59ea1Ef3d0Ea3A38": {
        "name": "UTRUST Token",
        "cmcName": "utrust"
    },
    "0x4CF488387F035FF08c371515562CBa712f9015d4": {
        "name": "WePower Token",
        "cmcName": "wepower"
    },
    "0x998b3B82bC9dBA173990Be7afb772788B5aCB8Bd": {
        "name": "BANCA Token",
        "cmcName": "banca"
    },
    "0x1a7a8BD9106F2B8D977E08582DC7d24c723ab0DB": {
        "name": "AppCoins",
        "cmcName": "appcoins"
    },
    "0x8dB54ca569D3019A2ba126D03C37c44b5eF81EF6": {
        "name": "DataWallet Token",
        "cmcName": "datawallet"
    },
    "0x27695E09149AdC738A978e9A678F99E4c39e9eb9": {
        "name": "KickCoin",
        "cmcName": "kickico"
    },
    "0x0b76544F6C413a555F309Bf76260d1E02377c02A": {
        "name": "Internet Node Token",
        "cmcName": "internet-node-token"
    },
    "0x47bc01597798DCD7506DCCA36ac4302fc93a8cFb": {
        "name": "Crowd Machine Compute Token",
        "cmcName": "crowd-machine"
    },
    "0xfAE4Ee59CDd86e3Be9e8b90b53AA866327D7c090": {
        "name": "CPChain",
        "cmcName": "cpchain"
    },
    "0x88A3E4F35D64aAD41A6d4030ac9AFE4356cB84fA": {
        "name": "Presearch",
        "cmcName": "presearch"
    },
    "0x72dD4b6bd852A3AA172Be4d6C5a6dbEc588cf131": {
        "name": "NAGA Coin",
        "cmcName": "naga"
    },
    "0xE5Dada80Aa6477e85d09747f2842f7993D0Df71C": {
        "name": "DockToken",
        "cmcName": "dock"
    },
    "0xe8Ff5C9c75dEb346acAc493C463C8950Be03Dfba": {
        "name": "Vibe Coin",
        "cmcName": "vibe"
    },
    "0x5B2e4a700dfBc560061e957edec8F6EeEb74a320": {
        "name": "INS Token",
        "cmcName": "ins-ecosystem"
    },
    "0xE7775A6e9Bcf904eb39DA2b68c5efb4F9360e08C": {
        "name": "Token-as-a-Service",
        "cmcName": "taas"
    },
    "0x08f5a9235B08173b7569F83645d2c7fB55e8cCD8": {
        "name": "Tierion Network Token",
        "cmcName": "tierion"
    },
    "0x957c30aB0426e0C93CD8241E2c60392d08c6aC8e": {
        "name": "Modum Token",
        "cmcName": "modum"
    },
    "0x286BDA1413a2Df81731D4930ce2F862a35A609fE": {
        "name": "WaBi",
        "cmcName": "wabi"
    },
    "0x40395044Ac3c0C57051906dA938B54BD6557F212": {
        "name": "MobileGo Token",
        "cmcName": "mobilego"
    },
    "0xe8780B48bdb05F928697A5e8155f672ED91462F7": {
        "name": "Cashaa",
        "cmcName": "cashaa"
    },
    "0x12B306fA98F4CbB8d4457FdFf3a0A0a56f07cCdf": {
        "name": "Spectre.ai D-Token",
        "cmcName": "spectre-dividend"
    },
    "0x1844b21593262668B7248d0f57a220CaaBA46ab9": {
        "name": "Oyster Pearl",
        "cmcName": "oyster"
    },
    "0xEA38eAa3C86c8F9B751533Ba2E562deb9acDED40": {
        "name": "Fuel Token",
        "cmcName": "etherparty"
    },
    "0xBEB9eF514a379B997e0798FDcC901Ee474B6D9A1": {
        "name": "Melon Token",
        "cmcName": "melon"
    },
    "0xfa05A73FfE78ef8f1a739473e462c54bae6567D9": {
        "name": "Lunyr Token",
        "cmcName": "lunyr"
    },
    "0xE3feDAeCD47aa8EAb6b23227b0eE56F092C967a9": {
        "name": "Primas",
        "cmcName": "primas"
    },
    "0x177d39AC676ED1C67A2b268AD7F1E58826E5B0af": {
        "name": "CoinDash Token",
        "cmcName": "blox"
    },
    "0xD65960FAcb8E4a2dFcb2C2212cb2e44a02e2a57E": {
        "name": "Soarcoin",
        "cmcName": "soarcoin"
    },
    "0xA017ac5faC5941f95010b12570B812C974469c2C": {
        "name": "Proxeus",
        "cmcName": "proxeus"
    },
    "0x9b68bFaE21DF5A510931A262CECf63f41338F264": {
        "name": "Decent.Bet Token",
        "cmcName": "decent-bet"
    },
    "0x9e96604445Ec19fFed9a5e8dd7B50a29C899A10C": {
        "name": "COSS",
        "cmcName": "coss"
    },
    "0x264Dc2DedCdcbb897561A57CBa5085CA416fb7b4": {
        "name": "QunQunCommunities",
        "cmcName": "qunqun"
    },
    "0x922105fAd8153F516bCfB829f56DC097a0E1D705": {
        "name": "Yee - A Blockchain-powered & Cloud-based Social Ecosystem",
        "cmcName": "yee"
    },
    "0x4E0603e2A27A30480E5e3a4Fe548e29EF12F64bE": {
        "name": "Credo Token",
        "cmcName": "credo"
    },
    "0xa44E5137293E855B1b7bC7E2C6f8cD796fFCB037": {
        "name": "SENTinel",
        "cmcName": "sentinel"
    },
    "0xC0Eb85285d83217CD7c891702bcbC0FC401E2D9D": {
        "name": "Hive Project Token",
        "cmcName": "hive-project"
    },
    "0xD7732e3783b0047aa251928960063f863AD022D8": {
        "name": "BrahmaOS",
        "cmcName": "brahmaos"
    },
    "0xD49ff13661451313cA1553fd6954BD1d9b6E02b9": {
        "name": "ElectrifyAsia",
        "cmcName": "electrifyasia"
    },
    "0x41AB1b6fcbB2fA9DCEd81aCbdeC13Ea6315F2Bf2": {
        "name": "XinFin XDCE",
        "cmcName": "xinfin-network"
    },
    "0x9e3319636e2126e3c0bc9e3134AEC5e1508A46c7": {
        "name": "UTN-P: Universa Token",
        "cmcName": "universa"
    },
    "0x81c9151de0C8bafCd325a57E3dB5a5dF1CEBf79c": {
        "name": "Datum Token",
        "cmcName": "datum"
    },
    "0xfec0cF7fE078a500abf15F1284958F22049c2C7e": {
        "name": "Maecenas ART Token",
        "cmcName": "maecenas"
    },
    "0x3543638eD4a9006E4840B105944271Bcea15605D": {
        "name": "UNetworkToken",
        "cmcName": "u-network"
    },
    "0x12B19D3e2ccc14Da04FAe33e63652ce469b3F2FD": {
        "name": "GRID Token",
        "cmcName": "grid"
    },
    "0x68AA3F232dA9bdC2343465545794ef3eEa5209BD": {
        "name": "Mothership Token",
        "cmcName": "mothership"
    },
    "0x2C974B2d0BA1716E644c1FC59982a89DDD2fF724": {
        "name": "Vibe",
        "cmcName": "viberate"
    },
    "0x554C20B7c486beeE439277b4540A434566dC4C02": {
        "name": "Decision Token",
        "cmcName": "decision-token"
    },
    "0xcbCC0F036ED4788F63FC0fEE32873d6A7487b908": {
        "name": "Humaniq",
        "cmcName": "humaniq"
    },
    "0x0AfFa06e7Fbe5bC9a764C979aA66E8256A631f02": {
        "name": "Polybius Token",
        "cmcName": "polybius"
    },
    "0xAf30D2a7E90d7DC361c8C4585e9BB7D2F6f15bc7": {
        "name": "FirstBlood Token",
        "cmcName": "firstblood"
    },
    "0x226bb599a12C826476e3A771454697EA52E9E220": {
        "name": "Propy",
        "cmcName": "propy"
    },
    "0xd780Ae2Bf04cD96E577D3D014762f831d97129d0": {
        "name": "Envion",
        "cmcName": "envion"
    },
    "0x41dBECc1cdC5517C6f76f6a6E836aDbEe2754DE3": {
        "name": "MedToken",
        "cmcName": "medical-chain"
    },
    "0xCdCFc0f66c522Fd086A1b725ea3c0Eeb9F9e8814": {
        "name": "Aurora DAO",
        "cmcName": "aurora-dao"
    },
    "0xDf6Ef343350780BF8C3410BF062e0C015B1DD671": {
        "name": "Blackmoon Crypto Token",
        "cmcName": "blackmoon"
    },
    "0x1c4481750daa5Ff521A2a7490d9981eD46465Dbd": {
        "name": "BLOCKMASON CREDIT PROTOCOL TOKEN",
        "cmcName": "blockmason"
    },
    "0x45245bc59219eeaAF6cD3f382e078A461FF9De7B": {
        "name": "\"BANKEX\" project utility token",
        "cmcName": "bankex"
    },
    "0x7A41e0517a5ecA4FdbC7FbebA4D4c47B9fF6DC63": {
        "name": "Zeus Shield Coin",
        "cmcName": "zeusshield"
    },
    "0xfcA47962D45ADFdfd1Ab2D972315dB4ce7CCf094": {
        "name": "IXT",
        "cmcName": "ixledger"
    },
    "0xd0929d411954c47438dc1d871dd6081F5C5e149c": {
        "name": "Refereum",
        "cmcName": "refereum"
    },
    "0x69BEaB403438253f13b6e92Db91F7FB849258263": {
        "name": "NeuroToken",
        "cmcName": "neurotoken"
    },
    "0xf485C5E679238f9304D986bb2fC28fE3379200e5": {
        "name": "UG Coin",
        "cmcName": "ugchain"
    },
    "0xf3Db5Fa2C66B7aF3Eb0C0b782510816cbe4813b8": {
        "name": "Everex",
        "cmcName": "everex"
    },
    "0x6531f133e6DeeBe7F2dcE5A0441aA7ef330B4e53": {
        "name": "Chronobank TIME",
        "cmcName": "chronobank"
    },
    "0x12FEF5e57bF45873Cd9B62E9DBd7BFb99e32D73e": {
        "name": "Cofoundit",
        "cmcName": "cofound-it"
    },
    "0x2859021eE7F2Cb10162E67F33Af2D22764B31aFf": {
        "name": "Silent Notary Token",
        "cmcName": "silent-notary"
    },
    "0x9041Fe5B3FDEA0f5e4afDC17e75180738D877A01": {
        "name": "ProToken",
        "cmcName": "prochain"
    },
    "0x4270bb238f6DD8B1c3ca01f96CA65b2647c06D3C": {
        "name": "FOTA",
        "cmcName": "fortuna"
    },
    "0x107c4504cd79C5d2696Ea0030a8dD4e92601B82e": {
        "name": "Bloom Token",
        "cmcName": "bloomtoken"
    },
    "0xaE73B38d1c9A8b274127ec30160a4927C4d71824": {
        "name": "STK Token",
        "cmcName": "stk"
    },
    "0x79650799e7899A802cB96C0Bc33a6a8d4CE4936C": {
        "name": "AIT",
        "cmcName": "aichain"
    },
    "0xc7BbA5b765581eFb2Cdd2679DB5Bea9eE79b201f": {
        "name": "Gems Token",
        "cmcName": "gems-protocol"
    },
    "0x516E5436bAfdc11083654DE7Bb9b95382d08d5DE": {
        "name": "Ormeus Coin",
        "cmcName": "ormeus-coin"
    },
    "0xc27A2F05fa577a83BA0fDb4c38443c0718356501": {
        "name": "Lamden Tau",
        "cmcName": "lamden"
    },
    "0x24692791Bc444c5Cd0b81e3CBCaba4b04Acd1F3B": {
        "name": "UnikoinGold",
        "cmcName": "unikoin-gold"
    },
    "0xb2F7EB1f2c37645bE61d73953035360e768D81E6": {
        "name": "Cobinhood Token",
        "cmcName": "cobinhood"
    },
    "0xF4134146AF2d511Dd5EA8cDB1C4AC88C57D60404": {
        "name": "SunContract",
        "cmcName": "suncontract"
    },
    "0x671AbBe5CE652491985342e85428EB1b07bC6c64": {
        "name": "Quantum",
        "cmcName": "quantum"
    },
    "0xF0f8B0B8DBB1124261FC8d778E2287e3Fd2Cf4f5": {
        "name": "bitqy",
        "cmcName": "bitqy"
    },
    "0x4CC19356f2D37338b9802aa8E8fc58B0373296E7": {
        "name": "SelfKey",
        "cmcName": "selfkey"
    },
    "0x006BeA43Baa3f7A6f765F14f10A1a1b08334EF45": {
        "name": "Stox",
        "cmcName": "stox"
    },
    "0x5A1A29DBb6Ad6153DB764568C1289076bC876df6": {
        "name": "NeworkCoin",
        "cmcName": "nework"
    },
    "0xD0D6D6C5Fe4a677D343cC433536BB717bAe167dD": {
        "name": "AdToken",
        "cmcName": "adtoken"
    },
    "0x35a69642857083BA2F30bfaB735dacC7F0bac969": {
        "name": "BBNToken",
        "cmcName": "banyan-network"
    },
    "0x13f11C9905A08ca76e3e853bE63D4f0944326C72": {
        "name": "Divi Exchange Token",
        "cmcName": "divi"
    },
    "0xFb2f26F266Fb2805a387230f2aa0a331b4d96Fba": {
        "name": "DADI",
        "cmcName": "dadi"
    },
    "0x1776e1F26f98b1A5dF9cD347953a26dd3Cb46671": {
        "name": "Numeraire",
        "cmcName": "numeraire"
    },
    "0x04F2E7221fdb1B52A68169B25793E51478fF0329": {
        "name": "Cappasity",
        "cmcName": "cappasity"
    },
    "0xBA5F11b16B155792Cf3B2E6880E8706859A8AEB6": {
        "name": "Aeron",
        "cmcName": "aeron"
    },
    "0x17f8aFB63DfcDcC90ebE6e84F060Cc306A98257D": {
        "name": "Nebula AI Token",
        "cmcName": "nebula-ai"
    },
    "0x9B11EFcAAA1890f6eE52C6bB7CF8153aC5d74139": {
        "name": "Attention Token of Media",
        "cmcName": "attention-token-of-media"
    },
    "0xaF4DcE16Da2877f8c9e00544c93B62Ac40631F16": {
        "name": "Monetha",
        "cmcName": "monetha"
    },
    "0x51DB5Ad35C671a87207d88fC11d593AC0C8415bd": {
        "name": "Moeda Loyalty Points",
        "cmcName": "moeda-loyalty-points"
    },
    "0x4aF328C52921706dCB739F25786210499169AFe6": {
        "name": "Sakura Bloom",
        "cmcName": "sakura-bloom"
    },
    "0x2ccbFF3A042c68716Ed2a2Cb0c544A9f1d1935E1": {
        "name": "DMarket Token",
        "cmcName": "dmarket"
    },
    "0xE2FB6529EF566a080e6d23dE0bd351311087D567": {
        "name": "Covesting",
        "cmcName": "covesting"
    },
    "0x0E8d6b471e332F140e7d9dbB99E5E3822F728DA6": {
        "name": "ABYSS",
        "cmcName": "the-abyss"
    },
    "0x3137619705b5fc22a3048989F983905e456b59Ab": {
        "name": "Everus",
        "cmcName": "everus"
    },
    "0xFF603F43946A3A28DF5E6A73172555D8C8b02386": {
        "name": "OneRoot Network Token",
        "cmcName": "oneroot-network"
    },
    "0xB24754bE79281553dc1adC160ddF5Cd9b74361a4": {
        "name": "RIALTO",
        "cmcName": "rialto"
    },
    "0xE50365f5D679CB98a1dd62D6F6e58e59321BcdDf": {
        "name": "LAToken",
        "cmcName": "latoken"
    },
    "0xf7B098298f7C69Fc14610bf71d5e02c60792894C": {
        "name": "Guppy",
        "cmcName": "guppy"
    },
    "0x763186eB8d4856D536eD4478302971214FEbc6A9": {
        "name": "Better Betting",
        "cmcName": "betterbetting"
    },
    "0x6425c6BE902d692AE2db752B3c268AFAdb099D3b": {
        "name": "RED MWAT",
        "cmcName": "restart-energy-mwat"
    },
    "0x814e0908b12A99FeCf5BC101bB5d0b8B5cDf7d26": {
        "name": "Measurable Data Token",
        "cmcName": "measurable-data-token"
    },
    "0x2Ef27BF41236bD859a95209e17a43Fbd26851f92": {
        "name": "MORPH",
        "cmcName": "morpheus-network"
    },
    "0xf3db7560E820834658B590C96234c333Cd3D5E5e": {
        "name": "Poker Chips",
        "cmcName": "coinpoker"
    },
    "0x07e3c70653548B04f0A75970C1F81B4CBbFB606f": {
        "name": "Delta",
        "cmcName": "agrello-delta"
    },
    "0xEa1f346faF023F974Eb5adaf088BbCdf02d761F4": {
        "name": "Blocktix Token",
        "cmcName": "blocktix"
    },
    "0x5136C98A80811C3f46bDda8B5c4555CFd9f812F0": {
        "name": "indaHash Coin",
        "cmcName": "indahash"
    },
    "0xa6a840E50bCaa50dA017b91A0D86B8b2d41156EE": {
        "name": "EchoLink",
        "cmcName": "echolink"
    },
    "0x584B44853680ee34a0F337B712a8f66d816dF151": {
        "name": "AI Doctor",
        "cmcName": "aidoc"
    },
    "0xdA6cb58A0D0C01610a29c5A65c303e13e885887C": {
        "name": "cVToken",
        "cmcName": "carvertical"
    },
    "0xAa0bb10CEc1fa372eb3Abc17C933FC6ba863DD9E": {
        "name": "Hms Token",
        "cmcName": "hi-mutual-society"
    },
    "0xfeDAE5642668f8636A11987Ff386bfd215F942EE": {
        "name": "PolicyPal Network Token",
        "cmcName": "policypal-network"
    },
    "0x83984d6142934bb535793A82ADB0a46EF0F66B6d": {
        "name": "REMME token",
        "cmcName": "remme"
    },
    "0x263c618480DBe35C300D8d5EcDA19bbB986AcaeD": {
        "name": "MOT",
        "cmcName": "olympus-labs"
    },
    "0xD01DB73E047855Efb414e6202098C4Be4Cd2423B": {
        "name": "Uquid Coin",
        "cmcName": "uquid-coin"
    },
    "0xA13f0743951B4f6E3e3AA039f682E17279f52bc3": {
        "name": "Sentinel Chain Token",
        "cmcName": "sentinel-chain"
    },
    "0x701C244b988a513c945973dEFA05de933b23Fe1D": {
        "name": "openANX Token",
        "cmcName": "oax"
    },
    "0xA823E6722006afe99E91c30FF5295052fe6b8E32": {
        "name": "Neumark",
        "cmcName": "neumark"
    },
    "0xf453B5B9d4E0B5c62ffB256BB2378cc2BC8e8a89": {
        "name": "Mark",
        "cmcName": "mark-space"
    },
    "0x491C9A23DB85623EEd455a8EfDd6AbA9b911C5dF": {
        "name": "HeroNodeToken",
        "cmcName": "heronode"
    },
    "0x327682779bAB2BF4d1337e8974ab9dE8275A7Ca8": {
        "name": "Blockport Token",
        "cmcName": "blockport"
    },
    "0xfD107B473AB90e8Fbd89872144a3DC92C40Fa8C9": {
        "name": "LALA",
        "cmcName": "lala-world"
    },
    "0xba9d4199faB4f26eFE3551D490E3821486f135Ba": {
        "name": "SwissBorg Token",
        "cmcName": "swissborg"
    },
    "0x6Ba460AB75Cd2c56343b3517ffeBA60748654D26": {
        "name": "UpToken",
        "cmcName": "uptoken"
    },
    "0xe469c4473af82217B30CF17b10BcDb6C8c796e75": {
        "name": "EXRP Network",
        "cmcName": "exrnchain"
    },
    "0x543Ff227F64Aa17eA132Bf9886cAb5DB55DCAddf": {
        "name": "DAOstack",
        "cmcName": "daostack"
    },
    "0xe25b0BBA01Dc5630312B6A21927E578061A13f55": {
        "name": "ShipChain SHIP",
        "cmcName": "shipchain"
    },
    "0x2e071D2966Aa7D8dECB1005885bA1977D6038A65": {
        "name": "DICE",
        "cmcName": "etheroll"
    },
    "0x23352036E911A22Cfc692B5E2E196692658ADED9": {
        "name": "Friendz Coin",
        "cmcName": "friends"
    },
    "0xea5f88E54d982Cbb0c441cde4E79bC305e5b43Bc": {
        "name": "Pareto Network Token",
        "cmcName": "pareto-network"
    },
    "0x5e3346444010135322268a4630d2ED5F8D09446c": {
        "name": "LockChain",
        "cmcName": "lockchain"
    },
    "0xE5F166c0D8872B68790061317BB6CcA04582C912": {
        "name": "TE-FOOD",
        "cmcName": "te-food"
    },
    "0xEBBdf302c940c6bfd49C6b165f457fdb324649bc": {
        "name": "Hydro",
        "cmcName": "hydrogen"
    },
    "0x3d1BA9be9f66B8ee101911bC36D3fB562eaC2244": {
        "name": "RvT",
        "cmcName": "rivetz"
    },
    "0x8400D94A5cb0fa0D041a3788e395285d61c9ee5e": {
        "name": "UniBright",
        "cmcName": "unibright"
    },
    "0x9af2c6B1A28D3d6BC084bd267F70e90d49741D5B": {
        "name": "aXpire Token",
        "cmcName": "axpire"
    },
    "0x2567c677473d110D75a8360C35309e63B1d52429": {
        "name": "ShareX",
        "cmcName": "sharex"
    },
    "0x9e6B2B11542f2BC52f3029077acE37E8fD838D7F": {
        "name": "Hacken",
        "cmcName": "hacken"
    },
    "0x6781a0F84c7E9e846DCb84A9a5bd49333067b104": {
        "name": "ZAP TOKEN",
        "cmcName": "zap"
    },
    "0x7654915A1b82D6D2D0AFc37c52Af556eA8983c7E": {
        "name": "Feed",
        "cmcName": "investfeed"
    },
    "0x9AF4f26941677C706cfEcf6D3379FF01bB85D5Ab": {
        "name": "DomRaiderToken",
        "cmcName": "domraider"
    },
    "0x27Dce1eC4d3f72C3E457Cc50354f1F975dDEf488": {
        "name": "AirToken",
        "cmcName": "airtoken"
    },
    "0x954b5De09A55e59755aCBda29e1Eb74A45D30175": {
        "name": "FluzFluz",
        "cmcName": "fluz-fluz"
    },
    "0xbbFF862d906E348E9946Bfb2132ecB157Da3D4b4": {
        "name": "Sharder",
        "cmcName": "sharder"
    },
    "0x1234567461d3f8Db7496581774Bd869C83D51c93": {
        "name": "BitClave",
        "cmcName": "bitclave"
    },
    "0xfF18DBc487b4c2E3222d115952bABfDa8BA52F5F": {
        "name": "PureLifeCoin",
        "cmcName": "life"
    },
    "0x5F53f7A8075614b699Baad0bC2c899f4bAd8FBBF": {
        "name": "Rebellious",
        "cmcName": "rebl"
    },
    "0xEDD7c94FD7B4971b916d15067Bc454b9E1bAD980": {
        "name": "Zippie",
        "cmcName": "zippie"
    },
    "0x9E46A38F5DaaBe8683E10793b06749EEF7D733d1": {
        "name": "Nectar",
        "cmcName": "polyswarm"
    },
    "0xDd6C68bb32462e01705011a4e2Ad1a60740f217F": {
        "name": "Hubiits",
        "cmcName": "hubii-network"
    },
    "0xcfb98637bcae43C13323EAa1731cED2B716962fD": {
        "name": "Nimiq Network Interim Token",
        "cmcName": "nimiq"
    },
    "0x014B50466590340D41307Cc54DCee990c8D58aa8": {
        "name": "ICOS",
        "cmcName": "icos"
    },
    "0x1961B3331969eD52770751fC718ef530838b6dEE": {
        "name": "BitDegree Token",
        "cmcName": "bitdegree"
    },
    "0x6aEB95F06CDA84cA345c2dE0F3B7f96923a44f4c": {
        "name": "Berry",
        "cmcName": "rentberry"
    },
    "0xf04a8ac553FceDB5BA99A64799155826C136b0Be": {
        "name": "Flixx",
        "cmcName": "flixxo"
    },
    "0x64CdF819d3E75Ac8eC217B3496d7cE167Be42e80": {
        "name": "InsurePal token",
        "cmcName": "insurepal"
    },
    "0x52fb36C83ad33C1824912FC81071cA5eEB8AB390": {
        "name": "Fidelium Token",
        "cmcName": "fidelium"
    },
    "0x076C97e1c869072eE22f8c91978C99B4bcB02591": {
        "name": "CommerceBlock Token",
        "cmcName": "commerceblock"
    },
    "0x2baac9330Cf9aC479D819195794d79AD0c7616e3": {
        "name": "AdBank",
        "cmcName": "adbank"
    },
    "0xc8C6A31A4A806d3710A7B38b7B296D2fABCCDBA8": {
        "name": "elixir",
        "cmcName": "elixir"
    },
    "0x8a854288a5976036A725879164Ca3e91d30c6A1B": {
        "name": "GET",
        "cmcName": "get-protocol"
    },
    "0x4a527d8fc13C5203AB24BA0944F4Cb14658D1Db6": {
        "name": "Morpheus Infrastructure Token",
        "cmcName": "morpheus-labs"
    },
    "0x45e42D659D9f9466cD5DF622506033145a9b89Bc": {
        "name": "Nexium",
        "cmcName": "nexium"
    },
    "0x0AF44e2784637218dD1D32A322D44e603A8f0c6A": {
        "name": "MatryxToken",
        "cmcName": "matryx"
    },
    "0x90528aeb3a2B736B780fD1B6C478bB7E1d643170": {
        "name": "XPlay Token",
        "cmcName": "xpa"
    },
    "0x1CCAA0F2a7210d76E1fDec740d5F323E2E1b1672": {
        "name": "Faceter Token",
        "cmcName": "faceter"
    },
    "0x7728dFEF5aBd468669EB7f9b48A7f70a501eD29D": {
        "name": "PRG",
        "cmcName": "paragon"
    },
    "0x4DF812F6064def1e5e029f1ca858777CC98D2D81": {
        "name": "Xaurum",
        "cmcName": "xaurum"
    },
    "0xB9e7F8568e08d5659f5D29C4997173d84CdF2607": {
        "name": "Swarm City Token",
        "cmcName": "swarm-city"
    },
    "0xB6eD7644C69416d67B522e20bC294A9a9B405B31": {
        "name": "0xBitcoin Token",
        "cmcName": "0xbtc"
    },
    "0x92e52a1A235d9A103D970901066CE910AAceFD37": {
        "name": "UCASH",
        "cmcName": "ucash"
    },
    "0x2f85E502a988AF76f7ee6D83b7db8d6c0A823bf9": {
        "name": "LatiumX",
        "cmcName": "latiumx"
    },
    "0x28b5E12CcE51f15594B0b91d5b5AdaA70F684a02": {
        "name": "NapoleonX Token",
        "cmcName": "napoleonx"
    },
    "0x0F4CA92660Efad97a9a70CB0fe969c755439772C": {
        "name": "Leverj",
        "cmcName": "leverj"
    },
    "0x4D8fc1453a0F359e99c9675954e656D80d996FbF": {
        "name": "Bee Token",
        "cmcName": "bee-token"
    },
    "0xCc13Fc627EFfd6E35D2D2706Ea3C4D7396c610ea": {
        "name": "idex-membership",
        "cmcName": "idex-membership"
    },
    "0x2604FA406Be957E542BEb89E6754fCdE6815e83f": {
        "name": "Playkey Token",
        "cmcName": "playkey"
    },
    "0x82b0E50478eeaFde392D45D1259Ed1071B6fDa81": {
        "name": "DNA Token",
        "cmcName": "encrypgen"
    },
    "0xE34e1944E776f39B9252790a0527eBDa647aE668": {
        "name": "Helbiz Token",
        "cmcName": "helbiz"
    },
    "0xb6EE9668771a79be7967ee29a63D4184F8097143": {
        "name": "CargoX Token",
        "cmcName": "cargox"
    },
    "0x4162178B78D6985480A308B2190EE5517460406D": {
        "name": "Colu Local Network",
        "cmcName": "colu-local-network"
    },
    "0x7d4b8Cce0591C9044a22ee543533b72E976E36C3": {
        "name": "Change COIN",
        "cmcName": "change"
    },
    "0xBC86727E770de68B1060C91f6BB6945c73e10388": {
        "name": "Ink Protocol",
        "cmcName": "ink-protocol"
    },
    "0x8Ae4BF2C33a8e667de34B54938B0ccD03Eb8CC06": {
        "name": "Patientory",
        "cmcName": "patientory"
    },
    "0x0947b0e6D821378805c9598291385CE7c791A6B2": {
        "name": "Lendingblock",
        "cmcName": "lendingblock"
    },
    "0x1C83501478f1320977047008496DACBD60Bb15ef": {
        "name": "DigitexFutures",
        "cmcName": "digitex-futures"
    },
    "0x1d462414fe14cf489c7A21CaC78509f4bF8CD7c0": {
        "name": "CanYaCoin",
        "cmcName": "canyacoin"
    },
    "0x74CEDa77281b339142A36817Fa5F9E29412bAb85": {
        "name": "EROSCOIN",
        "cmcName": "eroscoin"
    },
    "0x151202C9c18e495656f372281F493EB7698961D5": {
        "name": "DEBITUM",
        "cmcName": "debitum-network"
    },
    "0xAc3Da587eac229C9896D919aBC235CA4Fd7f72c1": {
        "name": "Target Coin",
        "cmcName": "target-coin"
    },
    "0x6888a16eA9792c15A4DCF2f6C623D055c8eDe792": {
        "name": "Signals",
        "cmcName": "signal-token"
    },
    "0x72aDadb447784dd7AB1F472467750fC485e4cb2d": {
        "name": "Worldcore",
        "cmcName": "worldcore"
    },
    "0x3839d8ba312751Aa0248fEd6a8bACB84308E20Ed": {
        "name": "Bezop",
        "cmcName": "bezop"
    },
    "0xEA610B1153477720748DC13ED378003941d84fAB": {
        "name": "AlisToken",
        "cmcName": "alis"
    },
    "0xBDC5bAC39Dbe132B1E030e898aE3830017D7d969": {
        "name": "Snovio",
        "cmcName": "snovio"
    },
    "0xd2d6158683aeE4Cc838067727209a0aAF4359de3": {
        "name": "Bounty0x Token",
        "cmcName": "bounty0x"
    },
    "0x71D01dB8d6a2fBEa7f8d434599C237980C234e4C": {
        "name": "Gladius Token",
        "cmcName": "gladius-token"
    },
    "0x3136eF851592aCf49CA4C825131E364170FA32b3": {
        "name": "CoinFi",
        "cmcName": "coinfi"
    },
    "0x539EfE69bCDd21a83eFD9122571a64CC25e0282b": {
        "name": "Ethereum Blue",
        "cmcName": "ethereum-blue"
    },
    "0x422866a8F0b032c5cf1DfBDEf31A20F4509562b0": {
        "name": "Adshares Token",
        "cmcName": "adshares"
    },
    "0x6BEB418Fc6E1958204aC8baddCf109B8E9694966": {
        "name": "Linker Coin",
        "cmcName": "linker-coin"
    },
    "0x4cE6B362Bc77A24966Dda9078f9cEF81b3B886a7": {
        "name": "NPER",
        "cmcName": "nper"
    },
    "0xE69a353b3152Dd7b706ff7dD40fe1d18b7802d31": {
        "name": "AdHive Token",
        "cmcName": "adhive"
    },
    "0x37E8789bB9996CaC9156cD5F5Fd32599E6b91289": {
        "name": "AidCoin",
        "cmcName": "aidcoin"
    },
    "0xa645264C5603E96c3b0B078cdab68733794B0A71": {
        "name": "Mysterium",
        "cmcName": "mysterium"
    },
    "0xCb94be6f13A1182E4A4B6140cb7bf2025d28e41B": {
        "name": "Trustcoin",
        "cmcName": "trust"
    },
    "0x923108a439C4e8C2315c4f6521E5cE95B44e9B4c": {
        "name": "Devery.io",
        "cmcName": "devery"
    },
    "0x001F0aA5dA15585e5b2305DbaB2bac425ea71007": {
        "name": "IPSX",
        "cmcName": "ip-exchange"
    },
    "0x3ADfc4999F77D04c8341BAC5F3A76f58DfF5B37A": {
        "name": "Privatix",
        "cmcName": "privatix"
    },
    "0xD8912C10681D8B21Fd3742244f44658dBA12264E": {
        "name": "Pluton",
        "cmcName": "pluton"
    },
    "0x8810C63470d38639954c6B41AaC545848C46484a": {
        "name": "Aditus",
        "cmcName": "aditus"
    },
    "0xa5F8fC0921880Cb7342368BD128eb8050442B1a1": {
        "name": "Block Array",
        "cmcName": "block-array"
    },
    "0x5d51FCceD3114A8bb5E90cDD0f9d682bCbCC5393": {
        "name": "B2BX",
        "cmcName": "b2bx"
    },
    "0x5e6016Ae7d7C49d347dcF834860B9f3Ee282812b": {
        "name": "EZToken",
        "cmcName": "eztoken"
    },
    "0x705EE96c1c160842C92c1aeCfCFfccc9C412e3D9": {
        "name": "ClearPoll Token",
        "cmcName": "clearpoll"
    },
    "0x7B22938ca841aA392C93dBB7f4c42178E3d65E88": {
        "name": "AstroTokens",
        "cmcName": "astro"
    },
    "0x5102791cA02FC3595398400BFE0e33d7B6C82267": {
        "name": "LEADCOIN",
        "cmcName": "leadcoin"
    },
    "0x85089389C14Bd9c77FC2b8F0c3d1dC3363Bf06Ef": {
        "name": "SPFToken",
        "cmcName": "sportyco"
    },
    "0x0D262e5dC4A06a0F1c90cE79C7a60C09DfC884E4": {
        "name": "J8T Token",
        "cmcName": "jet8"
    },
    "0x5adc961D6AC3f7062D2eA45FEFB8D8167d44b190": {
        "name": "Dether",
        "cmcName": "dether"
    },
    "0xc12d099be31567add4e4e4d0D45691C3F58f5663": {
        "name": "Auctus Token",
        "cmcName": "auctus"
    },
    "0xa7f976C360ebBeD4465c2855684D1AAE5271eFa9": {
        "name": "TrueFlip",
        "cmcName": "trueflip"
    },
    "0x23b75Bc7AaF28e2d6628C3f424B3882F8f072a3c": {
        "name": "Vice",
        "cmcName": "vice-industry-token"
    },
    "0x8aA33A7899FCC8eA5fBe6A608A109c3893A1B8b2": {
        "name": "Dao.Casino",
        "cmcName": "dao-casino"
    },
    "0xF70a642bD387F94380fFb90451C2c81d4Eb82CBc": {
        "name": "Starbase",
        "cmcName": "starbase"
    },
    "0x5d60d8d7eF6d37E16EBABc324de3bE57f135e0BC": {
        "name": "MyBit",
        "cmcName": "mybit-token"
    },
    "0xac3211a5025414Af2866FF09c23FC18bc97e79b1": {
        "name": "DOVU",
        "cmcName": "dovu"
    },
    "0x9214eC02CB71CbA0ADA6896b8dA260736a67ab10": {
        "name": "Real Estate Asset Ledger",
        "cmcName": "real"
    },
    "0xfd8971d5E8E1740cE2d0A84095fCA4De729d0c16": {
        "name": "Zilla Token",
        "cmcName": "zilla"
    },
    "0x3618516F45CD3c913F81F9987AF41077932Bc40d": {
        "name": "Peculium",
        "cmcName": "peculium"
    },
    "0x52A7cB918c11A16958bE40CBA7E31e32a499a465": {
        "name": "fidentiaX",
        "cmcName": "fidentiax"
    },
    "0xc72fe8e3Dd5BeF0F9f31f259399F301272eF2a2D": {
        "name": "Insights Network",
        "cmcName": "insights-network"
    },
    "0x5c743a35E903F6c584514ec617ACEe0611Cf44f3": {
        "name": "Experty Token",
        "cmcName": "experty"
    },
    "0x0d88eD6E74bbFD96B831231638b66C05571e824F": {
        "name": "aventus",
        "cmcName": "aventus"
    },
    "0x8542325B72C6D9fC0aD2Ca965A78435413a915A0": {
        "name": "Oyster Shell",
        "cmcName": "oyster-shell"
    },
    "0x2FA32a39fc1c399E0Cc7B2935868f5165De7cE97": {
        "name": "PayFair Token",
        "cmcName": "payfair"
    },
    "0x1B957Dc4aEfeed3b4A2351a6A6d5cbfbbA0CeCFa": {
        "name": "HOQU Token",
        "cmcName": "hoqu"
    },
    "0x43567eb78638A55bbE51E9f9FB5B2D7AD1F125aa": {
        "name": "HAC Token",
        "cmcName": "hackspace-capital"
    },
    "0x78B039921E84E726EB72E7b1212bb35504c645cA": {
        "name": "Sether",
        "cmcName": "sether"
    },
    "0x2f8472dd7ecf7cA760c8f6b45dB20Ca7cf52F8d7": {
        "name": "BitStation",
        "cmcName": "bitstation"
    },
    "0xa8006C4ca56F24d6836727D106349320dB7fEF82": {
        "name": "Internxt",
        "cmcName": "internxt"
    },
    "0xd559f20296FF4895da39b5bd9ADd54b442596a61": {
        "name": "FintruX Network",
        "cmcName": "fintrux-network"
    },
    "0x78B7FADA55A64dD895D8c8c35779DD8b67fA8a05": {
        "name": "ATLANT Token",
        "cmcName": "atlant"
    },
    "0x29D75277aC7F0335b2165D0895E8725cbF658d73": {
        "name": "BitDice",
        "cmcName": "bitdice"
    },
    "0x4DF47B4969B2911C966506E3592c41389493953b": {
        "name": "FundRequest",
        "cmcName": "fundrequest"
    },
    "0xdaE1Baf249964bc4b6aC98c3122f0e3E785fd279": {
        "name": "TokiaToken",
        "cmcName": "tokia"
    },
    "0xC343f099d3E41aA5C1b59470450e21E92E2d840b": {
        "name": "Verime Mobile",
        "cmcName": "verime"
    },
    "0x84F7c44B6Fed1080f647E354D552595be2Cc602F": {
        "name": "Bigbom",
        "cmcName": "bigbom"
    },
    "0xCA0e7269600d353F70b14Ad118A49575455C0f2f": {
        "name": "AMLT",
        "cmcName": "amlt"
    },
    "0x5b26C5D0772E5bbaC8b3182AE9a13f9BB2D03765": {
        "name": "Education",
        "cmcName": "education-ecosystem"
    },
    "0xEF2463099360a085f1f10b076Ed72Ef625497a06": {
        "name": "Sharpe Platform Token",
        "cmcName": "sharpe-platform-token"
    },
    "0xE477292f1B3268687A29376116B0ED27A9c76170": {
        "name": "Herocoin",
        "cmcName": "herocoin"
    },
    "0x7d3E7D41DA367b4FDCe7CBE06502B13294Deb758": {
        "name": "SSS",
        "cmcName": "sharechain"
    },
    "0x55648De19836338549130B1af587F16beA46F66B": {
        "name": "Pebbles",
        "cmcName": "publica"
    },
    "0x687174f8C49ceb7729D925C3A961507ea4Ac7b28": {
        "name": "GAT Token",
        "cmcName": "gatcoin"
    },
    "0x83eEA00D838f92dEC4D1475697B9f4D3537b56E3": {
        "name": "VOISE",
        "cmcName": "voisecom"
    },
    "0xEcE83617Db208Ad255Ad4f45Daf81E25137535bb": {
        "name": "Invacio Coin",
        "cmcName": "invacio"
    },
    "0x4355fC160f74328f9b383dF2EC589bB3dFd82Ba0": {
        "name": "Opus Token",
        "cmcName": "opus"
    },
    "0x588047365dF5BA589F923604AAC23d673555c623": {
        "name": "NaviToken",
        "cmcName": "naviaddress"
    },
    "0xd7631787B4dCc87b1254cfd1e5cE48e96823dEe8": {
        "name": "SOCIAL",
        "cmcName": "sociall"
    },
    "0x2C82c73d5B34AA015989462b2948cd616a37641F": {
        "name": "Spectre.ai U-Token",
        "cmcName": "spectre-utility"
    },
    "0x519475b31653E46D20cD09F9FdcF3B12BDAcB4f5": {
        "name": "VIU",
        "cmcName": "viuly"
    },
    "0x56ba2Ee7890461f463F7be02aAC3099f6d5811A8": {
        "name": "BlockCAT Token",
        "cmcName": "blockcat"
    },
    "0xba2184520A1cC49a6159c57e61E1844E085615B6": {
        "name": "HelloGold Token",
        "cmcName": "hellogold"
    },
    "0x0Ebb614204E47c09B6C3FeB9AAeCad8EE060E23E": {
        "name": "CPAY Token",
        "cmcName": "cryptopay"
    },
    "0xEA097A2b1dB00627B2Fa17460Ad260c016016977": {
        "name": "Upfiring",
        "cmcName": "upfiring"
    },
    "0xf6cFe53d6FEbaEEA051f400ff5fc14F0cBBDacA1": {
        "name": "DigiPulse Token",
        "cmcName": "digipulse"
    },
    "0x24dDFf6D8B8a42d835af3b440De91f3386554Aa4": {
        "name": "IUNGO token",
        "cmcName": "iungo"
    },
    "0x1b22C32cD936cB97C28C5690a0695a82Abf688e6": {
        "name": "MyWish Token",
        "cmcName": "mywish"
    },
    "0x13C2fab6354d3790D8ece4f0f1a3280b4A25aD96": {
        "name": "PHI Token",
        "cmcName": "phi-token"
    },
    "0x9c23D67AEA7B95D80942e3836BCDF7E708A747C2": {
        "name": "LOCIcoin",
        "cmcName": "locicoin"
    },
    "0x5554e04e76533E1d14c52f05beEF6c9d329E1E30": {
        "name": "Autonio",
        "cmcName": "autonio"
    },
    "0x8eFFd494eB698cc399AF6231fCcd39E08fd20B15": {
        "name": "PIX Token",
        "cmcName": "lampix"
    },
    "0xCc34366E3842cA1BD36c1f324d15257960fCC801": {
        "name": "Bonpay Token",
        "cmcName": "bonpay"
    },
    "0x6DD4e4Aad29A40eDd6A409b9c1625186C9855b4D": {
        "name": "GENE TOKEN (PARKGENE)",
        "cmcName": "parkgene"
    },
    "0x881Ef48211982D01E2CB7092C915E647Cd40D85C": {
        "name": "Open Trading Network",
        "cmcName": "open-trading-network"
    },
    "0xb3Bd49E28f8F832b8d1E246106991e546c323502": {
        "name": "Global Messaging Token",
        "cmcName": "mercury-protocol"
    },
    "0x3A92bD396aEf82af98EbC0Aa9030D25a23B11C6b": {
        "name": "Tokenbox",
        "cmcName": "tokenbox"
    },
    "0xf8e386EDa857484f5a12e4B5DAa9984E06E73705": {
        "name": "Indorse Token",
        "cmcName": "indorse-token"
    },
    "0x9a005c9a89BD72a4Bd27721E7a09A3c11D2b03C4": {
        "name": "StarterCoin",
        "cmcName": "startercoin"
    },
    "0xB17DF9a3B09583a9bDCf757d6367171476D4D8a3": {
        "name": "MaverickChain",
        "cmcName": "maverick-chain"
    },
    "0x6710c63432A2De02954fc0f851db07146a6c0312": {
        "name": "SyncFab Smart Manufacturing Blockchain",
        "cmcName": "syncfab"
    },
    "0xf44745fBd41F6A1ba151df190db0564c5fCc4410": {
        "name": "COPYTRACK Token",
        "cmcName": "copytrack"
    },
    "0x03C780cD554598592B97b7256dDAad759945b125": {
        "name": "BTRN",
        "cmcName": "biotron"
    },
    "0x7703C35CfFdC5CDa8D27aa3df2F9ba6964544b6e": {
        "name": "Pylon Token",
        "cmcName": "pylon-network"
    },
    "0xfDBc1aDc26F0F8f8606a5d63b7D3a3CD21c22B23": {
        "name": "1World",
        "cmcName": "1world"
    },
    "0x30ceCB5461A449A90081F5a5F55db4e048397BAB": {
        "name": "Tracto",
        "cmcName": "tracto"
    },
    "0xe81D72D14B1516e68ac3190a46C93302Cc8eD60f": {
        "name": "Coinlancer",
        "cmcName": "coinlancer"
    },
    "0x6295Ab2BE04A617747481B292c390BfcA592Cf28": {
        "name": "TokenDesk",
        "cmcName": "tokendesk"
    },
    "0x89303500a7Abfb178B274FD89F2469C264951e1f": {
        "name": "RefToken",
        "cmcName": "reftoken"
    },
    "0x3abdfF32F76b42E7635bdb7e425f0231A5F3aB17": {
        "name": "ConnectJob",
        "cmcName": "connectjob"
    },
    "0x28dee01D53FED0Edf5f6E310BF8Ef9311513Ae40": {
        "name": "BlitzPredict",
        "cmcName": "blitzpredict"
    },
    "0x1460a58096d80a50a2F1f956DDA497611Fa4f165": {
        "name": "Chainium",
        "cmcName": "chainium"
    },
    "0x1063ce524265d5a3A624f4914acd573dD89ce988": {
        "name": "Aigang",
        "cmcName": "aigang"
    },
    "0x5B0751713b2527d7f002c0c4e2a37e1219610A6B": {
        "name": "Horse",
        "cmcName": "ethorse"
    },
    "0xAef38fBFBF932D1AeF3B808Bc8fBd8Cd8E1f8BC5": {
        "name": "CreditBIT",
        "cmcName": "creditbit"
    },
    "0x6fFF3806Bbac52A20e0d79BC538d527f6a22c96b": {
        "name": "Network",
        "cmcName": "commodity-ad-network"
    },
    "0xab95E915c123fdEd5BDfB6325e35ef5515F1EA69": {
        "name": "XENON",
        "cmcName": "xenon"
    },
    "0xE814aeE960a85208C3dB542C53E7D4a6C8D5f60F": {
        "name": "DAY",
        "cmcName": "chronologic"
    },
    "0x78a73B6CBc5D183CE56e786f6e905CaDEC63547B": {
        "name": "Fabric Token",
        "cmcName": "fabric-token"
    },
    "0x9B70740e708a083C6fF38Df52297020f5DfAa5EE": {
        "name": "Daneel",
        "cmcName": "daneel"
    },
    "0x27f610BF36ecA0939093343ac28b1534a721DBB4": {
        "name": "Wand Token",
        "cmcName": "wandx"
    },
    "0x1c79ab32C66aCAa1e9E81952B8AAa581B43e54E7": {
        "name": "TEAM",
        "cmcName": "tokenstars"
    },
    "0x672a1AD4f667FB18A333Af13667aa0Af1F5b5bDD": {
        "name": "Verify Token",
        "cmcName": "verify"
    },
    "0x8B1F49491477e0fB46a29fef53F1EA320D13c349": {
        "name": "MicroMoney",
        "cmcName": "micromoney"
    },
    "0xF41e5Fbc2F6Aac200Dd8619E121CE1f05D150077": {
        "name": "CryCash Token",
        "cmcName": "crycash"
    },
    "0x06147110022B768BA8F99A8f385df11a151A9cc8": {
        "name": "ACE Token",
        "cmcName": "ace"
    },
    "0xeC46f8207D766012454c408De210BCBc2243E71c": {
        "name": "Nitro",
        "cmcName": "nitro"
    },
    "0xd341d1680Eeee3255b8C4c75bCCE7EB57f144dAe": {
        "name": "onG",
        "cmcName": "ongsocial"
    },
    "0x865e3707a580F9db89304005CddD050Ade8873eB": {
        "name": "Hire",
        "cmcName": "hirematch"
    },
    "0x2bDC0D42996017fCe214b21607a515DA41A9E0C5": {
        "name": "SkinCoin",
        "cmcName": "skincoin"
    },
    "0x139d9397274bb9E2C29A9aa8Aa0b5874d30D62E3": {
        "name": "BoutsPro",
        "cmcName": "boutspro"
    },
    "0xB2135AB9695a7678Dd590B1A996CB0f37BCB0718": {
        "name": "Signals Network Token",
        "cmcName": "signals-network"
    },
    "0xeB7C20027172E5d143fB030d50f91Cece2D1485D": {
        "name": "eBTC",
        "cmcName": "ebtcnew"
    },
    "0xA54ddC7B3CcE7FC8b1E3Fa0256D0DB80D2c10970": {
        "name": "NEVERDIE",
        "cmcName": "neverdie"
    },
    "0x24A77c1F17C547105E14813e517be06b0040aa76": {
        "name": "Live Stars Token",
        "cmcName": "live-stars"
    },
    "0x9002D4485b7594e3E850F0a206713B305113f69e": {
        "name": "HawalaToken",
        "cmcName": "hat-exchange"
    },
    "0xaFC39788c51f0c1Ff7B55317f3e70299e521Fff6": {
        "name": "eBitcoinCash",
        "cmcName": "ebitcoin-cash"
    },
    "0x39013F961c378f02C2b82A6E1d31E9812786FD9D": {
        "name": "Speed Mining Service",
        "cmcName": "speed-mining-service"
    },
    "0xc20464e0C373486d2B3335576e83a218b1618A5E": {
        "name": "Datarius Credit",
        "cmcName": "datarius-credit"
    },
    "0x37D40510a2F5Bc98AA7a0f7BF4b3453Bcfb90Ac1": {
        "name": "Beluga Banking Infrastructure Token",
        "cmcName": "belugapay"
    },
    "0x0ABeFb7611Cb3A01EA3FaD85f33C3C934F8e2cF4": {
        "name": "FARAD",
        "cmcName": "farad"
    },
    "0xb0280743b44bF7db4B6bE482b2Ba7b75E5dA096C": {
        "name": "Transcodium",
        "cmcName": "transcodium"
    },
    "0x2dAEE1AA61D60A252DC80564499A69802853583A": {
        "name": "Authorship Token",
        "cmcName": "authorship"
    },
    "0x900b4449236a7bb26b286601dD14d2bDe7a6aC6c": {
        "name": "EARTH Token",
        "cmcName": "earth-token"
    },
    "0xd2Fa8f92Ea72AbB35dBD6DECa57173d22db2BA49": {
        "name": "Origami Network",
        "cmcName": "origami"
    },
    "0x1183F92A5624D68e85FFB9170F16BF0443B4c242": {
        "name": "QVT",
        "cmcName": "qvolta"
    },
    "0x0371A82e4A9d0A4312f3ee2Ac9c6958512891372": {
        "name": "Student Coin",
        "cmcName": "student-coin"
    },
    "0x50Ee674689d75C0f88E8f83cfE8c4B69E8fd590D": {
        "name": "EmphyCoin",
        "cmcName": "emphy"
    },
    "0x63b992e6246d88f07fc35A056d2C365E6D441A3D": {
        "name": "Soma Community Token",
        "cmcName": "soma"
    },
    "0x63e634330A20150DbB61B15648bC73855d6CCF07": {
        "name": "Lancer Token",
        "cmcName": "blocklancer"
    },
    "0x88FCFBc22C6d3dBaa25aF478C578978339BDe77a": {
        "name": "FundYourselfNow Token",
        "cmcName": "fundyourselfnow"
    },
    "0xD3C00772B24D997A812249ca637a921e81357701": {
        "name": "WILD Token",
        "cmcName": "wild-crypto"
    },
    "0x59061b6f26BB4A9cE5828A19d35CFD5A4B80F056": {
        "name": "Legends",
        "cmcName": "legends-room"
    },
    "0x0b1724cc9FDA0186911EF6a75949e9c0d3F0f2F3": {
        "name": "Etheriya",
        "cmcName": "etheriya"
    },
    "0x47dD62D4D075DeAd71d0e00299fc56a2d747beBb": {
        "name": "EQUAL",
        "cmcName": "equal"
    },
    "0x93E682107d1E9defB0b5ee701C71707a4B2E46Bc": {
        "name": "MCAP",
        "cmcName": "mcap"
    },
    "0xE64509F0bf07ce2d29A7eF19A8A9bc065477C1B4": {
        "name": "PiplCoin",
        "cmcName": "piplcoin"
    },
    "0x48DF4E0296f908CEAb0428A5182D19B31fC037d6": {
        "name": "Fitrova",
        "cmcName": "fitrova"
    },
    "0xe120c1ECBfdFeA7F0A8f0Ee30063491E8c26fedf": {
        "name": "Suretly",
        "cmcName": "suretly"
    },
    "0xe30e02f049957e2A5907589e06Ba646fB2c321bA": {
        "name": "DRP Utility",
        "cmcName": "drp-utility"
    },
    "0xb444208cB0516C150178fCf9a52604BC04A1aCEa": {
        "name": "GreenMed",
        "cmcName": "greenmed"
    },
    "0x44197A4c44D6A059297cAf6be4F7e172BD56Caaf": {
        "name": "ELTCOIN",
        "cmcName": "eltcoin"
    },
    "0xcCeD5B8288086BE8c38E23567e684C3740be4D48": {
        "name": "Roulette Token",
        "cmcName": "roulettetoken"
    },
    "0x1245ef80F4d9e02ED9425375e8F649B9221b31D8": {
        "name": "ArbitrageCT",
        "cmcName": "arbitragect"
    },
    "0x8727c112C712c4a03371AC87a74dD6aB104Af768": {
        "name": "Jetcoin",
        "cmcName": "jetcoin"
    },
    "0x92E78dAe1315067a8819EFD6dCA432de9DCdE2e9": {
        "name": "Veros",
        "cmcName": "veros"
    },
    "0x1a95B271B0535D15fa49932Daba31BA612b52946": {
        "name": "minereum",
        "cmcName": "minereum"
    },
    "0x5D21eF5f25a985380B65c8e943A0082fEDa0Db84": {
        "name": "ethereumcash",
        "cmcName": "ethereumcash"
    },
    "0x02725836ebF3eCDb1cDf1c7b02FcbBfaa2736AF8": {
        "name": "BitAir",
        "cmcName": "bitair"
    },
    "0xCB5A05beF3257613E984C17DbcF039952B6d883F": {
        "name": "Sugar Exchange",
        "cmcName": "sugar-exchange"
    },
    "0xd5527579226E4ebC8864906E49D05d4458CcF47f": {
        "name": "Kubera token",
        "cmcName": "kubera-coin"
    },
    "0x0835ecd15DdF08d4786304d71b4672dC5C40F011": {
        "name": "PlusCoin",
        "cmcName": "pluscoin"
    },
    "0x28c8d01FF633eA9Cd8fc6a451D7457889E698de6": {
        "name": "ethereum-gold",
        "cmcName": "ethereum-gold"
    },
    "0x13F1b7FDFbE1fc66676D56483e21B1ecb40b58E2": {
        "name": "Accelerator",
        "cmcName": "accelerator-network"
    },
    "0x8A99ED8a1b204903Ee46e733f2c1286F6d20b177": {
        "name": "Fujinto",
        "cmcName": "fujinto"
    },
    "0xBDCFbf5C4D91Abc0bC9709C7286d00063c0e6F22": {
        "name": "GUESS",
        "cmcName": "guess"
    },
    "0x994f0DffdbaE0BbF09b652D6f11A493fd33F42B9": {
        "name": "EagleCoin",
        "cmcName": "eaglecoin"
    },
    "0x2A05d22DB079BC40C2f77a1d1fF703a56E631cc1": {
        "name": "BitAsean",
        "cmcName": "bitasean"
    },
    "0x0766e79A6fD74469733e8330b3b461C0320fF059": {
        "name": "EXN",
        "cmcName": "exchangen"
    },
    "0xA974c709cFb4566686553a20790685A47acEAA33": {
        "name": "Mixin",
        "cmcName": "mixin"
    },
    "0x20E94867794dBA030Ee287F1406E100d03C84Cd3": {
        "name": "DEW",
        "cmcName": "dew"
    },
    "0x26D5Bd2dfEDa983ECD6c39899e69DAE6431Dffbb": {
        "name": "ERC20",
        "cmcName": "erc20"
    },
    "0x07a58629AAF3e1A0d07D8f43114B76BD5EEe3B91": {
        "name": "Guaranteed Ethurance Token Extra",
        "cmcName": "guaranteed-ethurance-token-extra"
    },
    "0xef8CF79C21637fc6f951bcaC348915508a639a41": {
        "name": "SRCOIN",
        "cmcName": "srcoin"
    },
    "0xfFe8196bc259E8dEDc544d935786Aa4709eC3E64": {
        "name": "Hedge",
        "cmcName": "hedge"
    },
    "0xaE616e72D3d89e847f74E8ace41Ca68bbF56af79": {
        "name": "Good Karma",
        "cmcName": "goodomy"
    },
    "0x999967E2Ec8A74B7c8E9dB19E039d920B31d39D0": {
        "name": "TieToken",
        "cmcName": "tiesdb"
    },
    "0x6745fAB6801e376cD24F03572B9C9B0D4EdDDCcf": {
        "name": "Sense",
        "cmcName": "sense"
    },
    "0x5c543e7AE0A1104f78406C340E9C64FD9fCE5170": {
        "name": "vslice",
        "cmcName": "vslice"
    },
    "0x9720b467a710382A232a32F540bDCed7d662a10B": {
        "name": "Vezt",
        "cmcName": "vezt"
    },
    "0x1B9743f556D65e757c4c650B4555bAF354cB8bd3": {
        "name": "EthBits ETBS Token",
        "cmcName": "ethbits"
    },
    "0x8F0921f30555624143d427b340b1156914882C10": {
        "name": "Flyp.me Token",
        "cmcName": "flypme"
    },
    "0xf05a9382A4C3F29E2784502754293D88b835109C": {
        "name": "REX - Real Estate tokens",
        "cmcName": "imbrex"
    },
    "0x12759512D326303B45f1ceC8F7B6fd96F387778E": {
        "name": "TrakInvest Token",
        "cmcName": "trakinvest"
    },
    "0xb62d18DeA74045E822352CE4B3EE77319DC5ff2F": {
        "name": "EventChain",
        "cmcName": "eventchain"
    },
    "0xe8A1Df958bE379045E2B46a31A98B93A2eCDfDeD": {
        "name": "ESZCoin",
        "cmcName": "ethersportz"
    },
    "0xE2D82Dc7dA0E6f882E96846451F4faBcc8f90528": {
        "name": "Jesus Coin",
        "cmcName": "jesus-coin"
    },
    "0xEee2d00Eb7DEB8Dd6924187f5AA3496B7d06E62A": {
        "name": "Tigereum",
        "cmcName": "tigereum"
    },
    "0x386467F1f3ddbE832448650418311a479EECFC57": {
        "name": "Embers",
        "cmcName": "embers"
    },
    "0xB802b24E0637c2B87D2E8b7784C055BBE921011a": {
        "name": "EthereumMovieVenture",
        "cmcName": "ethereum-movie-venture"
    },
    "0x17fD666fa0784885fa1AFEc8AC624d9b7e72B752": {
        "name": "FLiK",
        "cmcName": "flik"
    },
    "0x138A8752093F4f9a79AaeDF48d4B9248fab93c9C": {
        "name": "Musiconomi",
        "cmcName": "musiconomi"
    },
    "0x2aE965cd3D2B6D186e87D9586FC3BdBfC667cAcC": {
        "name": "GJC",
        "cmcName": "global-jobcoin"
    },
    "0x46492473755e8dF960F8034877F61732D718CE96": {
        "name": "StarCredits",
        "cmcName": "starcredits"
    },
    "0x49AeC0752E68D0282Db544C677f6BA407BA17ED7": {
        "name": "Billionaire Token",
        "cmcName": "billionaire-token"
    },
    "0x0aeF06DcCCC531e581f0440059E6FfCC206039EE": {
        "name": "Intelligent Trading Technologies",
        "cmcName": "intelligent-trading-foundation"
    },
    "0x859a9C0b44cb7066D956a958B0b82e54C9e44b4B": {
        "name": "iEthereum",
        "cmcName": "iethereum"
    },
    "0x7D5Edcd23dAa3fB94317D32aE253eE1Af08Ba14d": {
        "name": "Ethbet",
        "cmcName": "ethbet"
    },
    "0x899338b84D25aC505a332aDCE7402d697D947494": {
        "name": "WCOIN",
        "cmcName": "wawllet"
    },
    "0xB45a50545bEEAB73F38F31E5973768C421805E5E": {
        "name": "TKRToken",
        "cmcName": "trackr"
    },
    "0x814964b1bceAf24e26296D031EaDf134a2Ca4105": {
        "name": "Newbium",
        "cmcName": "newbium"
    },
    "0x336F646F87D9f6bC6Ed42Dd46E8b3fD9DbD15C22": {
        "name": "Crystal Clear Token",
        "cmcName": "crystal-clear"
    },
    "0x73B534fb6F07381a29a60B01eed5ae57D4EE24D7": {
        "name": "SENDERON",
        "cmcName": "senderon"
    },
    "0x662aBcAd0b7f345AB7FfB1b1fbb9Df7894f18e66": {
        "name": "CarTaxi",
        "cmcName": "cartaxi-token"
    },
    "0x6Aac8CB9861E42bf8259F5AbDC6aE3Ae89909E11": {
        "name": "Bitcoin Red",
        "cmcName": "bitcoin-red"
    },
    "0xaEc98A708810414878c3BCDF46Aad31dEd4a4557": {
        "name": "300 Token",
        "cmcName": "300-token"
    },
    "0x679BADc551626e01B23CeecEFBc9B877EA18fc46": {
        "name": "Ccore Token",
        "cmcName": "ccore"
    },
    "0xcC4eF9EEAF656aC1a2Ab886743E98e97E090ed38": {
        "name": "Digital Developers Fund Token",
        "cmcName": "digital-developers-fund"
    },
    "0x07D9e49Ea402194bf48A8276dAfB16E4eD633317": {
        "name": "DALECOIN",
        "cmcName": "dalecoin"
    },
    "0x2233799Ee2683d75dfefAcbCd2A26c78D34b470d": {
        "name": "Network Token",
        "cmcName": "network-token"
    },
    "0x9E77D5a1251b6F7D456722A6eaC6D2d5980bd891": {
        "name": "BRAT RED",
        "cmcName": "brat"
    },
    "0xEe609fE292128Cad03b786DBb9Bc2634Ccdbe7fC": {
        "name": "PoSToken",
        "cmcName": "postoken"
    },
    "0x33f90Dee07c6E8B9682dD20F73E6C358B2ED0f03": {
        "name": "Trident Group",
        "cmcName": "trident"
    },
    "0x27f706edde3aD952EF647Dd67E24e38CD0803DD6": {
        "name": "Useless Ethereum Token",
        "cmcName": "useless-ethereum-token"
    },
    "0xCA29db4221c111888a7e80b12eAc8a266Da3Ee0d": {
        "name": "Boleno",
        "cmcName": "bolenum"
    },
    "0x5046E860ff274fb8c66106B0Ffb8155849fB0787": {
        "name": "JavaScript",
        "cmcName": "javascript-token"
    },
    "0x6cCB56947eA1d6eFdc81ACfbAcd8263DDFa9b202": {
        "name": "Royal Kingdom Coin",
        "cmcName": "royal-kingdom-coin"
    },
    "0x0743392132D1A03a902c477E5A176f256BA3220C": {
        "name": "Coimatic 3.0",
        "cmcName": "coimatic-3"
    },
    "0x5121E348e897dAEf1Eef23959Ab290e5557CF274": {
        "name": "PolyAi",
        "cmcName": "poly-ai"
    },
    "0x9653cFd0865ad8313BEA2f0C2EC0584BFd05115B": {
        "name": "FuturXE",
        "cmcName": "futurexe"
    },
    "0xA9d2927d3a04309E008B6af6E2e282AE2952e7fD": {
        "name": "Zipper",
        "cmcName": "zip"
    },
    "0xd99b8A7fA48E25Cce83B81812220A3E03Bf64e5f": {
        "name": "Skrumble Token",
        "cmcName": "skrumble-network"
    },
    "0xB1eeF147028E9f480DbC5ccaA3277D417D1b85F0": {
        "name": "SeeleToken",
        "cmcName": "seele"
    },
    "0x53066cdDBc0099eb6c96785d9b3DF2AAeEDE5DA3": {
        "name": "Penta Network Token",
        "cmcName": "penta"
    },
    "0x8713d26637CF49e1b6B4a7Ce57106AaBc9325343": {
        "name": "CNN Token",
        "cmcName": "content-neutrality-network"
    },
    "0xEc985525f3f22C7Fa9C9FF4a49e37589A76D86D4": {
        "name": "SGCC",
        "cmcName": "super-game-chain"
    },
    "0xB9bb08AB7E9Fa0A1356bd4A39eC0ca267E03b0b3": {
        "name": "PCHAIN",
        "cmcName": "pchain"
    },
    "0xE1Aee98495365fc179699C1bB3E761FA716beE62": {
        "name": "BezantToken",
        "cmcName": "bezant"
    },
    "0xfe5F141Bf94fE84bC28deD0AB966c16B17490657": {
        "name": "LibraToken",
        "cmcName": "libra-credit"
    },
    "0xf263292e14d9D8ECd55B58dAD1F1dF825a874b7c": {
        "name": "EduCoin",
        "cmcName": "edu-coin"
    },
    "0xA15C7Ebe1f07CaF6bFF097D8a589fb8AC49Ae5B3": {
        "name": "Pundi X Token",
        "cmcName": "pundi-x"
    },
    "0x8B40761142B9aa6dc8964e61D0585995425C3D94": {
        "name": "Tripio Token",
        "cmcName": "tripio"
    },
    "0x3209f98BeBF0149B769ce26D71F7aEA8E435EfEa": {
        "name": "Traxia Membership Token",
        "cmcName": "traxia"
    },
    "0x69c4BB240cF05D51eeab6985Bab35527d04a8C64": {
        "name": "OPEN",
        "cmcName": "open-platform"
    },
    "0x7f121d4EC6c2C07eB6BC7989d91d2d4fF654c068": {
        "name": "CoinMeet",
        "cmcName": "coinmeet"
    },
    "0x58a4884182d9E835597f405e5F258290E46ae7C2": {
        "name": "NOAHCOIN",
        "cmcName": "noah-coin"
    },
    "0x4290563C2D7c255B5EEC87f2D3bD10389f991d68": {
        "name": "UnlimitedIP Token",
        "cmcName": "unlimitedip"
    },
    "0x653430560bE843C4a3D143d0110e896c2Ab8ac0D": {
        "name": "Molecular Future",
        "cmcName": "molecular-future"
    },
    "0x13f25cd52b21650caa8225C9942337d914C9B030": {
        "name": "realchain token",
        "cmcName": "realchain"
    },
    "0x228ba514309FFDF03A81a205a6D040E429d6E80C": {
        "name": "Global Social Chain",
        "cmcName": "global-social-chain"
    },
    "0xf091Cf09c51811819DB705710e9634B8bf18F164": {
        "name": "Couchain",
        "cmcName": "couchain"
    },
    "0xAf8A215e81FAea7C180CE22b72483525121813BD": {
        "name": "Engine Token",
        "cmcName": "engine"
    },
    "0x1b6C5864375b34aF3Ff5Bd2E5f40Bc425B4a8D79": {
        "name": "TopChainCoin",
        "cmcName": "topchain"
    },
    "0xaC0741127CAC11E4455C7943b654bcCeD7FDD5A4": {
        "name": "Ejoy Coin",
        "cmcName": "ejoy"
    },
    "0xb6F43025B29196Af2dddd69b0a58AFBa079cD600": {
        "name": "\u667a\u6295\u94fe",
        "cmcName": "intelligent-investment-chain"
    },
    "0x647F274b3a7248D6CF51b35f08E7E7fD6EdFb271": {
        "name": "Maggie Token",
        "cmcName": "maggie"
    },
    "0x4BFFC9B4d4DcF730820a2EdCAD48Ff5D7E0Ae807": {
        "name": "Influence Chain Token",
        "cmcName": "influence-chain"
    },
    "0x9b4e2B4B13d125238Aa0480dD42B4f6fC71b37CC": {
        "name": "MT Token",
        "cmcName": "mytoken"
    },
    "0xc528c28FEC0A90C083328BC45f587eE215760A0F": {
        "name": "Endor Protocol Token",
        "cmcName": "endor-protocol"
    },
    "0x6ea6531b603F270d23d9EDd2d8279135DC5D6773": {
        "name": "InsurChain Coin",
        "cmcName": "insurchain"
    },
    "0x5dbe296F97B23C4A6AA6183D73e574D02bA5c719": {
        "name": "Level-Up Coin",
        "cmcName": "level-up"
    },
    "0x17e67d1CB4e349B9CA4Bc3e17C7DF2a397A7BB64": {
        "name": "Freyr Coin",
        "cmcName": "freyrchain"
    },
    "0x814F67fA286f7572B041D041b1D99b432c9155Ee": {
        "name": "DRAGON",
        "cmcName": "dragon-coins"
    },
    "0x622CD54dEb2bB7A051515192417109bcF3fe098f": {
        "name": "IPC",
        "cmcName": "ipchain"
    },
    "0x4Cd988AfBad37289BAAf53C13e98E2BD46aAEa8c": {
        "name": "key",
        "cmcName": "key"
    },
    "0xc324a2f6b05880503444451B8b27e6f9e63287Cb": {
        "name": "Exchange Union Coin",
        "cmcName": "exchange-union"
    },
    "0xB5DBC6D3cf380079dF3b27135664b6BCF45D1869": {
        "name": "Omix",
        "cmcName": "shivom"
    },
    "0x093e5C256Ff8B32c7F1377f4C20e331674C77F00": {
        "name": "Dignity",
        "cmcName": "dignity"
    },
    "0x355a458d555151D3B27F94227960Ade1504E526a": {
        "name": "StockChain Coin",
        "cmcName": "stockchain"
    },
    "0xC80c5E40220172B36aDee2c951f26F2a577810C5": {
        "name": "Banker Token",
        "cmcName": "bankera"
    },
    "0x76960Dccd5a1fe799F7c29bE9F19ceB4627aEb2f": {
        "name": "Red Community Token",
        "cmcName": "red"
    },
    "0xC27C95350eCD634C80dF89db0f10cd5c24B7B11f": {
        "name": "PixieCoin",
        "cmcName": "pixie-coin"
    },
    "0x61f33Da40594cEc1E3Dc900FaF99F861D01e2e7D": {
        "name": "Cybereits Token",
        "cmcName": "cybereits"
    },
    "0xFc2C4D8f95002C14eD0a7aA65102Cac9e5953b5E": {
        "name": "Rublix",
        "cmcName": "rublix"
    },
    "0xd7CDdD45629934c2f6ED3B63217bD8085D7C14A8": {
        "name": "AVH",
        "cmcName": "animation-vision-cash"
    },
    "0xCDB7eCFd3403Eef3882c65B761ef9B5054890a47": {
        "name": "Hurify Token",
        "cmcName": "hurify"
    },
    "0xF3b3Cad094B89392fcE5faFD40bC03b80F2Bc624": {
        "name": "PATRON",
        "cmcName": "patron"
    },
    "0x13d0bf45e5F319Fa0B58900807049f23caE7C40D": {
        "name": "\u9605\u8bfb\u5e01",
        "cmcName": "read"
    },
    "0x51ee82641Ac238BDe34B9859f98F5F311d6E4954": {
        "name": "IQT Token",
        "cmcName": "iquant"
    },
    "0xd97579Cea3fE2473682a4C42648134BB982433B9": {
        "name": "Lightcoin",
        "cmcName": "lightchain"
    },
    "0xe7D3e4413E29ae35B0893140F4500965c74365e5": {
        "name": "B2BCoin",
        "cmcName": "b2bcoin"
    },
    "0x26DB5439F651CAF491A87d48799dA81F191bDB6b": {
        "name": "CashBetCoin",
        "cmcName": "cashbet-coin"
    },
    "0xA4eA687A2A7F29cF2dc66B39c68e4411C0D00C49": {
        "name": "IvyKoin Public Network Tokens",
        "cmcName": "ivy"
    },
    "0xF83301c5Cd1CCBB86f466A6B3c53316ED2f8465a": {
        "name": "COMSA",
        "cmcName": "comsa-eth"
    },
    "0x1dEa979ae76f26071870F824088dA78979eb91C8": {
        "name": "SPINDLE",
        "cmcName": "spindle"
    },
    "0x75c5eE419331B6150879530D06f9Ba054755F1DA": {
        "name": "SalPay",
        "cmcName": "salpay"
    },
    "0xCc80C051057B774cD75067Dc48f8987C4Eb97A5e": {
        "name": "Ethfinex Nectar Token",
        "cmcName": "nectar"
    },
    "0xb056c38f6b7Dc4064367403E26424CD2c60655e1": {
        "name": "CEEK",
        "cmcName": "ceek-vr"
    },
    "0xfd1e80508F243E64CE234eA88A5Fd2827c71D4b7": {
        "name": "MEDX TOKEN",
        "cmcName": "medx"
    },
    "0x4de2573e27E648607B50e1Cfff921A33E4A34405": {
        "name": "Lendroid Support Token",
        "cmcName": "lendroid-support-token"
    },
    "0x81b4D08645DA11374a03749AB170836E4e539767": {
        "name": "Paymon Token",
        "cmcName": "paymon"
    },
    "0xB110eC7B1dcb8FAB8dEDbf28f53Bc63eA5BEdd84": {
        "name": "Sphre AIR",
        "cmcName": "sphre-air"
    },
    "0x55296f69f40Ea6d20E478533C15A6B08B654E758": {
        "name": "XY Oracle",
        "cmcName": "xyo-network"
    },
    "0x1e797Ce986C3CFF4472F7D38d5C4aba55DfEFE40": {
        "name": "BCDN",
        "cmcName": "blockcdn"
    },
    "0xF03045a4C8077e38f3B8e2Ed33b8aEE69edF869F": {
        "name": "BlockMesh",
        "cmcName": "blockmesh"
    },
    "0x44F588aEeB8C44471439D1270B3603c66a9262F1": {
        "name": "SnipCoin",
        "cmcName": "snipcoin"
    },
    "0x4f3AfEC4E5a3F2A6a1A411DEF7D7dFe50eE057bF": {
        "name": "Digix Gold Token",
        "cmcName": "digix-gold-token"
    },
    "0x52DB8ebF894036ec997Da693C5fa237A4fb69d10": {
        "name": "Curriculum Vitae",
        "cmcName": "curriculum-vitae"
    },
    "0xd53370AcF66044910BB49CbcfE8f3cD020337f60": {
        "name": "Consensus Token",
        "cmcName": "consensus"
    },
    "0xCe53a179047ebed80261689367c093C90A94cC08": {
        "name": "EDT",
        "cmcName": "etherdelta-token"
    },
    "0x737F98AC8cA59f2C68aD658E3C3d8C8963E40a4c": {
        "name": "Amon",
        "cmcName": "amon"
    },
    "0x6175f6F85339f1e56AFFAc5A68cBf8297969004D": {
        "name": "Shopin Token",
        "cmcName": "shopin"
    },
    "0xbCdfE338D55c061C084D81fD793Ded00A27F226D": {
        "name": "DML Token",
        "cmcName": "decentralized-machine-learning"
    },
    "0x02585E4A14dA274D02dF09b222D4606B10a4E940": {
        "name": "Hero Origen Token",
        "cmcName": "hero"
    },
    "0xCCbf21ba6EF00802AB06637896B799f7101F54A2": {
        "name": "Bubo",
        "cmcName": "budbo"
    },
    "0x2d9765a94FF22e0CA3AfC3E3F4B116dE2b67582a": {
        "name": "CGCOINS",
        "cmcName": "cgc-token"
    },
    "0xE8c09672cfb9cFcE6E2edBB01057d9fa569F97c1": {
        "name": "Indicoin",
        "cmcName": "indicoin"
    },
    "0x036407F23D5E1C1486F7488332CF54bf06E5F09F": {
        "name": "Alphabit",
        "cmcName": "alphabitcoinfund"
    },
    "0x0A76aad21948eA1ef447D26DEe91a54370E151e0": {
        "name": "Ethereum Lite",
        "cmcName": "ethereum-lite"
    },
    "0x16f812Be7FfF02cAF662B85d5d58a5da6572D4Df": {
        "name": "United Traders Token",
        "cmcName": "uttoken"
    },
    "0x2e98A6804E4b6c832ED0ca876a943abD3400b224": {
        "name": "Bela",
        "cmcName": "belacoin"
    },
    "0x219218f117DC9348b358b8471c55A073E5e0dA0b": {
        "name": "Gold Reward Token",
        "cmcName": "gold-reward-token"
    },
    "0xaD6714bd97CBBd29788f8838Bc865ee71b843Eb8": {
        "name": "HODL Bucks",
        "cmcName": "hodl-bucks"
    },
    "0xC3951d77737733174152532e8B0f27e2c4E9F0dC": {
        "name": "Cloud",
        "cmcName": "cloud"
    },
    "0xE0C72452740414d861606a44cCd5eA7f96488278": {
        "name": "EncryptoTel Token",
        "cmcName": "encryptotel-eth"
    },
    "0x6467882316dc6e206FEef05fBa6deaA69277f155": {
        "name": "FAPcoin",
        "cmcName": "fapcoin"
    },
    "0x5e4ABE6419650CA839Ce5BB7Db422b881a6064bB": {
        "name": "Wi Coin",
        "cmcName": "wi-coin"
    },
    "0x449574C69f3A658794829eD81639A7A9ECe041E1": {
        "name": "neo-gold",
        "cmcName": "neo-gold"
    },
    "0x6733D909e10DDedB8d6181b213dE32A30cEac7ed": {
        "name": "BitSerial",
        "cmcName": "bitserial"
    },
    "0xA9Aad2dC3a8315caeee5F458B1d8EDc31D8467BD": {
        "name": "BTCMoon",
        "cmcName": "btcmoon"
    },
    "0x15f173b7aca7Cd4a01d6f8360e65fb4491d270C1": {
        "name": "eREAL",
        "cmcName": "ereal"
    },
    "0xb3203DB25a01fa7950a860B42b899Ad7Da52DDD6": {
        "name": "PlexCoin",
        "cmcName": "plexcoin"
    },
    "0x86949Dc8043A5fD7619A1289d65964aD5ec3D25c": {
        "name": "Gamechain System",
        "cmcName": "gamechain"
    },
    "0xA0aa85b54F8A7b09C845F13a09172B08925f3d54": {
        "name": "SISA Token",
        "cmcName": "sisa"
    },
    "0x0396340f16Bbec973280AB053efc3f208fA37795": {
        "name": "BigONE Token",
        "cmcName": "bigone-token"
    },
    "0xf2EAb3A2034D3f6B63734D2E08262040E3fF7B48": {
        "name": "CANDY",
        "cmcName": "candy"
    },
    "0x1A0F2aB46EC630F9FD638029027b552aFA64b94c": {
        "name": "Aston X",
        "cmcName": "aston"
    },
    "0xC5d105E63711398aF9bbff092d4B6769C82F793D": {
        "name": "BeautyChain",
        "cmcName": ""
    },
    "0xa0872eE815B8dd0F6937386Fd77134720d953581": {
        "name": "EduCoinToken",
        "cmcName": ""
    },
    "0x96c833E43488C986676e9F6B3b8781812629bbb5": {
        "name": "AMMBR",
        "cmcName": ""
    },
    "0xc37B74c1f1d6a0F9a6EbD4Bd846805F899B5E897":{
        "name": "Angelglorycoin",
        "cmcName": "AGC"
    }
}